{
"type": "FeatureCollection",
"name": "gv_non_coperte_grafo2026",
"crs": { "type": "name", "properties": { "name": "urn:ogc:def:crs:OGC:1.3:CRS84" } },
"features": [
{ "type": "Feature", "properties": { "EntityHand": "2000B", "length_m": 457.83990927904739, "coverage_pct": 12.202917316044202 }, "geometry": { "type": "LineString", "coordinates": [ [ 12.456357006130165, 41.900392001146059, 0.0 ], [ 12.456412006130146, 41.900385001146041, 0.0 ], [ 12.456552006130101, 41.900366001146033, 0.0 ], [ 12.45660600613008, 41.90034400114606, 0.0 ], [ 12.456675006130057, 41.900366001146033, 0.0 ], [ 12.456673006130053, 41.900391001146055, 0.0 ], [ 12.456673006130053, 41.900409001146031, 0.0 ], [ 12.456660006130067, 41.900449001146058, 0.0 ], [ 12.456650006130076, 41.900508001146036, 0.0 ], [ 12.456655006130083, 41.900606001146038, 0.0 ], [ 12.456658006130105, 41.900805001146018, 0.0 ], [ 12.456666006130133, 41.901086001145984, 0.0 ], [ 12.456695006130138, 41.901184001145971, 0.0 ], [ 12.456640006130176, 41.901332001145953, 0.0 ], [ 12.456573006130201, 41.90137000114597, 0.0 ], [ 12.456518006130224, 41.90141300114599, 0.0 ], [ 12.456474006130248, 41.901451001145979, 0.0 ], [ 12.456437006130262, 41.901491001145963, 0.0 ], [ 12.456401006130275, 41.901530001145957, 0.0 ], [ 12.456380006130289, 41.901559001145969, 0.0 ], [ 12.456369006130297, 41.901573001145977, 0.0 ], [ 12.456314006130329, 41.901641001145954, 0.0 ], [ 12.456281006130334, 41.90164100114594, 0.0 ], [ 12.456263006130346, 41.901673001145952, 0.0 ], [ 12.456198006130364, 41.901665001145965, 0.0 ], [ 12.456152006130383, 41.901660001145963, 0.0 ], [ 12.456167006130363, 41.901544001145986, 0.0 ], [ 12.45616800613036, 41.901529001145974, 0.0 ], [ 12.456195006130333, 41.901336001145957, 0.0 ], [ 12.456204006130317, 41.901272001145998, 0.0 ], [ 12.456234006130304, 41.901202001145997, 0.0 ], [ 12.456375006130198, 41.900704001146018, 0.0 ], [ 12.456374006130197, 41.900661001146041, 0.0 ], [ 12.456385006130182, 41.900648001146024, 0.0 ], [ 12.45638600613019, 41.900636001146033, 0.0 ], [ 12.456380006130191, 41.900619001146055, 0.0 ], [ 12.45637200613019, 41.900611001146046, 0.0 ], [ 12.456356006130195, 41.900605001146033, 0.0 ], [ 12.456358006130191, 41.900589001146017, 0.0 ], [ 12.456356006130195, 41.900556001146043, 0.0 ], [ 12.456354006130191, 41.900526001146048, 0.0 ], [ 12.456357006130165, 41.900392001146059, 0.0 ] ] } },
{ "type": "Feature", "properties": { "EntityHand": "20024", "length_m": 86.402030995241475, "coverage_pct": 0.0 }, "geometry": { "type": "LineString", "coordinates": [ [ 12.491129006116369, 41.889803001145282, 0.0 ], [ 12.490957006116439, 41.889834001145296, 0.0 ], [ 12.49037400611666, 41.889937001145313, 0.0 ] ] } },
{ "type": "Feature", "properties": { "EntityHand": "2004B", "length_m": 91.056933849751104, "coverage_pct": 15.975322156583612 }, "geometry": { "type": "LineString", "coordinates": [ [ 12.454421006132588, 41.916302001144842, 0.0 ], [ 12.454688006132489, 41.916235001144841, 0.0 ], [ 12.454785006132445, 41.916234001144858, 0.0 ], [ 12.454904006132404, 41.91625500114484, 0.0 ], [ 12.455031006132369, 41.916324001144822, 0.0 ], [ 12.455089006132352, 41.916337001144818, 0.0 ], [ 12.455186006132319, 41.916352001144816, 0.0 ] ] } },
{ "type": "Feature", "properties": { "EntityHand": "2004C", "length_m": 87.318069660996912, "coverage_pct": 15.478532815134841 }, "geometry": { "type": "LineString", "coordinates": [ [ 12.455500006132228, 41.916539001144791, 0.0 ], [ 12.455496006132234, 41.916609001144771, 0.0 ], [ 12.455492006132243, 41.916685001144771, 0.0 ], [ 12.455468006132289, 41.91697300114474, 0.0 ], [ 12.455428006132308, 41.917119001144734, 0.0 ] ] } },
{ "type": "Feature", "properties": { "EntityHand": "20068", "length_m": 62.204930184918297, "coverage_pct": 0.0 }, "geometry": { "type": "LineString", "coordinates": [ [ 12.506302006110522, 41.887022001144835, 0.0 ], [ 12.506319006110511, 41.887015001144825, 0.0 ], [ 12.506332006110517, 41.887011001144806, 0.0 ], [ 12.506816006110318, 41.886859001144799, 0.0 ] ] } },
{ "type": "Feature", "properties": { "EntityHand": "2007E", "length_m": 186.35314818910601, "coverage_pct": 0.0 }, "geometry": { "type": "LineString", "coordinates": [ [ 12.49048700611583, 41.882595001145901, 0.0 ], [ 12.490472006115825, 41.882529001145926, 0.0 ], [ 12.490300006115849, 41.882184001145937, 0.0 ], [ 12.490198006115859, 41.881928001145987, 0.0 ], [ 12.490180006115866, 41.88188400114597, 0.0 ], [ 12.490103006115859, 41.881628001146005, 0.0 ], [ 12.490096006115838, 41.881392001146025, 0.0 ] ] } },
{ "type": "Feature", "properties": { "EntityHand": "2007F", "length_m": 43.073206553821223, "coverage_pct": 0.0 }, "geometry": { "type": "LineString", "coordinates": [ [ 12.49048700611583, 41.882595001145901, 0.0 ], [ 12.49051900611583, 41.882669001145906, 0.0 ], [ 12.490527006115833, 41.88274600114589, 0.0 ], [ 12.490504006115852, 41.882878001145869, 0.0 ] ] } },
{ "type": "Feature", "properties": { "EntityHand": "20080", "length_m": 83.024968255252872, "coverage_pct": 0.0 }, "geometry": { "type": "LineString", "coordinates": [ [ 12.489335006116397, 41.883994001145837, 0.0 ], [ 12.489466006116336, 41.883842001145865, 0.0 ], [ 12.48951300611631, 41.883787001145883, 0.0 ], [ 12.48959500611627, 41.883692001145882, 0.0 ], [ 12.489783006116181, 41.88355400114586, 0.0 ] ] } },
{ "type": "Feature", "properties": { "EntityHand": "2009A", "length_m": 422.01787132304537, "coverage_pct": 17.341059408789299 }, "geometry": { "type": "LineString", "coordinates": [ [ 12.490537006116497, 41.888976001145416, 0.0 ], [ 12.49063200611649, 41.889242001145362, 0.0 ], [ 12.490703006116492, 41.889468001145339, 0.0 ], [ 12.490807006116459, 41.889536001145359, 0.0 ], [ 12.490934006116417, 41.889580001145326, 0.0 ], [ 12.490880006116441, 41.889588001145313, 0.0 ], [ 12.49031700611665, 41.889696001145353, 0.0 ], [ 12.490379006116619, 41.889594001145383, 0.0 ], [ 12.490470006116578, 41.88950400114534, 0.0 ], [ 12.490481006116566, 41.889486001145336, 0.0 ], [ 12.490480006116563, 41.889450001145335, 0.0 ], [ 12.490462006116573, 41.889398001145366, 0.0 ], [ 12.490337006116574, 41.888984001145403, 0.0 ], [ 12.490321006116572, 41.888927001145419, 0.0 ], [ 12.490312006116575, 41.8889120011454, 0.0 ], [ 12.490291006116575, 41.888904001145413, 0.0 ], [ 12.49024700611659, 41.888902001145411, 0.0 ], [ 12.490203006116607, 41.888902001145397, 0.0 ], [ 12.490148006116607, 41.888732001145449, 0.0 ], [ 12.490204006116588, 41.888717001145416, 0.0 ], [ 12.49039600611651, 41.88869000114542, 0.0 ], [ 12.490551006116476, 41.888795001145425, 0.0 ], [ 12.490505006116491, 41.888830001145422, 0.0 ], [ 12.490537006116497, 41.888976001145416, 0.0 ] ] } },
{ "type": "Feature", "properties": { "EntityHand": "2009C", "length_m": 51.290831935928537, "coverage_pct": 0.0 }, "geometry": { "type": "LineString", "coordinates": [ [ 12.490724006116608, 41.890654001145222, 0.0 ], [ 12.491060006116475, 41.890555001145231, 0.0 ], [ 12.491152006116438, 41.890527001145209, 0.0 ] ] } },
{ "type": "Feature", "properties": { "EntityHand": "200A9", "length_m": 44.863075042299585, "coverage_pct": 8.3904902556903842 }, "geometry": { "type": "LineString", "coordinates": [ [ 12.48189500611833, 41.876757001146792, 0.0 ], [ 12.481904006118359, 41.87705700114676, 0.0 ] ] } },
{ "type": "Feature", "properties": { "EntityHand": "200B0", "length_m": 238.23367522686593, "coverage_pct": 9.6493684799849788 }, "geometry": { "type": "LineString", "coordinates": [ [ 12.468265006126106, 41.902812001145307, 0.0 ], [ 12.468237006126126, 41.902954001145311, 0.0 ], [ 12.468215006126163, 41.903240001145278, 0.0 ], [ 12.468292006126163, 41.903422001145266, 0.0 ], [ 12.468408006126142, 41.903641001145246, 0.0 ], [ 12.46879800612607, 41.904318001145164, 0.0 ] ] } },
{ "type": "Feature", "properties": { "EntityHand": "200BF", "length_m": 380.98938948244029, "coverage_pct": 0.0 }, "geometry": { "type": "LineString", "coordinates": [ [ 12.493148006114197, 41.876544001146286, 0.0 ], [ 12.494638006113549, 41.875481001146326, 0.0 ], [ 12.495618006113112, 41.874780001146313, 0.0 ] ] } },
{ "type": "Feature", "properties": { "EntityHand": "200FE", "length_m": 284.65557166682549, "coverage_pct": 0.0 }, "geometry": { "type": "LineString", "coordinates": [ [ 12.475978006123434, 41.904084001144867, 0.0 ], [ 12.47593000612345, 41.904060001144835, 0.0 ], [ 12.475804006123486, 41.904000001144873, 0.0 ], [ 12.475643006123528, 41.903923001144868, 0.0 ], [ 12.476019006123355, 41.903504001144903, 0.0 ], [ 12.476048006123346, 41.903472001144905, 0.0 ], [ 12.476069006123332, 41.903446001144879, 0.0 ], [ 12.476317006123251, 41.903529001144875, 0.0 ], [ 12.476448006123203, 41.903577001144875, 0.0 ], [ 12.476485006123191, 41.903587001144849, 0.0 ], [ 12.476510006123199, 41.903631001144852, 0.0 ], [ 12.476497006123193, 41.903649001144828, 0.0 ], [ 12.476472006123206, 41.903675001144833, 0.0 ], [ 12.476315006123281, 41.903824001144848, 0.0 ], [ 12.476015006123419, 41.904112001144846, 0.0 ], [ 12.475978006123434, 41.904084001144867, 0.0 ] ] } },
{ "type": "Feature", "properties": { "EntityHand": "20105", "length_m": 113.14757793234043, "coverage_pct": 8.9463306337755899 }, "geometry": { "type": "LineString", "coordinates": [ [ 12.468456006127278, 41.914388001144367, 0.0 ], [ 12.468818006127149, 41.914292001144347, 0.0 ], [ 12.469132006127017, 41.914198001144335, 0.0 ], [ 12.469391006126914, 41.914095001144332, 0.0 ] ] } },
{ "type": "Feature", "properties": { "EntityHand": "2010F", "length_m": 108.8218883316724, "coverage_pct": 0.0 }, "geometry": { "type": "LineString", "coordinates": [ [ 12.507207006110004, 41.885312001144904, 0.0 ], [ 12.507112006110065, 41.885517001144891, 0.0 ], [ 12.506940006110121, 41.885477001144906, 0.0 ], [ 12.506790006110172, 41.885436001144924, 0.0 ], [ 12.506691006110204, 41.885396001144912, 0.0 ], [ 12.506648006110215, 41.885333001144943, 0.0 ], [ 12.506619006110215, 41.885232001144949, 0.0 ] ] } },
{ "type": "Feature", "properties": { "EntityHand": "20114", "length_m": 68.079798809037129, "coverage_pct": 0.0 }, "geometry": { "type": "LineString", "coordinates": [ [ 12.507789006109927, 41.886551001144781, 0.0 ], [ 12.50800300610989, 41.886897001144746, 0.0 ], [ 12.508102006109855, 41.886907001144756, 0.0 ] ] } },
{ "type": "Feature", "properties": { "EntityHand": "20138", "length_m": 308.45591838350617, "coverage_pct": 0.0 }, "geometry": { "type": "LineString", "coordinates": [ [ 12.482853006121015, 41.904849001144449, 0.0 ], [ 12.482704006121091, 41.905071001144442, 0.0 ], [ 12.482594006121145, 41.905242001144416, 0.0 ], [ 12.482494006121202, 41.905381001144434, 0.0 ], [ 12.482213006121331, 41.905675001144438, 0.0 ], [ 12.482129006121374, 41.905748001144417, 0.0 ], [ 12.482036006121415, 41.90583400114442, 0.0 ], [ 12.481753006121544, 41.906064001144415, 0.0 ], [ 12.481242006121773, 41.906512001144421, 0.0 ] ] } },
{ "type": "Feature", "properties": { "EntityHand": "20156", "length_m": 121.00756637989446, "coverage_pct": 1.5653833839592384 }, "geometry": { "type": "LineString", "coordinates": [ [ 12.472284006124543, 41.901873001145212, 0.0 ], [ 12.472274006124547, 41.901922001145209, 0.0 ], [ 12.472226006124574, 41.902017001145175, 0.0 ], [ 12.472277006124562, 41.902039001145198, 0.0 ], [ 12.472671006124434, 41.902212001145138, 0.0 ], [ 12.47289400612436, 41.902301001145112, 0.0 ], [ 12.472903006124357, 41.902320001145142, 0.0 ], [ 12.472900006124364, 41.90234300114512, 0.0 ], [ 12.472882006124376, 41.902357001145134, 0.0 ], [ 12.472853006124383, 41.902364001145116, 0.0 ] ] } },
{ "type": "Feature", "properties": { "EntityHand": "20165", "length_m": 2.8756857991992351, "coverage_pct": 0.0 }, "geometry": { "type": "LineString", "coordinates": [ [ 12.507112006110065, 41.885517001144891, 0.0 ], [ 12.507108006110068, 41.885536001144906, 0.0 ] ] } },
{ "type": "Feature", "properties": { "EntityHand": "2017B", "length_m": 174.10988986555734, "coverage_pct": 0.0 }, "geometry": { "type": "LineString", "coordinates": [ [ 12.490250006115645, 41.88007400114612, 0.0 ], [ 12.490012006115682, 41.879629001146185, 0.0 ], [ 12.489730006115742, 41.879207001146234, 0.0 ], [ 12.489570006115779, 41.879029001146257, 0.0 ] ] } },
{ "type": "Feature", "properties": { "EntityHand": "201AC", "length_m": 530.90033461653445, "coverage_pct": 16.42962283778531 }, "geometry": { "type": "LineString", "coordinates": [ [ 12.464376006127484, 41.902508001145513, 0.0 ], [ 12.46422000612754, 41.902506001145518, 0.0 ], [ 12.463630006127758, 41.902500001145548, 0.0 ], [ 12.463103006127948, 41.902494001145591, 0.0 ], [ 12.463067006127966, 41.902494001145556, 0.0 ], [ 12.462965006127998, 41.902492001145582, 0.0 ], [ 12.462781006128061, 41.902490001145601, 0.0 ], [ 12.462756006128073, 41.90249000114558, 0.0 ], [ 12.462014006128337, 41.902482001145614, 0.0 ], [ 12.461950006128365, 41.902482001145614, 0.0 ], [ 12.461487006128529, 41.902477001145655, 0.0 ], [ 12.460901006128742, 41.902470001145666, 0.0 ], [ 12.460688006128818, 41.902465001145693, 0.0 ], [ 12.459675006129187, 41.90243900114573, 0.0 ], [ 12.45960800612921, 41.902437001145735, 0.0 ] ] } },
{ "type": "Feature", "properties": { "EntityHand": "201C3", "length_m": 21.362422336513855, "coverage_pct": 0.0 }, "geometry": { "type": "LineString", "coordinates": [ [ 12.488463006117732, 41.893448001145138, 0.0 ], [ 12.488565006117678, 41.893327001145167, 0.0 ] ] } },
{ "type": "Feature", "properties": { "EntityHand": "20219", "length_m": 197.05699734406534, "coverage_pct": 4.6883381683127308 }, "geometry": { "type": "LineString", "coordinates": [ [ 12.457911006130747, 41.91099700114512, 0.0 ], [ 12.457909006130752, 41.910966001145148, 0.0 ], [ 12.457864006130686, 41.910243001145169, 0.0 ], [ 12.457857006130656, 41.909833001145238, 0.0 ], [ 12.457858006130639, 41.909786001145228, 0.0 ], [ 12.457932006130598, 41.909696001145221, 0.0 ] ] } },
{ "type": "Feature", "properties": { "EntityHand": "20263", "length_m": 213.23210954182889, "coverage_pct": 14.987883184688499 }, "geometry": { "type": "LineString", "coordinates": [ [ 12.459399006131603, 41.923932001144017, 0.0 ], [ 12.459364006131596, 41.923709001144033, 0.0 ], [ 12.459338006131564, 41.923343001144055, 0.0 ], [ 12.459257006131585, 41.923269001144064, 0.0 ], [ 12.45917500613162, 41.923346001144068, 0.0 ], [ 12.459184006131641, 41.923442001144046, 0.0 ], [ 12.459210006131659, 41.923772001144037, 0.0 ], [ 12.459318006131635, 41.923876001144045, 0.0 ], [ 12.459399006131603, 41.923932001144017, 0.0 ] ] } },
{ "type": "Feature", "properties": { "EntityHand": "2028C", "length_m": 120.42991017328505, "coverage_pct": 0.0 }, "geometry": { "type": "LineString", "coordinates": [ [ 12.457824006130307, 41.906585001145508, 0.0 ], [ 12.457683006130361, 41.906588001145487, 0.0 ], [ 12.457676006130352, 41.906512001145508, 0.0 ], [ 12.457662006130354, 41.906448001145485, 0.0 ], [ 12.457659006130342, 41.906355001145499, 0.0 ], [ 12.457765006130261, 41.905973001145547, 0.0 ], [ 12.457769006130258, 41.905897001145561, 0.0 ] ] } },
{ "type": "Feature", "properties": { "EntityHand": "202B3", "length_m": 529.66465177081409, "coverage_pct": 16.188722039190289 }, "geometry": { "type": "LineString", "coordinates": [ [ 12.464385006127456, 41.902268001145536, 0.0 ], [ 12.464230006127506, 41.902267001145553, 0.0 ], [ 12.463085006127928, 41.902228001145588, 0.0 ], [ 12.462959006127967, 41.90222200114561, 0.0 ], [ 12.462788006128035, 41.902216001145618, 0.0 ], [ 12.462754006128042, 41.902215001145613, 0.0 ], [ 12.46202800612831, 41.902190001145655, 0.0 ], [ 12.461932006128331, 41.902186001145665, 0.0 ], [ 12.461471006128507, 41.902171001145696, 0.0 ], [ 12.460705006128778, 41.902144001145722, 0.0 ], [ 12.460618006128815, 41.902141001145729, 0.0 ], [ 12.460545006128836, 41.902139001145713, 0.0 ], [ 12.459689006129146, 41.902109001145774, 0.0 ], [ 12.459632006129164, 41.902107001145751, 0.0 ] ] } },
{ "type": "Feature", "properties": { "EntityHand": "202ED", "length_m": 9.8246159210577648, "coverage_pct": 0.0 }, "geometry": { "type": "LineString", "coordinates": [ [ 12.465322006126859, 41.89987400114569, 0.0 ], [ 12.465410006126833, 41.899879001145678, 0.0 ] ] } },
{ "type": "Feature", "properties": { "EntityHand": "20316", "length_m": 158.22947347158049, "coverage_pct": 0.0 }, "geometry": { "type": "LineString", "coordinates": [ [ 12.476443006123217, 41.903628001144845, 0.0 ], [ 12.476048006123346, 41.903472001144905, 0.0 ], [ 12.476029006123351, 41.903464001144904, 0.0 ], [ 12.475542006123508, 41.903269001144935, 0.0 ], [ 12.475176006123625, 41.903150001144979, 0.0 ] ] } },
{ "type": "Feature", "properties": { "EntityHand": "20341", "length_m": 589.25528369453468, "coverage_pct": 14.33963003892722 }, "geometry": { "type": "LineString", "coordinates": [ [ 12.464382006127472, 41.902384001145535, 0.0 ], [ 12.464225006127524, 41.902381001145514, 0.0 ], [ 12.463634006127737, 41.902368001145554, 0.0 ], [ 12.463112006127927, 41.902357001145567, 0.0 ], [ 12.463076006127942, 41.902356001145606, 0.0 ], [ 12.462947006127978, 41.902353001145592, 0.0 ], [ 12.462760006128056, 41.902349001145588, 0.0 ], [ 12.462738006128065, 41.902349001145602, 0.0 ], [ 12.46202000612832, 41.902333001145621, 0.0 ], [ 12.461945006128351, 41.902331001145626, 0.0 ], [ 12.460953006128703, 41.902309001145682, 0.0 ], [ 12.460904006128724, 41.902308001145684, 0.0 ], [ 12.460698006128803, 41.90230300114569, 0.0 ], [ 12.460607006128827, 41.902301001145695, 0.0 ], [ 12.459684006129169, 41.902280001145776, 0.0 ], [ 12.459618006129189, 41.90227800114576, 0.0 ], [ 12.459194006129348, 41.902269001145775, 0.0 ], [ 12.459163006129357, 41.902269001145783, 0.0 ], [ 12.459091006129388, 41.902267001145781, 0.0 ] ] } },
{ "type": "Feature", "properties": { "EntityHand": "20392", "length_m": 162.22262773327972, "coverage_pct": 12.592928793408134 }, "geometry": { "type": "LineString", "coordinates": [ [ 12.457816006130297, 41.906503001145502, 0.0 ], [ 12.457676006130352, 41.906512001145508, 0.0 ], [ 12.456872006130645, 41.906558001145548, 0.0 ], [ 12.456798006130672, 41.906561001145541, 0.0 ], [ 12.456754006130687, 41.906535001145514, 0.0 ], [ 12.456739006130693, 41.906495001145544, 0.0 ], [ 12.456736006130678, 41.906362001145581, 0.0 ], [ 12.456766006130653, 41.906256001145579, 0.0 ] ] } },
{ "type": "Feature", "properties": { "EntityHand": "203AA", "length_m": 9.1476469723838871, "coverage_pct": 0.0 }, "geometry": { "type": "LineString", "coordinates": [ [ 12.507871006109893, 41.886524001144785, 0.0 ], [ 12.507946006109863, 41.886499001144784, 0.0 ] ] } },
{ "type": "Feature", "properties": { "EntityHand": "203AF", "length_m": 73.628362696232543, "coverage_pct": 0.0 }, "geometry": { "type": "LineString", "coordinates": [ [ 12.507871006109893, 41.886524001144785, 0.0 ], [ 12.508038006109871, 41.88680800114475, 0.0 ], [ 12.508102006109855, 41.886907001144756, 0.0 ], [ 12.508197006109816, 41.886923001144723, 0.0 ] ] } },
{ "type": "Feature", "properties": { "EntityHand": "203D4", "length_m": 181.224000877647, "coverage_pct": 0.0 }, "geometry": { "type": "LineString", "coordinates": [ [ 12.478531006122568, 41.90469200114466, 0.0 ], [ 12.478637006122497, 41.904449001144691, 0.0 ], [ 12.478922006122412, 41.904559001144662, 0.0 ], [ 12.479060006122367, 41.904611001144687, 0.0 ], [ 12.47914800612234, 41.904643001144649, 0.0 ], [ 12.479107006122357, 41.904728001144647, 0.0 ], [ 12.478868006122445, 41.904670001144673, 0.0 ], [ 12.478531006122568, 41.90469200114466, 0.0 ] ] } },
{ "type": "Feature", "properties": { "EntityHand": "203E1", "length_m": 111.80429388166675, "coverage_pct": 0.0 }, "geometry": { "type": "LineString", "coordinates": [ [ 12.483006006120926, 41.904611001144481, 0.0 ], [ 12.482865006121004, 41.904828001144452, 0.0 ], [ 12.482853006121015, 41.904849001144449, 0.0 ], [ 12.48309500612093, 41.904914001144448, 0.0 ], [ 12.483129006120912, 41.90488900114444, 0.0 ], [ 12.483376006120798, 41.904710001144423, 0.0 ] ] } },
{ "type": "Feature", "properties": { "EntityHand": "20418", "length_m": 10.971715043194436, "coverage_pct": 0.0 }, "geometry": { "type": "LineString", "coordinates": [ [ 12.481783006120304, 41.894668001145334, 0.0 ], [ 12.481746006120323, 41.894736001145347, 0.0 ] ] } },
{ "type": "Feature", "properties": { "EntityHand": "20474", "length_m": 8.1389624280579511, "coverage_pct": 0.0 }, "geometry": { "type": "LineString", "coordinates": [ [ 12.50800600610984, 41.886483001144775, 0.0 ], [ 12.508075006109815, 41.886465001144764, 0.0 ] ] } },
{ "type": "Feature", "properties": { "EntityHand": "2049A", "length_m": 1318.0209848758816, "coverage_pct": 19.678491623521403 }, "geometry": { "type": "LineString", "coordinates": [ [ 12.475893006123547, 41.904867001144773, 0.0 ], [ 12.475797006123587, 41.904890001144786, 0.0 ], [ 12.475554006123673, 41.90490500114479, 0.0 ], [ 12.475443006123712, 41.904899001144813, 0.0 ], [ 12.475512006123683, 41.904870001144779, 0.0 ], [ 12.475667006123638, 41.904857001144805, 0.0 ], [ 12.475794006123584, 41.904847001144773, 0.0 ], [ 12.475893006123547, 41.904867001144773, 0.0 ], [ 12.476943006123154, 41.904796001144746, 0.0 ], [ 12.477202006123065, 41.904779001144732, 0.0 ], [ 12.47726400612304, 41.904775001144728, 0.0 ], [ 12.478196006122698, 41.904714001144697, 0.0 ], [ 12.478531006122568, 41.90469200114466, 0.0 ], [ 12.478868006122445, 41.904670001144673, 0.0 ], [ 12.478836006122464, 41.904749001144644, 0.0 ], [ 12.478699006122543, 41.90508000114464, 0.0 ], [ 12.478597006122612, 41.905340001144594, 0.0 ], [ 12.478443006122713, 41.905721001144592, 0.0 ], [ 12.478365006122759, 41.905907001144577, 0.0 ], [ 12.478088006122931, 41.906541001144539, 0.0 ], [ 12.477908006123037, 41.906973001144529, 0.0 ], [ 12.47779000612312, 41.907256001144503, 0.0 ], [ 12.477716006123156, 41.907432001144485, 0.0 ], [ 12.477649006123203, 41.907593001144463, 0.0 ], [ 12.477434006123335, 41.908106001144446, 0.0 ], [ 12.477236006123459, 41.908582001144424, 0.0 ], [ 12.477015006123592, 41.90910900114438, 0.0 ], [ 12.476748006123762, 41.909750001144332, 0.0 ], [ 12.476633006123832, 41.91001900114432, 0.0 ], [ 12.476506006123913, 41.910305001144316, 0.0 ] ] } },
{ "type": "Feature", "properties": { "EntityHand": "204A2", "length_m": 635.21686857518273, "coverage_pct": 14.647009362322402 }, "geometry": { "type": "LineString", "coordinates": [ [ 12.458079006130527, 41.909501001145223, 0.0 ], [ 12.458070006130527, 41.909462001145243, 0.0 ], [ 12.458053006130532, 41.909414001145244, 0.0 ], [ 12.457996006130541, 41.909364001145249, 0.0 ], [ 12.457979006130531, 41.909206001145236, 0.0 ], [ 12.457944006130479, 41.90860200114534, 0.0 ], [ 12.45793900613047, 41.908508001145307, 0.0 ], [ 12.457893006130407, 41.907737001145371, 0.0 ], [ 12.457871006130365, 41.907293001145426, 0.0 ], [ 12.457850006130331, 41.906863001145467, 0.0 ], [ 12.457837006130315, 41.906702001145469, 0.0 ], [ 12.457824006130307, 41.906585001145508, 0.0 ], [ 12.457816006130297, 41.906503001145502, 0.0 ], [ 12.457902006130272, 41.906497001145503, 0.0 ], [ 12.457841006130291, 41.906464001145523, 0.0 ], [ 12.457793006130306, 41.906418001145532, 0.0 ], [ 12.457788006130297, 41.906353001145533, 0.0 ], [ 12.458013006130209, 41.906334001145503, 0.0 ], [ 12.458208006130143, 41.906302001145477, 0.0 ], [ 12.458375006130073, 41.906264001145495, 0.0 ], [ 12.458710006129945, 41.90617300114549, 0.0 ], [ 12.45891600612986, 41.906167001145484, 0.0 ], [ 12.458897006129851, 41.906050001145481, 0.0 ] ] } },
{ "type": "Feature", "properties": { "EntityHand": "204A8", "length_m": 7.0947280897390517, "coverage_pct": 0.0 }, "geometry": { "type": "LineString", "coordinates": [ [ 12.507946006109863, 41.886499001144784, 0.0 ], [ 12.50800600610984, 41.886483001144775, 0.0 ] ] } },
{ "type": "Feature", "properties": { "EntityHand": "204A9", "length_m": 152.72089322003322, "coverage_pct": 11.305024188235969 }, "geometry": { "type": "LineString", "coordinates": [ [ 12.507946006109863, 41.886499001144784, 0.0 ], [ 12.508112006109839, 41.886785001144759, 0.0 ], [ 12.508197006109816, 41.886923001144723, 0.0 ], [ 12.508261006109796, 41.886949001144714, 0.0 ], [ 12.508223006109796, 41.886856001144743, 0.0 ], [ 12.508171006109809, 41.886765001144752, 0.0 ], [ 12.50800600610984, 41.886483001144775, 0.0 ] ] } },
{ "type": "Feature", "properties": { "EntityHand": "204FD", "length_m": 475.04717360725135, "coverage_pct": 0.0 }, "geometry": { "type": "LineString", "coordinates": [ [ 12.490096006115838, 41.881392001146025, 0.0 ], [ 12.490140006115789, 41.881069001146081, 0.0 ], [ 12.490245006115671, 41.880313001146099, 0.0 ], [ 12.490247006115661, 41.880242001146129, 0.0 ], [ 12.490250006115645, 41.88007400114612, 0.0 ], [ 12.490168006115638, 41.879750001146157, 0.0 ], [ 12.490076006115647, 41.879557001146168, 0.0 ], [ 12.489821006115706, 41.87920800114621, 0.0 ], [ 12.489729006115729, 41.879088001146251, 0.0 ], [ 12.489678006115735, 41.878975001146252, 0.0 ], [ 12.489758006115689, 41.87890800114625, 0.0 ], [ 12.489894006115632, 41.878793001146263, 0.0 ], [ 12.489825006115682, 41.878993001146227, 0.0 ], [ 12.489821006115706, 41.87920800114621, 0.0 ] ] } },
{ "type": "Feature", "properties": { "EntityHand": "2051C", "length_m": 13.877900722661352, "coverage_pct": 0.0 }, "geometry": { "type": "LineString", "coordinates": [ [ 12.488161006117853, 41.893547001145102, 0.0 ], [ 12.488177006117839, 41.893519001145116, 0.0 ], [ 12.488183006117836, 41.893490001145132, 0.0 ], [ 12.488172006117845, 41.893458001145149, 0.0 ] ] } },
{ "type": "Feature", "properties": { "EntityHand": "2051F", "length_m": 123.51587321106666, "coverage_pct": 0.0 }, "geometry": { "type": "LineString", "coordinates": [ [ 12.489783006116181, 41.88355400114586, 0.0 ], [ 12.489991006116094, 41.883361001145879, 0.0 ], [ 12.490274006115953, 41.883052001145884, 0.0 ], [ 12.490319006115929, 41.882985001145855, 0.0 ], [ 12.490397006115893, 41.882869001145899, 0.0 ] ] } },
{ "type": "Feature", "properties": { "EntityHand": "20557", "length_m": 127.6882101279717, "coverage_pct": 0.0 }, "geometry": { "type": "LineString", "coordinates": [ [ 12.506816006110318, 41.886859001144799, 0.0 ], [ 12.507509006110043, 41.886635001144818, 0.0 ], [ 12.507789006109927, 41.886551001144781, 0.0 ], [ 12.507871006109893, 41.886524001144785, 0.0 ] ] } },
{ "type": "Feature", "properties": { "EntityHand": "20571", "length_m": 266.48799640937324, "coverage_pct": 0.0 }, "geometry": { "type": "LineString", "coordinates": [ [ 12.483295006120896, 41.905258001144382, 0.0 ], [ 12.483210006120943, 41.905476001144393, 0.0 ], [ 12.483325006120905, 41.905490001144386, 0.0 ], [ 12.483373006120893, 41.905498001144402, 0.0 ], [ 12.483449006120866, 41.905504001144379, 0.0 ], [ 12.483472006120842, 41.905446001144369, 0.0 ], [ 12.483509006120824, 41.90535100114441, 0.0 ], [ 12.483433006120855, 41.905335001144387, 0.0 ], [ 12.483545006120782, 41.905046001144392, 0.0 ], [ 12.483180006120904, 41.904946001144445, 0.0 ], [ 12.483114006120932, 41.904999001144425, 0.0 ], [ 12.482934006121013, 41.905156001144412, 0.0 ], [ 12.483295006120896, 41.905258001144382, 0.0 ] ] } },
{ "type": "Feature", "properties": { "EntityHand": "20579", "length_m": 246.08533752838096, "coverage_pct": 0.0 }, "geometry": { "type": "LineString", "coordinates": [ [ 12.475972006124163, 41.910770001144307, 0.0 ], [ 12.476098006124074, 41.910467001144312, 0.0 ], [ 12.476409006123971, 41.910536001144294, 0.0 ], [ 12.476746006123856, 41.910616001144263, 0.0 ], [ 12.476620006123941, 41.910920001144241, 0.0 ], [ 12.476296006124045, 41.910842001144275, 0.0 ], [ 12.475972006124163, 41.910770001144307, 0.0 ] ] } },
{ "type": "Feature", "properties": { "EntityHand": "20598", "length_m": 270.27177973795955, "coverage_pct": 0.0 }, "geometry": { "type": "LineString", "coordinates": [ [ 12.50709000611014, 41.886164001144863, 0.0 ], [ 12.508026006109816, 41.886325001144812, 0.0 ], [ 12.508069006109807, 41.886330001144813, 0.0 ], [ 12.508096006109781, 41.886260001144791, 0.0 ], [ 12.508125006109763, 41.886184001144805, 0.0 ], [ 12.50809300610978, 41.886178001144813, 0.0 ], [ 12.507126006110111, 41.886020001144864, 0.0 ], [ 12.507107006110132, 41.886096001144857, 0.0 ], [ 12.50709000611014, 41.886164001144863, 0.0 ] ] } },
{ "type": "Feature", "properties": { "EntityHand": "20599", "length_m": 423.44980822228678, "coverage_pct": 0.0 }, "geometry": { "type": "LineString", "coordinates": [ [ 12.507107006110132, 41.886096001144857, 0.0 ], [ 12.508096006109781, 41.886260001144791, 0.0 ], [ 12.508410006109676, 41.886302001144792, 0.0 ], [ 12.50828100610971, 41.886189001144778, 0.0 ], [ 12.508145006109752, 41.886070001144823, 0.0 ], [ 12.507895006109814, 41.885868001144843, 0.0 ], [ 12.507428006109953, 41.885490001144909, 0.0 ], [ 12.507207006110004, 41.885312001144904, 0.0 ], [ 12.507176006110011, 41.885270001144924, 0.0 ], [ 12.507114006110031, 41.885236001144925, 0.0 ], [ 12.506975006110086, 41.885226001144922, 0.0 ], [ 12.506619006110215, 41.885232001144949, 0.0 ], [ 12.506578006110232, 41.885230001144954, 0.0 ] ] } },
{ "type": "Feature", "properties": { "EntityHand": "205B2", "length_m": 370.25619233688059, "coverage_pct": 0.99691999546291676 }, "geometry": { "type": "LineString", "coordinates": [ [ 12.49220400611612, 41.891128001145148, 0.0 ], [ 12.492170006116122, 41.891090001145123, 0.0 ], [ 12.491928006116208, 41.891029001145164, 0.0 ], [ 12.491665006116289, 41.890957001145175, 0.0 ], [ 12.491541006116332, 41.890884001145182, 0.0 ], [ 12.491339006116396, 41.890765001145212, 0.0 ], [ 12.491203006116436, 41.890621001145234, 0.0 ], [ 12.491171006116435, 41.890587001145207, 0.0 ], [ 12.491152006116438, 41.890527001145209, 0.0 ], [ 12.49112600611644, 41.890446001145243, 0.0 ], [ 12.491104006116426, 41.890312001145254, 0.0 ], [ 12.491101006116414, 41.890183001145246, 0.0 ], [ 12.491147006116384, 41.889983001145282, 0.0 ], [ 12.491198006116349, 41.889886001145271, 0.0 ], [ 12.491349006116277, 41.889739001145301, 0.0 ], [ 12.491572006116183, 41.889599001145278, 0.0 ], [ 12.491793006116096, 41.889520001145293, 0.0 ], [ 12.491956006116032, 41.889467001145299, 0.0 ], [ 12.491937006116029, 41.889397001145312, 0.0 ] ] } },
{ "type": "Feature", "properties": { "EntityHand": "205C9", "length_m": 498.85980903099835, "coverage_pct": 0.0 }, "geometry": { "type": "LineString", "coordinates": [ [ 12.476882006123775, 41.910350001144295, 0.0 ], [ 12.476948006123761, 41.910375001144288, 0.0 ], [ 12.477017006123738, 41.910404001144293, 0.0 ], [ 12.47706900612372, 41.910431001144268, 0.0 ], [ 12.477117006123702, 41.910460001144259, 0.0 ], [ 12.477166006123685, 41.910498001144255, 0.0 ], [ 12.477200006123685, 41.910529001144276, 0.0 ], [ 12.477227006123666, 41.910561001144259, 0.0 ], [ 12.477250006123674, 41.910595001144259, 0.0 ], [ 12.477270006123668, 41.910628001144261, 0.0 ], [ 12.477284006123668, 41.910664001144255, 0.0 ], [ 12.477300006123665, 41.910712001144248, 0.0 ], [ 12.477309006123665, 41.91076100114423, 0.0 ], [ 12.477313006123667, 41.910808001144225, 0.0 ], [ 12.477310006123675, 41.910850001144219, 0.0 ], [ 12.477303006123682, 41.910895001144226, 0.0 ], [ 12.477284006123694, 41.910945001144214, 0.0 ], [ 12.477270006123701, 41.910974001144211, 0.0 ], [ 12.477250006123716, 41.911003001144238, 0.0 ], [ 12.477207006123729, 41.911044001144205, 0.0 ], [ 12.477160006123761, 41.911085001144208, 0.0 ], [ 12.477108006123776, 41.911120001144226, 0.0 ], [ 12.477039006123809, 41.911159001144206, 0.0 ], [ 12.476969006123841, 41.911190001144213, 0.0 ], [ 12.476904006123862, 41.911210001144191, 0.0 ], [ 12.476831006123899, 41.911224001144234, 0.0 ], [ 12.476757006123917, 41.91123100114423, 0.0 ], [ 12.476677006123952, 41.911230001144233, 0.0 ], [ 12.476594006123978, 41.911219001144239, 0.0 ], [ 12.476323006124074, 41.911161001144229, 0.0 ], [ 12.476178006124119, 41.911124001144266, 0.0 ], [ 12.475768006124257, 41.911021001144313, 0.0 ], [ 12.475722006124272, 41.911007001144291, 0.0 ], [ 12.475681006124292, 41.910991001144296, 0.0 ], [ 12.475635006124303, 41.910970001144278, 0.0 ], [ 12.475600006124312, 41.910950001144286, 0.0 ], [ 12.475556006124323, 41.910919001144308, 0.0 ], [ 12.475510006124335, 41.910882001144316, 0.0 ], [ 12.475472006124347, 41.910839001144332, 0.0 ], [ 12.47544500612435, 41.910801001144321, 0.0 ], [ 12.475424006124356, 41.91076200114432, 0.0 ], [ 12.475408006124358, 41.910723001144341, 0.0 ], [ 12.475394006124359, 41.910675001144327, 0.0 ], [ 12.475384006124353, 41.910626001144337, 0.0 ], [ 12.475379006124353, 41.910582001144356, 0.0 ], [ 12.475379006124346, 41.910527001144359, 0.0 ], [ 12.475396006124329, 41.910465001144338, 0.0 ], [ 12.47543600612431, 41.910403001144346, 0.0 ], [ 12.475512006124275, 41.910334001144363, 0.0 ], [ 12.475571006124252, 41.910291001144344, 0.0 ], [ 12.475634006124219, 41.910260001144366, 0.0 ], [ 12.475706006124197, 41.910228001144354, 0.0 ], [ 12.47578000612417, 41.91020600114436, 0.0 ], [ 12.47585500612414, 41.91019200114436, 0.0 ], [ 12.475960006124097, 41.910182001144349, 0.0 ], [ 12.476030006124075, 41.910186001144353, 0.0 ], [ 12.476106006124043, 41.91019400114434, 0.0 ] ] } },
{ "type": "Feature", "properties": { "EntityHand": "205F3", "length_m": 106.82714999071389, "coverage_pct": 0.0 }, "geometry": { "type": "LineString", "coordinates": [ [ 12.48309500612093, 41.904914001144448, 0.0 ], [ 12.48308200612094, 41.904951001144461, 0.0 ], [ 12.483114006120932, 41.904999001144425, 0.0 ], [ 12.48343900612082, 41.905084001144402, 0.0 ], [ 12.48338900612085, 41.905219001144403, 0.0 ], [ 12.483324006120897, 41.905397001144387, 0.0 ], [ 12.483354006120891, 41.905432001144398, 0.0 ] ] } },
{ "type": "Feature", "properties": { "EntityHand": "20610", "length_m": 5.8059757332276556, "coverage_pct": 0.0 }, "geometry": { "type": "LineString", "coordinates": [ [ 12.486325006119106, 41.898900001144767, 0.0 ], [ 12.486273006119125, 41.89890300114476, 0.0 ] ] } },
{ "type": "Feature", "properties": { "EntityHand": "2061C", "length_m": 431.2930751767903, "coverage_pct": 0.0 }, "geometry": { "type": "LineString", "coordinates": [ [ 12.478868006122445, 41.904670001144673, 0.0 ], [ 12.478922006122412, 41.904559001144662, 0.0 ], [ 12.478637006122497, 41.904449001144691, 0.0 ], [ 12.478080006122683, 41.90423500114472, 0.0 ], [ 12.477004006123025, 41.903837001144822, 0.0 ], [ 12.476497006123193, 41.903649001144828, 0.0 ], [ 12.476443006123217, 41.903628001144845, 0.0 ], [ 12.476510006123199, 41.903631001144852, 0.0 ], [ 12.476705006123122, 41.903639001144853, 0.0 ], [ 12.476889006123052, 41.903654001144858, 0.0 ], [ 12.477122006122968, 41.903667001144818, 0.0 ], [ 12.477082006122991, 41.903711001144821, 0.0 ], [ 12.477004006123025, 41.903837001144822, 0.0 ] ] } },
{ "type": "Feature", "properties": { "EntityHand": "20631", "length_m": 11.942056760983437, "coverage_pct": 0.0 }, "geometry": { "type": "LineString", "coordinates": [ [ 12.481837006120278, 41.89459900114533, 0.0 ], [ 12.481783006120304, 41.894668001145334, 0.0 ] ] } },
{ "type": "Feature", "properties": { "EntityHand": "20644", "length_m": 83.655442752972533, "coverage_pct": 0.0 }, "geometry": { "type": "LineString", "coordinates": [ [ 12.47443200612387, 41.902899001145002, 0.0 ], [ 12.474322006123927, 41.903070001144997, 0.0 ], [ 12.474773006123776, 41.903225001144939, 0.0 ] ] } },
{ "type": "Feature", "properties": { "EntityHand": "2065B", "length_m": 8.4845621713643471, "coverage_pct": 0.0 }, "geometry": { "type": "LineString", "coordinates": [ [ 12.456908006132508, 41.923835001144141, 0.0 ], [ 12.456969006132477, 41.923801001144142, 0.0 ] ] } },
{ "type": "Feature", "properties": { "EntityHand": "2065E", "length_m": 71.003835789013735, "coverage_pct": 0.0 }, "geometry": { "type": "LineString", "coordinates": [ [ 12.457261006132372, 41.923770001144113, 0.0 ], [ 12.457256006132372, 41.923813001144083, 0.0 ], [ 12.457142006132417, 41.923908001144113, 0.0 ], [ 12.456896006132533, 41.924098001144117, 0.0 ], [ 12.456843006132551, 41.924106001144111, 0.0 ] ] } },
{ "type": "Feature", "properties": { "EntityHand": "2065F", "length_m": 866.01434054020353, "coverage_pct": 8.2987159107871058 }, "geometry": { "type": "LineString", "coordinates": [ [ 12.480181006121626, 41.90158000114485, 0.0 ], [ 12.480114006121672, 41.901740001144837, 0.0 ], [ 12.480070006121702, 41.90184800114482, 0.0 ], [ 12.479820006121855, 41.902418001144795, 0.0 ], [ 12.479799006121867, 41.902472001144822, 0.0 ], [ 12.47955000612202, 41.903045001144761, 0.0 ], [ 12.479493006122054, 41.903188001144748, 0.0 ], [ 12.4792720061222, 41.903720001144713, 0.0 ], [ 12.479236006122216, 41.903813001144719, 0.0 ], [ 12.479106006122302, 41.904142001144692, 0.0 ], [ 12.478922006122412, 41.904559001144662, 0.0 ], [ 12.479060006122367, 41.904611001144687, 0.0 ], [ 12.47914800612234, 41.904643001144649, 0.0 ], [ 12.479172006122337, 41.904651001144643, 0.0 ], [ 12.479700006122158, 41.904840001144606, 0.0 ], [ 12.480455006121911, 41.905120001144546, 0.0 ], [ 12.4805060061219, 41.905140001144538, 0.0 ], [ 12.481291006121644, 41.905439001144487, 0.0 ], [ 12.482082006121383, 41.905726001144423, 0.0 ], [ 12.482129006121374, 41.905748001144417, 0.0 ] ] } },
{ "type": "Feature", "properties": { "EntityHand": "2066C", "length_m": 886.32202791279235, "coverage_pct": 0.0 }, "geometry": { "type": "LineString", "coordinates": [ [ 12.481999006121518, 41.906696001144347, 0.0 ], [ 12.481295006121762, 41.906525001144395, 0.0 ], [ 12.481242006121773, 41.906512001144421, 0.0 ], [ 12.481216006121782, 41.906536001144381, 0.0 ], [ 12.481174006121808, 41.906576001144394, 0.0 ], [ 12.480546006122099, 41.907107001144411, 0.0 ], [ 12.47979800612244, 41.907738001144352, 0.0 ], [ 12.479461006122591, 41.908030001144368, 0.0 ], [ 12.479428006122609, 41.908057001144357, 0.0 ], [ 12.478956006122816, 41.908454001144356, 0.0 ], [ 12.478743006122917, 41.908658001144339, 0.0 ], [ 12.478503006123033, 41.908858001144324, 0.0 ], [ 12.477908006123295, 41.909365001144344, 0.0 ], [ 12.477472006123495, 41.909737001144308, 0.0 ], [ 12.477070006123675, 41.910071001144296, 0.0 ], [ 12.477020006123704, 41.910119001144317, 0.0 ], [ 12.476942006123748, 41.910205001144313, 0.0 ], [ 12.476891006123768, 41.91027900114431, 0.0 ], [ 12.476882006123775, 41.910350001144295, 0.0 ], [ 12.476837006123802, 41.910361001144317, 0.0 ], [ 12.476755006123827, 41.910362001144293, 0.0 ], [ 12.476506006123913, 41.910305001144316, 0.0 ] ] } },
{ "type": "Feature", "properties": { "EntityHand": "20671", "length_m": 1107.1571657788268, "coverage_pct": 0.0 }, "geometry": { "type": "LineString", "coordinates": [ [ 12.489894006115632, 41.878793001146263, 0.0 ], [ 12.489938006115617, 41.87874700114623, 0.0 ], [ 12.490143006115529, 41.878605001146255, 0.0 ], [ 12.490362006115427, 41.878489001146271, 0.0 ], [ 12.49054800611535, 41.878377001146248, 0.0 ], [ 12.49105600611513, 41.878069001146244, 0.0 ], [ 12.491774006114817, 41.877559001146281, 0.0 ], [ 12.492405006114538, 41.877049001146283, 0.0 ], [ 12.492798006114361, 41.876820001146299, 0.0 ], [ 12.493148006114197, 41.876544001146286, 0.0 ], [ 12.492552006114451, 41.876829001146284, 0.0 ], [ 12.492310006114556, 41.8769830011463, 0.0 ], [ 12.492044006114673, 41.877184001146283, 0.0 ], [ 12.491683006114844, 41.877480001146267, 0.0 ], [ 12.491302006115012, 41.877792001146283, 0.0 ], [ 12.490913006115182, 41.878048001146261, 0.0 ], [ 12.490524006115352, 41.87828100114627, 0.0 ], [ 12.490479006115367, 41.878306001146278, 0.0 ], [ 12.490070006115539, 41.878535001146261, 0.0 ], [ 12.489725006115691, 41.87875200114626, 0.0 ], [ 12.48956100611576, 41.878852001146264, 0.0 ], [ 12.489620006115741, 41.878861001146284, 0.0 ], [ 12.489664006115728, 41.878888001146265, 0.0 ], [ 12.489683006115724, 41.878917001146242, 0.0 ], [ 12.489678006115735, 41.878975001146252, 0.0 ], [ 12.48963400611575, 41.879014001146238, 0.0 ], [ 12.489570006115779, 41.879029001146257, 0.0 ], [ 12.489492006115798, 41.879008001146232, 0.0 ], [ 12.489462006115808, 41.878979001146242, 0.0 ], [ 12.489451006115813, 41.878947001146244, 0.0 ], [ 12.489463006115807, 41.878900001146263, 0.0 ], [ 12.489507006115785, 41.878866001146257, 0.0 ], [ 12.48956100611576, 41.878852001146264, 0.0 ] ] } },
{ "type": "Feature", "properties": { "EntityHand": "20672", "length_m": 453.38544657588977, "coverage_pct": 0.0 }, "geometry": { "type": "LineString", "coordinates": [ [ 12.496472006112679, 41.873669001146354, 0.0 ], [ 12.496493006112715, 41.874067001146329, 0.0 ], [ 12.496293006112818, 41.874306001146323, 0.0 ], [ 12.495977006112957, 41.874518001146313, 0.0 ], [ 12.495961006112966, 41.874613001146294, 0.0 ], [ 12.495989006112968, 41.874686001146301, 0.0 ], [ 12.496044006112951, 41.874742001146295, 0.0 ], [ 12.496118006112932, 41.874790001146287, 0.0 ], [ 12.496154006112915, 41.874813001146279, 0.0 ], [ 12.495832006113028, 41.874774001146307, 0.0 ], [ 12.495733006113069, 41.874763001146313, 0.0 ], [ 12.495618006113112, 41.874780001146313, 0.0 ], [ 12.495691006113073, 41.874718001146299, 0.0 ], [ 12.496472006112679, 41.873669001146354, 0.0 ] ] } },
{ "type": "Feature", "properties": { "EntityHand": "20673", "length_m": 26.660198061764582, "coverage_pct": 0.0 }, "geometry": { "type": "LineString", "coordinates": [ [ 12.482436006121263, 41.905740001144416, 0.0 ], [ 12.482213006121331, 41.905675001144438, 0.0 ] ] } },
{ "type": "Feature", "properties": { "EntityHand": "20688", "length_m": 392.32920989589923, "coverage_pct": 8.967555181597044 }, "geometry": { "type": "LineString", "coordinates": [ [ 12.491198006116349, 41.889886001145271, 0.0 ], [ 12.491129006116369, 41.889803001145282, 0.0 ], [ 12.491044006116384, 41.889701001145312, 0.0 ], [ 12.490880006116441, 41.889588001145313, 0.0 ], [ 12.490567006116546, 41.889519001145374, 0.0 ], [ 12.490495006116577, 41.889583001145347, 0.0 ], [ 12.49031700611665, 41.889696001145353, 0.0 ], [ 12.49037400611666, 41.889937001145313, 0.0 ], [ 12.490482006116642, 41.890156001145286, 0.0 ], [ 12.490724006116608, 41.890654001145222, 0.0 ], [ 12.490822006116591, 41.890846001145221, 0.0 ], [ 12.490928006116581, 41.891070001145195, 0.0 ], [ 12.491032006116567, 41.89128100114516, 0.0 ], [ 12.491052006116565, 41.891343001145188, 0.0 ] ] } },
{ "type": "Feature", "properties": { "EntityHand": "206E8", "length_m": 391.68969162114547, "coverage_pct": 11.552556028839913 }, "geometry": { "type": "LineString", "coordinates": [ [ 12.515745006111503, 41.928225001141023, 0.0 ], [ 12.515136006111733, 41.928299001141042, 0.0 ], [ 12.514892006111827, 41.928329001141044, 0.0 ], [ 12.514443006111998, 41.928394001141051, 0.0 ], [ 12.513713006112271, 41.928481001141073, 0.0 ], [ 12.513272006112445, 41.928534001141102, 0.0 ], [ 12.513073006112519, 41.928579001141124, 0.0 ], [ 12.512907006112586, 41.928638001141131, 0.0 ], [ 12.512467006112782, 41.928879001141127, 0.0 ], [ 12.512417006112791, 41.928918001141113, 0.0 ] ] } },
{ "type": "Feature", "properties": { "EntityHand": "206F3", "length_m": 66.407831147956003, "coverage_pct": 16.022294203488777 }, "geometry": { "type": "LineString", "coordinates": [ [ 12.526416006107734, 41.929635001140412, 0.0 ], [ 12.526519006107685, 41.929487001140409, 0.0 ], [ 12.526545006107666, 41.929391001140431, 0.0 ], [ 12.526493006107668, 41.929216001140432, 0.0 ] ] } },
{ "type": "Feature", "properties": { "EntityHand": "206FB", "length_m": 193.92987183984857, "coverage_pct": 11.005452472203526 }, "geometry": { "type": "LineString", "coordinates": [ [ 12.509025006115069, 41.938468001140492, 0.0 ], [ 12.509067006115071, 41.938566001140487, 0.0 ], [ 12.509116006115056, 41.938624001140482, 0.0 ], [ 12.509168006115043, 41.938662001140479, 0.0 ], [ 12.509245006115011, 41.938698001140473, 0.0 ], [ 12.509300006114994, 41.938710001140478, 0.0 ], [ 12.509355006114975, 41.938716001140456, 0.0 ], [ 12.509438006114948, 41.938714001140482, 0.0 ], [ 12.509512006114916, 41.938701001140444, 0.0 ], [ 12.509594006114888, 41.938676001140458, 0.0 ], [ 12.509640006114868, 41.938655001140468, 0.0 ], [ 12.509684006114846, 41.938627001140432, 0.0 ], [ 12.509830006114775, 41.938507001140479, 0.0 ], [ 12.509886006114751, 41.938454001140457, 0.0 ], [ 12.509927006114731, 41.938399001140482, 0.0 ], [ 12.509946006114724, 41.938350001140464, 0.0 ], [ 12.509952006114714, 41.93830000114049, 0.0 ], [ 12.50994400611471, 41.938244001140454, 0.0 ], [ 12.509920006114712, 41.938197001140487, 0.0 ], [ 12.509879006114721, 41.938144001140493, 0.0 ], [ 12.509808006114739, 41.938071001140486, 0.0 ] ] } },
{ "type": "Feature", "properties": { "EntityHand": "2074F", "length_m": 522.29932414700886, "coverage_pct": 0.0 }, "geometry": { "type": "LineString", "coordinates": [ [ 12.476409006123971, 41.910536001144294, 0.0 ], [ 12.476506006123913, 41.910305001144316, 0.0 ], [ 12.476197006124016, 41.910234001144325, 0.0 ], [ 12.476106006124043, 41.91019400114434, 0.0 ], [ 12.476166006124018, 41.910189001144339, 0.0 ], [ 12.476218006124002, 41.910172001144339, 0.0 ], [ 12.476249006123982, 41.910084001144327, 0.0 ], [ 12.476248006123969, 41.90996900114434, 0.0 ], [ 12.476213006123965, 41.909792001144368, 0.0 ], [ 12.476204006123959, 41.90972400114439, 0.0 ], [ 12.47612200612393, 41.909185001144415, 0.0 ], [ 12.476117006123934, 41.909146001144435, 0.0 ], [ 12.476047006123895, 41.90859600114446, 0.0 ], [ 12.476043006123893, 41.908578001144477, 0.0 ], [ 12.475951006123873, 41.908041001144539, 0.0 ], [ 12.475862006123837, 41.907443001144571, 0.0 ], [ 12.47584700612383, 41.907349001144553, 0.0 ] ] } },
{ "type": "Feature", "properties": { "EntityHand": "20780", "length_m": 214.77683574838204, "coverage_pct": 19.656336244024832 }, "geometry": { "type": "LineString", "coordinates": [ [ 12.522307006109532, 41.932286001140383, 0.0 ], [ 12.522156006109576, 41.932145001140405, 0.0 ], [ 12.522200006109554, 41.93214200114042, 0.0 ], [ 12.522264006109534, 41.932114001140405, 0.0 ], [ 12.522311006109511, 41.932081001140382, 0.0 ], [ 12.522632006109363, 41.931850001140404, 0.0 ], [ 12.522881006109264, 41.931683001140392, 0.0 ], [ 12.522991006109208, 41.931609001140401, 0.0 ], [ 12.523006006109199, 41.931562001140414, 0.0 ], [ 12.523017006109193, 41.931531001140414, 0.0 ], [ 12.523029006109178, 41.931447001140413, 0.0 ], [ 12.523062006109177, 41.93149300114041, 0.0 ], [ 12.523258006109115, 41.931644001140377, 0.0 ] ] } },
{ "type": "Feature", "properties": { "EntityHand": "20791", "length_m": 268.64196504145173, "coverage_pct": 7.3414152596636733 }, "geometry": { "type": "LineString", "coordinates": [ [ 12.53128200610362, 41.907964001141941, 0.0 ], [ 12.531319006103599, 41.907944001141942, 0.0 ], [ 12.531354006103584, 41.907924001141943, 0.0 ], [ 12.531407006103564, 41.907887001141944, 0.0 ], [ 12.531534006103506, 41.907768001141974, 0.0 ], [ 12.531728006103405, 41.907536001141985, 0.0 ], [ 12.531964006103287, 41.907202001141968, 0.0 ], [ 12.532173006103164, 41.906780001142018, 0.0 ], [ 12.532301006103086, 41.906518001142018, 0.0 ], [ 12.532392006103036, 41.906391001142012, 0.0 ] ] } },
{ "type": "Feature", "properties": { "EntityHand": "20813", "length_m": 168.70930034130333, "coverage_pct": 0.0 }, "geometry": { "type": "LineString", "coordinates": [ [ 12.529411006104374, 41.908628001141977, 0.0 ], [ 12.529333006104405, 41.908636001141971, 0.0 ], [ 12.529263006104433, 41.908642001141985, 0.0 ], [ 12.529088006104491, 41.908652001142002, 0.0 ], [ 12.528805006104601, 41.908664001142, 0.0 ], [ 12.528512006104705, 41.908653001142035, 0.0 ], [ 12.527899006104928, 41.908627001142051, 0.0 ] ] } },
{ "type": "Feature", "properties": { "EntityHand": "2087C", "length_m": 128.87268719691804, "coverage_pct": 0.0 }, "geometry": { "type": "LineString", "coordinates": [ [ 12.530545006103939, 41.908455001141945, 0.0 ], [ 12.529732006104252, 41.908577001141985, 0.0 ], [ 12.529522006104324, 41.908613001141958, 0.0 ], [ 12.529467006104353, 41.90862000114199, 0.0 ], [ 12.529411006104374, 41.908628001141977, 0.0 ] ] } },
{ "type": "Feature", "properties": { "EntityHand": "20897", "length_m": 16.907835031080616, "coverage_pct": 0.0 }, "geometry": { "type": "LineString", "coordinates": [ [ 12.492484006119428, 41.922791001142564, 0.0 ], [ 12.492486006119439, 41.922904001142534, 0.0 ] ] } },
{ "type": "Feature", "properties": { "EntityHand": "20AD6", "length_m": 233.5245117320203, "coverage_pct": 0.0 }, "geometry": { "type": "LineString", "coordinates": [ [ 12.528223006104824, 41.908737001142029, 0.0 ], [ 12.527767006104991, 41.908714001142052, 0.0 ], [ 12.527101006105232, 41.90868800114211, 0.0 ], [ 12.527033006105253, 41.908681001142085, 0.0 ], [ 12.526942006105283, 41.908668001142111, 0.0 ], [ 12.526821006105324, 41.9086440011421, 0.0 ], [ 12.526937006105282, 41.908646001142074, 0.0 ], [ 12.527031006105247, 41.9086440011421, 0.0 ], [ 12.527212006105183, 41.908633001142078, 0.0 ], [ 12.527506006105076, 41.908610001142065, 0.0 ] ] } },
{ "type": "Feature", "properties": { "EntityHand": "20AD7", "length_m": 332.17066096169475, "coverage_pct": 0.0 }, "geometry": { "type": "LineString", "coordinates": [ [ 12.527033006105253, 41.908681001142085, 0.0 ], [ 12.527021006105265, 41.908789001142068, 0.0 ], [ 12.526992006105317, 41.909151001142078, 0.0 ], [ 12.526994006105332, 41.909256001142019, 0.0 ], [ 12.527021006105338, 41.909400001142032, 0.0 ], [ 12.527089006105319, 41.909494001142029, 0.0 ], [ 12.527216006105284, 41.909581001142001, 0.0 ], [ 12.526946006105382, 41.909562001142007, 0.0 ], [ 12.526766006105452, 41.909571001142012, 0.0 ], [ 12.526790006105406, 41.90925500114205, 0.0 ], [ 12.526796006105389, 41.909134001142057, 0.0 ], [ 12.526814006105349, 41.908779001142086, 0.0 ], [ 12.526821006105324, 41.9086440011421, 0.0 ] ] } },
{ "type": "Feature", "properties": { "EntityHand": "20AF1", "length_m": 224.45401794327691, "coverage_pct": 0.0 }, "geometry": { "type": "LineString", "coordinates": [ [ 12.542504006106636, 41.974230001136014, 0.0 ], [ 12.542598006106596, 41.974147001136011, 0.0 ], [ 12.542829006106489, 41.974017001136005, 0.0 ], [ 12.543064006106391, 41.973859001136027, 0.0 ], [ 12.543167006106344, 41.973771001136058, 0.0 ], [ 12.543256006106297, 41.973680001136017, 0.0 ], [ 12.543337006106258, 41.97356700113604, 0.0 ], [ 12.543384006106237, 41.973444001136038, 0.0 ], [ 12.543415006106198, 41.973315001136044, 0.0 ], [ 12.543426006106186, 41.973214001136071, 0.0 ], [ 12.543436006106164, 41.972992001136085, 0.0 ] ] } },
{ "type": "Feature", "properties": { "EntityHand": "20B9D", "length_m": 128.1768406777168, "coverage_pct": 17.379312862683204 }, "geometry": { "type": "LineString", "coordinates": [ [ 12.535492006105075, 41.935862001139483, 0.0 ], [ 12.535466006105089, 41.935931001139487, 0.0 ], [ 12.535413006105122, 41.936007001139473, 0.0 ], [ 12.535373006105139, 41.936058001139472, 0.0 ], [ 12.535299006105166, 41.936058001139486, 0.0 ], [ 12.535170006105213, 41.936033001139499, 0.0 ], [ 12.535070006105242, 41.936000001139497, 0.0 ], [ 12.53500600610527, 41.93594900113952, 0.0 ], [ 12.534989006105262, 41.935916001139489, 0.0 ], [ 12.535036006105235, 41.935789001139511, 0.0 ], [ 12.535048006105223, 41.935730001139511, 0.0 ], [ 12.535059006105218, 41.93568700113952, 0.0 ], [ 12.535050006105214, 41.935623001139518, 0.0 ] ] } },
{ "type": "Feature", "properties": { "EntityHand": "20BD8", "length_m": 339.80749698174657, "coverage_pct": 0.0 }, "geometry": { "type": "LineString", "coordinates": [ [ 12.581178006090601, 41.957949001135546, 0.0 ], [ 12.581604006090458, 41.958093001135516, 0.0 ], [ 12.581739006090416, 41.958127001135516, 0.0 ], [ 12.581859006090374, 41.958152001135502, 0.0 ], [ 12.581979006090327, 41.958169001135495, 0.0 ], [ 12.582098006090277, 41.958184001135514, 0.0 ], [ 12.582293006090215, 41.958203001135473, 0.0 ], [ 12.582424006090164, 41.958215001135471, 0.0 ], [ 12.582632006090085, 41.958229001135479, 0.0 ], [ 12.583038006089945, 41.958244001135455, 0.0 ], [ 12.583110006089919, 41.958248001135431, 0.0 ], [ 12.58317800608989, 41.958254001135444, 0.0 ], [ 12.583243006089871, 41.958261001135448, 0.0 ], [ 12.583328006089834, 41.958275001135434, 0.0 ], [ 12.583677006089721, 41.958354001135397, 0.0 ], [ 12.584106006089577, 41.958501001135375, 0.0 ] ] } },
{ "type": "Feature", "properties": { "EntityHand": "20C08", "length_m": 148.48302061275476, "coverage_pct": 16.37301901193856 }, "geometry": { "type": "LineString", "coordinates": [ [ 12.542167006104606, 41.954283001137647, 0.0 ], [ 12.542166006104605, 41.95425000113768, 0.0 ], [ 12.542178006104594, 41.954219001137652, 0.0 ], [ 12.542199006104584, 41.954193001137668, 0.0 ], [ 12.542228006104573, 41.954176001137668, 0.0 ], [ 12.542317006104538, 41.954139001137676, 0.0 ], [ 12.542546006104445, 41.954063001137641, 0.0 ], [ 12.542589006104427, 41.954049001137676, 0.0 ], [ 12.542810006104341, 41.953988001137667, 0.0 ], [ 12.54301300610426, 41.953931001137647, 0.0 ], [ 12.543103006104223, 41.953917001137654, 0.0 ], [ 12.543327006104143, 41.953920001137639, 0.0 ] ] } },
{ "type": "Feature", "properties": { "EntityHand": "20C2E", "length_m": 181.59121203655531, "coverage_pct": 0.0 }, "geometry": { "type": "LineString", "coordinates": [ [ 12.568386006091583, 41.923131001138977, 0.0 ], [ 12.568665006091512, 41.92348600113894, 0.0 ], [ 12.568879006091453, 41.923653001138938, 0.0 ], [ 12.569120006091383, 41.923775001138907, 0.0 ], [ 12.569365006091298, 41.92386900113889, 0.0 ], [ 12.569536006091242, 41.923948001138868, 0.0 ] ] } },
{ "type": "Feature", "properties": { "EntityHand": "20C42", "length_m": 88.156324303264839, "coverage_pct": 0.0 }, "geometry": { "type": "LineString", "coordinates": [ [ 12.531327006103645, 41.908362001141924, 0.0 ], [ 12.530545006103939, 41.908455001141945, 0.0 ] ] } },
{ "type": "Feature", "properties": { "EntityHand": "20C60", "length_m": 304.59682890544451, "coverage_pct": 0.0 }, "geometry": { "type": "LineString", "coordinates": [ [ 12.564849006092894, 41.923214001139144, 0.0 ], [ 12.564711006092933, 41.923096001139172, 0.0 ], [ 12.564643006092957, 41.923056001139173, 0.0 ], [ 12.564570006092977, 41.923025001139202, 0.0 ], [ 12.564419006093033, 41.922973001139205, 0.0 ], [ 12.564333006093056, 41.922932001139195, 0.0 ], [ 12.564268006093073, 41.922887001139181, 0.0 ], [ 12.564222006093077, 41.922837001139214, 0.0 ], [ 12.564180006093091, 41.922768001139197, 0.0 ], [ 12.564159006093091, 41.922692001139239, 0.0 ], [ 12.564156006093089, 41.922627001139233, 0.0 ], [ 12.564166006093068, 41.922461001139254, 0.0 ], [ 12.564198006093035, 41.922304001139231, 0.0 ], [ 12.564296006092979, 41.922152001139253, 0.0 ], [ 12.564394006092929, 41.922030001139248, 0.0 ], [ 12.564523006092879, 41.921925001139265, 0.0 ], [ 12.564611006092825, 41.921777001139276, 0.0 ], [ 12.564620006092815, 41.921641001139335, 0.0 ], [ 12.564602006092802, 41.921510001139282, 0.0 ] ] } },
{ "type": "Feature", "properties": { "EntityHand": "20D24", "length_m": 671.2161548688465, "coverage_pct": 4.5428324507774018 }, "geometry": { "type": "LineString", "coordinates": [ [ 12.567489006092586, 41.929397001138533, 0.0 ], [ 12.567246006092693, 41.929631001138503, 0.0 ], [ 12.566907006092864, 41.929951001138519, 0.0 ], [ 12.566815006092904, 41.930035001138471, 0.0 ], [ 12.566585006093009, 41.930211001138503, 0.0 ], [ 12.566474006093051, 41.930274001138478, 0.0 ], [ 12.566154006093193, 41.930412001138514, 0.0 ], [ 12.56549000609346, 41.930647001138524, 0.0 ], [ 12.565251006093554, 41.93071100113854, 0.0 ], [ 12.564125006094002, 41.931003001138556, 0.0 ], [ 12.564088006094019, 41.931009001138541, 0.0 ], [ 12.56405700609403, 41.931013001138552, 0.0 ], [ 12.564016006094043, 41.931016001138566, 0.0 ], [ 12.563979006094062, 41.931015001138583, 0.0 ], [ 12.563940006094066, 41.931012001138548, 0.0 ], [ 12.563903006094085, 41.931006001138556, 0.0 ], [ 12.563867006094091, 41.930997001138557, 0.0 ], [ 12.563826006094112, 41.930980001138551, 0.0 ], [ 12.563778006094127, 41.931019001138573, 0.0 ], [ 12.563768006094138, 41.931027001138567, 0.0 ], [ 12.563735006094145, 41.931053001138544, 0.0 ], [ 12.563708006094165, 41.931071001138577, 0.0 ], [ 12.56368700609417, 41.931082001138556, 0.0 ], [ 12.563663006094181, 41.931092001138552, 0.0 ], [ 12.56360800609421, 41.931110001138563, 0.0 ], [ 12.562906006094485, 41.931290001138571, 0.0 ], [ 12.562805006094521, 41.931318001138571, 0.0 ], [ 12.562702006094561, 41.931353001138575, 0.0 ], [ 12.562673006094577, 41.931365001138602, 0.0 ], [ 12.562646006094585, 41.931376001138581, 0.0 ], [ 12.562617006094598, 41.93139200113859, 0.0 ], [ 12.562575006094614, 41.931419001138579, 0.0 ], [ 12.562545006094638, 41.931444001138573, 0.0 ], [ 12.562501006094649, 41.931482001138605, 0.0 ], [ 12.562448006094687, 41.931539001138589, 0.0 ] ] } },
{ "type": "Feature", "properties": { "EntityHand": "20D4A", "length_m": 408.17792636436644, "coverage_pct": 18.81418781343017 }, "geometry": { "type": "LineString", "coordinates": [ [ 12.574483006089697, 41.92658800113842, 0.0 ], [ 12.57427600608977, 41.926556001138458, 0.0 ], [ 12.574075006089842, 41.926478001138456, 0.0 ], [ 12.573972006089864, 41.926364001138481, 0.0 ], [ 12.573814006089895, 41.926134001138514, 0.0 ], [ 12.573723006089907, 41.92600300113849, 0.0 ], [ 12.573664006089924, 41.925918001138527, 0.0 ], [ 12.573626006089937, 41.925863001138538, 0.0 ], [ 12.573369006090003, 41.925589001138569, 0.0 ], [ 12.573282006090025, 41.92553100113858, 0.0 ], [ 12.573025006090118, 41.925491001138603, 0.0 ], [ 12.572788006090194, 41.925397001138599, 0.0 ], [ 12.572728006090218, 41.925368001138601, 0.0 ], [ 12.572204006090381, 41.925111001138646, 0.0 ], [ 12.571975006090453, 41.925021001138674, 0.0 ], [ 12.571767006090532, 41.924945001138674, 0.0 ] ] } },
{ "type": "Feature", "properties": { "EntityHand": "20D4C", "length_m": 206.5355673811504, "coverage_pct": 13.422905345717142 }, "geometry": { "type": "LineString", "coordinates": [ [ 12.57180200609049, 41.924746001138693, 0.0 ], [ 12.571784006090503, 41.924786001138678, 0.0 ], [ 12.571796006090505, 41.924833001138715, 0.0 ], [ 12.572008006090437, 41.924897001138682, 0.0 ], [ 12.572523006090256, 41.925087001138643, 0.0 ], [ 12.572837006090165, 41.925254001138619, 0.0 ], [ 12.573112006090078, 41.925417001138605, 0.0 ], [ 12.57323300609003, 41.925438001138602, 0.0 ], [ 12.57329800609001, 41.925421001138567, 0.0 ] ] } },
{ "type": "Feature", "properties": { "EntityHand": "20D6E", "length_m": 109.27192229359471, "coverage_pct": 0.0 }, "geometry": { "type": "LineString", "coordinates": [ [ 12.562203006094798, 41.931846001138567, 0.0 ], [ 12.562448006094687, 41.931539001138589, 0.0 ], [ 12.562886006094532, 41.931721001138555, 0.0 ] ] } },
{ "type": "Feature", "properties": { "EntityHand": "20DD0", "length_m": 230.66196442132792, "coverage_pct": 4.0541838242633688 }, "geometry": { "type": "LineString", "coordinates": [ [ 12.621504006073469, 41.93790100113533, 0.0 ], [ 12.62173300607339, 41.937863001135327, 0.0 ], [ 12.622096006073244, 41.937835001135312, 0.0 ], [ 12.622500006073089, 41.937821001135291, 0.0 ], [ 12.622674006073025, 41.937821001135291, 0.0 ], [ 12.622893006072948, 41.937824001135269, 0.0 ], [ 12.6235680060727, 41.937828001135237, 0.0 ] ] } },
{ "type": "Feature", "properties": { "EntityHand": "20E07", "length_m": 147.01115259017928, "coverage_pct": 0.0 }, "geometry": { "type": "LineString", "coordinates": [ [ 12.561933006090106, 41.887304001142226, 0.0 ], [ 12.562248006089892, 41.886409001142269, 0.0 ], [ 12.56226800608988, 41.886353001142297, 0.0 ] ] } },
{ "type": "Feature", "properties": { "EntityHand": "20E73", "length_m": 138.94807599155112, "coverage_pct": 0.0 }, "geometry": { "type": "LineString", "coordinates": [ [ 12.564653006087866, 41.875818001143031, 0.0 ], [ 12.564739006087835, 41.875868001143026, 0.0 ], [ 12.56479200608783, 41.875988001142971, 0.0 ], [ 12.564776006087859, 41.876184001142974, 0.0 ], [ 12.564723006087888, 41.876286001143001, 0.0 ], [ 12.564607006087952, 41.876448001142997, 0.0 ], [ 12.56448300608799, 41.876402001142985, 0.0 ], [ 12.564412006088018, 41.876368001142986, 0.0 ], [ 12.564366006088024, 41.876311001142994, 0.0 ] ] } },
{ "type": "Feature", "properties": { "EntityHand": "20FA8", "length_m": 1688.4001121498811, "coverage_pct": 1.2429621900063925 }, "geometry": { "type": "LineString", "coordinates": [ [ 12.564658006087759, 41.874804001143104, 0.0 ], [ 12.564706006087746, 41.874912001143066, 0.0 ], [ 12.564739006087756, 41.875042001143093, 0.0 ], [ 12.564742006087751, 41.875076001143057, 0.0 ], [ 12.564745006087762, 41.875117001143096, 0.0 ], [ 12.564731006087785, 41.875279001143078, 0.0 ], [ 12.564729006087784, 41.875306001143073, 0.0 ], [ 12.564653006087866, 41.875818001143031, 0.0 ], [ 12.564531006087908, 41.875817001143005, 0.0 ], [ 12.564453006087941, 41.875816001143029, 0.0 ], [ 12.564366006088024, 41.876311001142994, 0.0 ], [ 12.564114006088294, 41.877884001142895, 0.0 ], [ 12.564047006088348, 41.878280001142826, 0.0 ], [ 12.563915006088498, 41.879166001142771, 0.0 ], [ 12.563898006088522, 41.879271001142754, 0.0 ], [ 12.563832006088585, 41.879677001142767, 0.0 ], [ 12.563815006088602, 41.879758001142747, 0.0 ], [ 12.563519006088869, 41.88123700114263, 0.0 ], [ 12.563222006089145, 41.882794001142493, 0.0 ], [ 12.562904006089429, 41.884249001142408, 0.0 ], [ 12.562777006089537, 41.884929001142361, 0.0 ], [ 12.562763006089563, 41.885069001142341, 0.0 ], [ 12.562768006089582, 41.885328001142348, 0.0 ], [ 12.562788006089594, 41.885530001142314, 0.0 ], [ 12.562835006089603, 41.8857410011423, 0.0 ], [ 12.562861006089607, 41.885842001142279, 0.0 ] ] } },
{ "type": "Feature", "properties": { "EntityHand": "20FB9", "length_m": 444.43945296905798, "coverage_pct": 11.248360574739277 }, "geometry": { "type": "LineString", "coordinates": [ [ 12.561202006090229, 41.885957001142323, 0.0 ], [ 12.561462006090135, 41.885939001142333, 0.0 ], [ 12.562111006089891, 41.885897001142318, 0.0 ], [ 12.562674006089679, 41.885861001142281, 0.0 ], [ 12.562861006089607, 41.885842001142279, 0.0 ], [ 12.562884006089604, 41.885976001142254, 0.0 ], [ 12.562925006089623, 41.886185001142252, 0.0 ], [ 12.562946006089621, 41.886301001142243, 0.0 ], [ 12.562842006089666, 41.886310001142263, 0.0 ], [ 12.56226800608988, 41.886353001142297, 0.0 ], [ 12.561370006090213, 41.886426001142297, 0.0 ], [ 12.561252006090264, 41.886436001142293, 0.0 ] ] } },
{ "type": "Feature", "properties": { "EntityHand": "20FC8", "length_m": 454.83907468202403, "coverage_pct": 8.615593096147883 }, "geometry": { "type": "LineString", "coordinates": [ [ 12.478679006114179, 41.82718500115098, 0.0 ], [ 12.476024006115113, 41.826974001151108, 0.0 ], [ 12.475953006115144, 41.826962001151102, 0.0 ], [ 12.475876006115168, 41.826950001151104, 0.0 ], [ 12.475745006115208, 41.826893001151127, 0.0 ], [ 12.475648006115231, 41.826812001151097, 0.0 ], [ 12.47559700611524, 41.826715001151143, 0.0 ], [ 12.475566006115237, 41.826596001151138, 0.0 ], [ 12.475504006115212, 41.826103001151196, 0.0 ] ] } },
{ "type": "Feature", "properties": { "EntityHand": "20FD5", "length_m": 358.50558785028198, "coverage_pct": 19.78639768108965 }, "geometry": { "type": "LineString", "coordinates": [ [ 12.475529006116926, 41.842118001149906, 0.0 ], [ 12.475747006116862, 41.842292001149879, 0.0 ], [ 12.475905006116813, 41.842348001149865, 0.0 ], [ 12.476068006116744, 41.842324001149848, 0.0 ], [ 12.476201006116696, 41.842256001149849, 0.0 ], [ 12.476299006116646, 41.842137001149872, 0.0 ], [ 12.476305006116627, 41.841979001149866, 0.0 ], [ 12.476159006116648, 41.841636001149922, 0.0 ], [ 12.476023006116662, 41.841361001149934, 0.0 ], [ 12.475913006116688, 41.84122100114994, 0.0 ], [ 12.475766006116732, 41.841130001149963, 0.0 ], [ 12.475582006116792, 41.841059001149993, 0.0 ], [ 12.475375006116858, 41.841036001149995, 0.0 ], [ 12.475078006116973, 41.84104500115, 0.0 ] ] } },
{ "type": "Feature", "properties": { "EntityHand": "21002", "length_m": 967.25800076572955, "coverage_pct": 3.6233117055256012 }, "geometry": { "type": "LineString", "coordinates": [ [ 12.671908006047836, 41.87436400113824, 0.0 ], [ 12.672001006047804, 41.874396001138223, 0.0 ], [ 12.672455006047647, 41.874555001138162, 0.0 ], [ 12.672942006047483, 41.874735001138134, 0.0 ], [ 12.673143006047425, 41.874847001138114, 0.0 ], [ 12.673473006047329, 41.875163001138091, 0.0 ], [ 12.673808006047253, 41.875573001138029, 0.0 ], [ 12.674289006047132, 41.87614600113799, 0.0 ], [ 12.674720006047025, 41.876622001137896, 0.0 ], [ 12.674789006047003, 41.876708001137906, 0.0 ], [ 12.675032006046944, 41.876980001137859, 0.0 ], [ 12.675332006046874, 41.877379001137804, 0.0 ], [ 12.675439006046846, 41.87742600113782, 0.0 ], [ 12.675672006046781, 41.877687001137772, 0.0 ], [ 12.675962006046706, 41.878017001137721, 0.0 ], [ 12.676240006046642, 41.878366001137692, 0.0 ], [ 12.676172006046682, 41.878459001137699, 0.0 ], [ 12.676410006046614, 41.878743001137657, 0.0 ], [ 12.676966006046481, 41.879389001137568, 0.0 ] ] } },
{ "type": "Feature", "properties": { "EntityHand": "21003", "length_m": 684.4050477657895, "coverage_pct": 5.4401867944360323 }, "geometry": { "type": "LineString", "coordinates": [ [ 12.685890006044298, 41.890258001136282, 0.0 ], [ 12.685883006044296, 41.890171001136295, 0.0 ], [ 12.685888006044278, 41.890006001136321, 0.0 ], [ 12.685876006044269, 41.889908001136284, 0.0 ], [ 12.685043006044477, 41.888923001136426, 0.0 ], [ 12.684940006044501, 41.888797001136417, 0.0 ], [ 12.684265006044672, 41.888019001136556, 0.0 ], [ 12.683101006044955, 41.886632001136704, 0.0 ], [ 12.682844006045029, 41.88633500113675, 0.0 ] ] } },
{ "type": "Feature", "properties": { "EntityHand": "2102E", "length_m": 661.92992311103467, "coverage_pct": 5.7722838326847885 }, "geometry": { "type": "LineString", "coordinates": [ [ 12.683285006044871, 41.88645800113671, 0.0 ], [ 12.684594006044547, 41.887981001136545, 0.0 ], [ 12.685260006044375, 41.888762001136442, 0.0 ], [ 12.685372006044346, 41.888888001136408, 0.0 ], [ 12.685740006044256, 41.889321001136373, 0.0 ], [ 12.686110006044165, 41.889766001136294, 0.0 ], [ 12.686166006044157, 41.889882001136307, 0.0 ], [ 12.686158006044167, 41.889986001136293, 0.0 ], [ 12.686141006044188, 41.890106001136303, 0.0 ], [ 12.686146006044195, 41.890155001136272, 0.0 ], [ 12.686214006044176, 41.890252001136282, 0.0 ] ] } },
{ "type": "Feature", "properties": { "EntityHand": "210D7", "length_m": 188.21458194806911, "coverage_pct": 0.0 }, "geometry": { "type": "LineString", "coordinates": [ [ 12.676172006046682, 41.878459001137699, 0.0 ], [ 12.675860006046761, 41.878117001137731, 0.0 ], [ 12.675338006046884, 41.877467001137802, 0.0 ], [ 12.675332006046874, 41.877379001137804, 0.0 ] ] } },
{ "type": "Feature", "properties": { "EntityHand": "21131", "length_m": 144.5221209078077, "coverage_pct": 0.64245207286597894 }, "geometry": { "type": "LineString", "coordinates": [ [ 12.519289006105149, 41.881324001144662, 0.0 ], [ 12.519162006105208, 41.881374001144671, 0.0 ], [ 12.519050006105251, 41.88142400114468, 0.0 ], [ 12.518820006105345, 41.881524001144662, 0.0 ], [ 12.51866200610541, 41.881594001144684, 0.0 ], [ 12.518330006105552, 41.88173800114469, 0.0 ], [ 12.518172006105612, 41.881816001144699, 0.0 ] ] } },
{ "type": "Feature", "properties": { "EntityHand": "21195", "length_m": 56.639970782985699, "coverage_pct": 0.0 }, "geometry": { "type": "LineString", "coordinates": [ [ 12.530324006099821, 41.869360001145118, 0.0 ], [ 12.530202006099849, 41.869339001145129, 0.0 ], [ 12.530081006099895, 41.869316001145158, 0.0 ], [ 12.530172006099852, 41.869208001145168, 0.0 ], [ 12.530166006099853, 41.869143001145154, 0.0 ] ] } },
{ "type": "Feature", "properties": { "EntityHand": "211B7", "length_m": 532.63378341770544, "coverage_pct": 0.98630296408399143 }, "geometry": { "type": "LineString", "coordinates": [ [ 12.574633006082642, 41.861490001143736, 0.0 ], [ 12.574570006082661, 41.861422001143715, 0.0 ], [ 12.574489006082683, 41.861376001143746, 0.0 ], [ 12.574307006082751, 41.861368001143752, 0.0 ], [ 12.57273300608332, 41.861327001143849, 0.0 ], [ 12.572189006083526, 41.86133200114385, 0.0 ], [ 12.571822006083663, 41.861325001143868, 0.0 ], [ 12.571367006083829, 41.861262001143906, 0.0 ], [ 12.570920006083968, 41.861101001143915, 0.0 ], [ 12.570345006084159, 41.860832001143997, 0.0 ], [ 12.570102006084243, 41.860753001143998, 0.0 ] ] } },
{ "type": "Feature", "properties": { "EntityHand": "211DC", "length_m": 93.894184915136321, "coverage_pct": 0.0 }, "geometry": { "type": "LineString", "coordinates": [ [ 12.575189006082441, 41.861546001143722, 0.0 ], [ 12.575280006082421, 41.861646001143704, 0.0 ], [ 12.575298006082424, 41.861713001143677, 0.0 ], [ 12.575278006082439, 41.86178100114369, 0.0 ], [ 12.575419006082374, 41.861678001143673, 0.0 ], [ 12.57561300608228, 41.861509001143652, 0.0 ] ] } },
{ "type": "Feature", "properties": { "EntityHand": "21213", "length_m": 251.93851789360116, "coverage_pct": 9.6769103393200968 }, "geometry": { "type": "LineString", "coordinates": [ [ 12.568215006084202, 41.853945001144638, 0.0 ], [ 12.568343006084149, 41.853854001144647, 0.0 ], [ 12.568580006084041, 41.85368700114465, 0.0 ], [ 12.568943006083884, 41.853433001144658, 0.0 ], [ 12.569515006083623, 41.853033001144681, 0.0 ], [ 12.569866006083473, 41.85279200114465, 0.0 ] ] } },
{ "type": "Feature", "properties": { "EntityHand": "2123F", "length_m": 79.531362517792616, "coverage_pct": 0.0 }, "geometry": { "type": "LineString", "coordinates": [ [ 12.575005006082572, 41.862052001143681, 0.0 ], [ 12.575115006082514, 41.861951001143673, 0.0 ], [ 12.575216006082464, 41.861827001143659, 0.0 ], [ 12.575278006082439, 41.86178100114369, 0.0 ], [ 12.57520400608246, 41.86178800114368, 0.0 ], [ 12.575117006082497, 41.861794001143679, 0.0 ], [ 12.575022006082527, 41.861786001143678, 0.0 ] ] } },
{ "type": "Feature", "properties": { "EntityHand": "21242", "length_m": 24.887859571690122, "coverage_pct": 0.0 }, "geometry": { "type": "LineString", "coordinates": [ [ 12.529593006100106, 41.869588001145161, 0.0 ], [ 12.52949600610016, 41.869738001145137, 0.0 ] ] } },
{ "type": "Feature", "properties": { "EntityHand": "212BB", "length_m": 274.55764172480087, "coverage_pct": 5.4428882256173523 }, "geometry": { "type": "LineString", "coordinates": [ [ 12.529767006100018, 41.869340001145162, 0.0 ], [ 12.529936006099927, 41.869112001145183, 0.0 ], [ 12.529984006099898, 41.869042001145182, 0.0 ], [ 12.530166006099853, 41.869143001145154, 0.0 ], [ 12.5303020060998, 41.869191001145147, 0.0 ], [ 12.53049700609974, 41.869261001145126, 0.0 ], [ 12.530324006099821, 41.869360001145118, 0.0 ], [ 12.530042006099935, 41.869537001145119, 0.0 ], [ 12.529382006100219, 41.869912001145153, 0.0 ] ] } },
{ "type": "Feature", "properties": { "EntityHand": "212BC", "length_m": 290.06343048590975, "coverage_pct": 11.275147996793192 }, "geometry": { "type": "LineString", "coordinates": [ [ 12.529767006100018, 41.869340001145162, 0.0 ], [ 12.529593006100106, 41.869588001145161, 0.0 ], [ 12.529710006100061, 41.869523001145147, 0.0 ], [ 12.530081006099895, 41.869316001145158, 0.0 ], [ 12.530064006099911, 41.869381001145136, 0.0 ], [ 12.530011006099933, 41.869443001145129, 0.0 ], [ 12.52966700610008, 41.869645001145123, 0.0 ], [ 12.52949600610016, 41.869738001145137, 0.0 ], [ 12.529382006100219, 41.869912001145153, 0.0 ], [ 12.52912500610033, 41.870077001145141, 0.0 ], [ 12.529054006100353, 41.87002400114514, 0.0 ], [ 12.529000006100379, 41.869977001145145, 0.0 ] ] } },
{ "type": "Feature", "properties": { "EntityHand": "21358", "length_m": 1149.2430489764854, "coverage_pct": 17.879767943210883 }, "geometry": { "type": "LineString", "coordinates": [ [ 12.50940500610929, 41.886116001144742, 0.0 ], [ 12.509418006109289, 41.886179001144733, 0.0 ], [ 12.509424006109295, 41.886236001144752, 0.0 ], [ 12.509403006109311, 41.886297001144733, 0.0 ], [ 12.509328006109353, 41.886485001144713, 0.0 ], [ 12.509335006109358, 41.886544001144699, 0.0 ], [ 12.509363006109352, 41.886587001144704, 0.0 ], [ 12.509416006109344, 41.886644001144695, 0.0 ], [ 12.509058006109461, 41.886535001144722, 0.0 ], [ 12.508723006109575, 41.886470001144737, 0.0 ], [ 12.508491006109661, 41.886433001144759, 0.0 ], [ 12.508284006109731, 41.88644000114477, 0.0 ], [ 12.508075006109815, 41.886465001144764, 0.0 ], [ 12.508410006109676, 41.886302001144792, 0.0 ], [ 12.508507006109635, 41.886274001144777, 0.0 ], [ 12.508667006109576, 41.886227001144775, 0.0 ], [ 12.50886300610949, 41.886160001144759, 0.0 ], [ 12.509052006109419, 41.886092001144775, 0.0 ], [ 12.509090006109401, 41.886076001144758, 0.0 ], [ 12.509124006109394, 41.886058001144768, 0.0 ], [ 12.509163006109363, 41.886035001144769, 0.0 ], [ 12.509198006109354, 41.886010001144754, 0.0 ], [ 12.509329006109297, 41.885902001144764, 0.0 ], [ 12.509403006109258, 41.885797001144766, 0.0 ], [ 12.509497006109205, 41.885682001144751, 0.0 ], [ 12.509627006109147, 41.885561001144779, 0.0 ], [ 12.509629006109154, 41.885616001144783, 0.0 ], [ 12.509638006109171, 41.885836001144753, 0.0 ], [ 12.509720006109156, 41.885879001144758, 0.0 ], [ 12.509778006109133, 41.885907001144744, 0.0 ], [ 12.509825006109113, 41.885923001144739, 0.0 ], [ 12.511337006108619, 41.886392001144635, 0.0 ], [ 12.512537006108213, 41.886764001144556, 0.0 ], [ 12.513934006107753, 41.88720000114445, 0.0 ], [ 12.514095006107693, 41.887239001144451, 0.0 ], [ 12.514264006107641, 41.887249001144433, 0.0 ], [ 12.514400006107584, 41.887244001144431, 0.0 ], [ 12.514593006107507, 41.887242001144408, 0.0 ], [ 12.514863006107406, 41.887239001144394, 0.0 ], [ 12.515039006107346, 41.887226001144384, 0.0 ] ] } },
{ "type": "Feature", "properties": { "EntityHand": "21364", "length_m": 85.84164741300998, "coverage_pct": 3.4884231767694422 }, "geometry": { "type": "LineString", "coordinates": [ [ 12.470969006116437, 41.822095001151744, 0.0 ], [ 12.47115900611638, 41.822252001151718, 0.0 ], [ 12.471310006116337, 41.822341001151699, 0.0 ], [ 12.47152300611627, 41.82249300115167, 0.0 ] ] } },
{ "type": "Feature", "properties": { "EntityHand": "2137D", "length_m": 159.01484312444916, "coverage_pct": 17.895764261514373 }, "geometry": { "type": "LineString", "coordinates": [ [ 12.489360006113158, 41.853990001148297, 0.0 ], [ 12.489434006113118, 41.85394000114831, 0.0 ], [ 12.489473006113112, 41.853938001148279, 0.0 ], [ 12.489499006113107, 41.853955001148286, 0.0 ], [ 12.49024500611289, 41.854493001148185, 0.0 ], [ 12.490287006112883, 41.854522001148226, 0.0 ], [ 12.490296006112874, 41.854540001148202, 0.0 ], [ 12.490288006112882, 41.854561001148198, 0.0 ], [ 12.49021200611292, 41.854614001148207, 0.0 ] ] } },
{ "type": "Feature", "properties": { "EntityHand": "2138B", "length_m": 152.74862372518007, "coverage_pct": 0.0 }, "geometry": { "type": "LineString", "coordinates": [ [ 12.498487006110695, 41.862077001147206, 0.0 ], [ 12.498559006110641, 41.861823001147215, 0.0 ], [ 12.498710006110528, 41.861307001147253, 0.0 ], [ 12.498782006110481, 41.861079001147267, 0.0 ] ] } },
{ "type": "Feature", "properties": { "EntityHand": "2139C", "length_m": 24.56752583692553, "coverage_pct": 0.0 }, "geometry": { "type": "LineString", "coordinates": [ [ 12.493412006111994, 41.856945001147864, 0.0 ], [ 12.49352300611196, 41.856944001147866, 0.0 ], [ 12.493629006111917, 41.856923001147855, 0.0 ] ] } },
{ "type": "Feature", "properties": { "EntityHand": "2139D", "length_m": 65.337405479093675, "coverage_pct": 0.0 }, "geometry": { "type": "LineString", "coordinates": [ [ 12.492787006112172, 41.856464001147927, 0.0 ], [ 12.492868006112142, 41.856399001147928, 0.0 ], [ 12.493112006112064, 41.856562001147914, 0.0 ], [ 12.493122006112062, 41.856583001147925, 0.0 ], [ 12.493090006112078, 41.856609001147909, 0.0 ], [ 12.493032006112095, 41.856627001147913, 0.0 ] ] } },
{ "type": "Feature", "properties": { "EntityHand": "213AA", "length_m": 119.39711558034244, "coverage_pct": 17.977176761290924 }, "geometry": { "type": "LineString", "coordinates": [ [ 12.49808300611072, 41.860916001147338, 0.0 ], [ 12.497771006110776, 41.860422001147398, 0.0 ], [ 12.498094006110669, 41.860500001147365, 0.0 ] ] } },
{ "type": "Feature", "properties": { "EntityHand": "213AB", "length_m": 8259.8627295603892, "coverage_pct": 1.4485594979205789 }, "geometry": { "type": "LineString", "coordinates": [ [ 12.534930006090462, 41.797940001150728, 0.0 ], [ 12.534766006090493, 41.797717001150758, 0.0 ], [ 12.534690006090509, 41.797558001150769, 0.0 ], [ 12.534634006090508, 41.797383001150827, 0.0 ], [ 12.534635006090486, 41.797206001150826, 0.0 ], [ 12.534636006090468, 41.797039001150821, 0.0 ], [ 12.534633006090463, 41.796981001150833, 0.0 ], [ 12.534615006090448, 41.796696001150828, 0.0 ], [ 12.534600006090388, 41.796168001150868, 0.0 ], [ 12.534610006090356, 41.79589500115091, 0.0 ], [ 12.534771006090288, 41.795871001150878, 0.0 ], [ 12.534967006090215, 41.795813001150904, 0.0 ], [ 12.535082006090173, 41.795776001150898, 0.0 ], [ 12.535195006090122, 41.795719001150879, 0.0 ], [ 12.536827006089428, 41.794795001150909, 0.0 ], [ 12.538476006088713, 41.793824001150909, 0.0 ], [ 12.539307006088348, 41.793338001150893, 0.0 ], [ 12.540854006087688, 41.792459001150888, 0.0 ], [ 12.541635006087359, 41.792029001150894, 0.0 ], [ 12.543030006086767, 41.791263001150888, 0.0 ], [ 12.544567006086103, 41.790418001150869, 0.0 ], [ 12.544865006085978, 41.790262001150872, 0.0 ], [ 12.545112006085873, 41.790161001150885, 0.0 ], [ 12.545528006085712, 41.790033001150867, 0.0 ], [ 12.54649500608533, 41.789764001150843, 0.0 ], [ 12.547303006085013, 41.78954000115084, 0.0 ], [ 12.547778006084821, 41.789408001150811, 0.0 ], [ 12.548653006084475, 41.789169001150796, 0.0 ], [ 12.549640006084074, 41.788899001150774, 0.0 ], [ 12.55145000608335, 41.788399001150729, 0.0 ], [ 12.551708006083253, 41.788339001150732, 0.0 ], [ 12.552081006083117, 41.788304001150699, 0.0 ], [ 12.552384006083003, 41.788284001150707, 0.0 ], [ 12.552587006082927, 41.788263001150696, 0.0 ], [ 12.5529130060828, 41.788214001150685, 0.0 ], [ 12.553251006082665, 41.788126001150658, 0.0 ], [ 12.554804006082048, 41.787647001150624, 0.0 ], [ 12.554863006082016, 41.787629001150663, 0.0 ], [ 12.555260006081863, 41.78750100115063, 0.0 ], [ 12.555710006081675, 41.787365001150619, 0.0 ], [ 12.555868006081612, 41.787315001150596, 0.0 ], [ 12.556516006081361, 41.787108001150607, 0.0 ], [ 12.556838006081231, 41.787011001150603, 0.0 ], [ 12.556904006081202, 41.786992001150608, 0.0 ], [ 12.557057006081138, 41.786947001150594, 0.0 ], [ 12.557768006080867, 41.786854001150552, 0.0 ], [ 12.557999006080772, 41.786798001150572, 0.0 ], [ 12.558207006080686, 41.786720001150591, 0.0 ], [ 12.558316006080636, 41.786619001150555, 0.0 ], [ 12.558399006080592, 41.786479001150568, 0.0 ], [ 12.558582006080497, 41.786160001150591, 0.0 ], [ 12.558665006080449, 41.786017001150583, 0.0 ], [ 12.558797006080377, 41.785786001150626, 0.0 ], [ 12.558863006080339, 41.785671001150646, 0.0 ], [ 12.559018006080256, 41.785427001150651, 0.0 ], [ 12.559367006080086, 41.785010001150631, 0.0 ], [ 12.559849006079849, 41.784514001150661, 0.0 ], [ 12.560178006079692, 41.784162001150683, 0.0 ], [ 12.560309006079621, 41.783975001150679, 0.0 ], [ 12.560348006079598, 41.783845001150709, 0.0 ], [ 12.560372006079572, 41.783733001150708, 0.0 ], [ 12.560412006079545, 41.783568001150726, 0.0 ], [ 12.560452006079519, 41.783493001150703, 0.0 ], [ 12.560544006079484, 41.783432001150743, 0.0 ], [ 12.560666006079424, 41.7833730011507, 0.0 ], [ 12.560984006079297, 41.783306001150699, 0.0 ], [ 12.561204006079217, 41.783259001150704, 0.0 ], [ 12.56149700607909, 41.783159001150707, 0.0 ], [ 12.562436006078688, 41.782596001150687, 0.0 ], [ 12.562590006078628, 41.782529001150706, 0.0 ], [ 12.562709006078576, 41.782478001150707, 0.0 ], [ 12.562975006078473, 41.78241300115068, 0.0 ], [ 12.563319006078347, 41.782404001150681, 0.0 ], [ 12.563772006078192, 41.782502001150654, 0.0 ], [ 12.564178006078048, 41.782604001150624, 0.0 ], [ 12.564584006077913, 41.7827120011506, 0.0 ], [ 12.564852006077817, 41.782769001150577, 0.0 ], [ 12.564999006077764, 41.782799001150586, 0.0 ], [ 12.565304006077653, 41.782783001150577, 0.0 ], [ 12.566526006077176, 41.782595001150504, 0.0 ], [ 12.567587006076771, 41.782451001150498, 0.0 ], [ 12.56795600607663, 41.782404001150447, 0.0 ], [ 12.568212006076541, 41.782375001150456, 0.0 ], [ 12.568418006076461, 41.782402001150423, 0.0 ], [ 12.568606006076411, 41.782512001150444, 0.0 ], [ 12.568712006076373, 41.782586001150413, 0.0 ], [ 12.568768006076368, 41.782701001150393, 0.0 ], [ 12.568807006076364, 41.78279900115038, 0.0 ], [ 12.568826006076362, 41.78284400115038, 0.0 ], [ 12.568885006076378, 41.783213001150351, 0.0 ], [ 12.568902006076391, 41.783361001150325, 0.0 ], [ 12.568918006076393, 41.783506001150336, 0.0 ], [ 12.568936006076402, 41.783672001150308, 0.0 ], [ 12.569078006076452, 41.78464000115023, 0.0 ], [ 12.569155006076494, 41.785245001150187, 0.0 ], [ 12.569230006076523, 41.785768001150139, 0.0 ], [ 12.56927400607653, 41.786044001150088, 0.0 ], [ 12.569310006076538, 41.786218001150083, 0.0 ], [ 12.569350006076537, 41.786329001150051, 0.0 ], [ 12.569424006076531, 41.786530001150069, 0.0 ], [ 12.569574006076515, 41.786906001150015, 0.0 ], [ 12.569923006076479, 41.787764001149945, 0.0 ], [ 12.570090006076461, 41.788175001149902, 0.0 ], [ 12.570605006076409, 41.789454001149764, 0.0 ], [ 12.570738006076388, 41.789698001149745, 0.0 ], [ 12.570828006076367, 41.789824001149725, 0.0 ], [ 12.570909006076347, 41.789884001149737, 0.0 ], [ 12.571033006076306, 41.789986001149714, 0.0 ], [ 12.571289006076233, 41.790139001149683, 0.0 ], [ 12.571678006076114, 41.790377001149658, 0.0 ], [ 12.57194000607603, 41.790532001149622, 0.0 ], [ 12.572144006075977, 41.790701001149593, 0.0 ], [ 12.57229700607593, 41.790836001149565, 0.0 ], [ 12.572472006075893, 41.791053001149557, 0.0 ], [ 12.573223006075709, 41.791996001149435, 0.0 ], [ 12.573974006075531, 41.792911001149335, 0.0 ], [ 12.574116006075505, 41.793055001149341, 0.0 ], [ 12.574250006075454, 41.793150001149293, 0.0 ], [ 12.574402006075406, 41.793242001149281, 0.0 ], [ 12.574606006075344, 41.793330001149251, 0.0 ], [ 12.574797006075281, 41.793404001149256, 0.0 ], [ 12.576140006074807, 41.793624001149169, 0.0 ], [ 12.577463006074344, 41.793842001149052, 0.0 ], [ 12.577886006074193, 41.793912001149067, 0.0 ], [ 12.578169006074106, 41.794004001149055, 0.0 ], [ 12.578344006074044, 41.794093001149037, 0.0 ], [ 12.578517006073993, 41.794204001149012, 0.0 ], [ 12.578625006073962, 41.794264001149003, 0.0 ], [ 12.578772006073912, 41.794345001149011, 0.0 ], [ 12.57888600607388, 41.79437900114899, 0.0 ], [ 12.579056006073818, 41.794400001148986, 0.0 ], [ 12.579159006073775, 41.794405001148959, 0.0 ], [ 12.579275006073733, 41.794403001148972, 0.0 ], [ 12.57940600607369, 41.794384001148956, 0.0 ], [ 12.579558006073624, 41.794332001148966, 0.0 ], [ 12.579699006073565, 41.794262001148972, 0.0 ], [ 12.57982400607351, 41.794170001148956, 0.0 ], [ 12.579943006073444, 41.794042001148959, 0.0 ], [ 12.580048006073399, 41.793900001148977, 0.0 ], [ 12.580138006073357, 41.793832001148957, 0.0 ], [ 12.5802710060733, 41.793775001148973, 0.0 ], [ 12.580403006073245, 41.79375200114896, 0.0 ], [ 12.580571006073187, 41.793757001148954, 0.0 ], [ 12.580803006073111, 41.793801001148971, 0.0 ], [ 12.581082006073013, 41.793867001148932, 0.0 ], [ 12.581246006072956, 41.793932001148924, 0.0 ], [ 12.581456006072889, 41.794047001148883, 0.0 ], [ 12.581621006072838, 41.794141001148873, 0.0 ], [ 12.581855006072765, 41.794241001148855, 0.0 ], [ 12.582054006072701, 41.794302001148871, 0.0 ], [ 12.582259006072629, 41.794354001148818, 0.0 ], [ 12.582735006072461, 41.794462001148794, 0.0 ], [ 12.58365600607214, 41.794644001148754, 0.0 ], [ 12.584010006072013, 41.79471600114875, 0.0 ], [ 12.584196006071958, 41.794773001148705, 0.0 ], [ 12.584361006071896, 41.79484500114868, 0.0 ], [ 12.584585006071837, 41.794993001148669, 0.0 ], [ 12.585847006071443, 41.795741001148535, 0.0 ], [ 12.587301006071002, 41.796596001148401, 0.0 ] ] } },
{ "type": "Feature", "properties": { "EntityHand": "213B6", "length_m": 617.94962607951311, "coverage_pct": 0.0 }, "geometry": { "type": "LineString", "coordinates": [ [ 12.497182006111638, 41.866407001146925, 0.0 ], [ 12.497375006111497, 41.865777001146967, 0.0 ], [ 12.497448006111442, 41.865502001146979, 0.0 ], [ 12.497489006111408, 41.865368001146962, 0.0 ], [ 12.497945006111085, 41.863827001147101, 0.0 ], [ 12.498401006110763, 41.862374001147202, 0.0 ] ] } },
{ "type": "Feature", "properties": { "EntityHand": "213C1", "length_m": 966.94970118413448, "coverage_pct": 2.1272677405801743 }, "geometry": { "type": "LineString", "coordinates": [ [ 12.495926006112169, 41.867087001146928, 0.0 ], [ 12.495986006112119, 41.866809001146947, 0.0 ], [ 12.496096006112044, 41.866477001146976, 0.0 ], [ 12.496114006112025, 41.866429001146955, 0.0 ], [ 12.496182006111992, 41.866231001146978, 0.0 ], [ 12.49639000611184, 41.865541001147029, 0.0 ], [ 12.496411006111822, 41.865480001147034, 0.0 ], [ 12.496421006111813, 41.865444001147033, 0.0 ], [ 12.496429006111802, 41.865416001147047, 0.0 ], [ 12.496437006111805, 41.86539000114702, 0.0 ], [ 12.496462006111786, 41.865300001147041, 0.0 ], [ 12.496596006111684, 41.864830001147077, 0.0 ], [ 12.496593006111677, 41.86477700114709, 0.0 ], [ 12.496579006111686, 41.864755001147095, 0.0 ], [ 12.496577006111675, 41.864723001147084, 0.0 ], [ 12.496676006111615, 41.864453001147076, 0.0 ], [ 12.496729006111575, 41.864254001147124, 0.0 ], [ 12.496911006111455, 41.863751001147143, 0.0 ], [ 12.496953006111427, 41.863651001147119, 0.0 ], [ 12.49700100611139, 41.86350700114717, 0.0 ], [ 12.49714600611129, 41.863030001147166, 0.0 ], [ 12.497346006111144, 41.862350001147227, 0.0 ], [ 12.497755006110848, 41.861002001147341, 0.0 ], [ 12.498047006110752, 41.861052001147307, 0.0 ] ] } },
{ "type": "Feature", "properties": { "EntityHand": "213D6", "length_m": 77.58729289224928, "coverage_pct": 18.979922111991016 }, "geometry": { "type": "LineString", "coordinates": [ [ 12.498332006110681, 41.861488001147265, 0.0 ], [ 12.498490006110643, 41.861589001147244, 0.0 ], [ 12.498430006110688, 41.861800001147252, 0.0 ], [ 12.49823200611076, 41.861816001147233, 0.0 ] ] } },
{ "type": "Feature", "properties": { "EntityHand": "213D7", "length_m": 14.765989601473759, "coverage_pct": 0.0 }, "geometry": { "type": "LineString", "coordinates": [ [ 12.498430006110688, 41.861800001147252, 0.0 ], [ 12.498559006110641, 41.861823001147215, 0.0 ] ] } },
{ "type": "Feature", "properties": { "EntityHand": "213D9", "length_m": 179.36802641617936, "coverage_pct": 0.0 }, "geometry": { "type": "LineString", "coordinates": [ [ 12.49457900611166, 41.857772001147737, 0.0 ], [ 12.494479006111685, 41.857700001147748, 0.0 ], [ 12.493882006111861, 41.85725900114781, 0.0 ], [ 12.493542006111959, 41.857031001147867, 0.0 ], [ 12.493412006111994, 41.856945001147864, 0.0 ] ] } },
{ "type": "Feature", "properties": { "EntityHand": "213DA", "length_m": 401.69479138192861, "coverage_pct": 0.17198407147389336 }, "geometry": { "type": "LineString", "coordinates": [ [ 12.493542006111959, 41.857031001147867, 0.0 ], [ 12.493537006111962, 41.856991001147868, 0.0 ], [ 12.493554006111946, 41.856956001147843, 0.0 ], [ 12.493629006111917, 41.856923001147855, 0.0 ], [ 12.494485006111669, 41.857526001147761, 0.0 ], [ 12.494526006111659, 41.857571001147768, 0.0 ], [ 12.494553006111653, 41.857633001147747, 0.0 ], [ 12.49457300611166, 41.857703001147748, 0.0 ], [ 12.49457900611166, 41.857772001147737, 0.0 ], [ 12.494973006111543, 41.858044001147704, 0.0 ], [ 12.49505600611152, 41.858041001147711, 0.0 ], [ 12.495088006111505, 41.858052001147691, 0.0 ], [ 12.495109006111495, 41.858080001147677, 0.0 ], [ 12.495099006111511, 41.858132001147681, 0.0 ], [ 12.495616006111357, 41.858484001147637, 0.0 ], [ 12.495879006111283, 41.858669001147597, 0.0 ], [ 12.49592000611127, 41.858700001147604, 0.0 ] ] } },
{ "type": "Feature", "properties": { "EntityHand": "213EF", "length_m": 13.328411718075515, "coverage_pct": 0.0 }, "geometry": { "type": "LineString", "coordinates": [ [ 12.494553006111653, 41.857633001147747, 0.0 ], [ 12.494530006111669, 41.85767000114776, 0.0 ], [ 12.494479006111685, 41.857700001147748, 0.0 ] ] } },
{ "type": "Feature", "properties": { "EntityHand": "21486", "length_m": 492.60960102632765, "coverage_pct": 12.205628668807622 }, "geometry": { "type": "LineString", "coordinates": [ [ 12.492469006112263, 41.856209001147967, 0.0 ], [ 12.491779006112459, 41.855726001148035, 0.0 ], [ 12.491643006112501, 41.855629001148017, 0.0 ], [ 12.491094006112668, 41.855268001148104, 0.0 ], [ 12.490319006112884, 41.854699001148191, 0.0 ], [ 12.490260006112901, 41.854647001148187, 0.0 ], [ 12.49021200611292, 41.854614001148207, 0.0 ], [ 12.489360006113158, 41.853990001148297, 0.0 ], [ 12.489274006113188, 41.853930001148306, 0.0 ] ] } },
{ "type": "Feature", "properties": { "EntityHand": "214BE", "length_m": 50.631622470615653, "coverage_pct": 0.0 }, "geometry": { "type": "LineString", "coordinates": [ [ 12.493412006111994, 41.856945001147864, 0.0 ], [ 12.493091006112088, 41.856705001147894, 0.0 ] ] } },
{ "type": "Feature", "properties": { "EntityHand": "214C2", "length_m": 86.25716012683192, "coverage_pct": 0.0 }, "geometry": { "type": "LineString", "coordinates": [ [ 12.493122006112062, 41.856583001147925, 0.0 ], [ 12.493132006112059, 41.856614001147889, 0.0 ], [ 12.493102006112075, 41.856654001147881, 0.0 ], [ 12.493091006112088, 41.856705001147894, 0.0 ], [ 12.493032006112095, 41.856627001147913, 0.0 ], [ 12.492787006112172, 41.856464001147927, 0.0 ], [ 12.492719006112194, 41.85643400114791, 0.0 ], [ 12.492653006112219, 41.856410001147921, 0.0 ] ] } },
{ "type": "Feature", "properties": { "EntityHand": "214CB", "length_m": 852.1498911046624, "coverage_pct": 0.0 }, "geometry": { "type": "LineString", "coordinates": [ [ 12.525352006099327, 41.847856001147122, 0.0 ], [ 12.525691006099171, 41.847557001147116, 0.0 ], [ 12.526239006098919, 41.847074001147128, 0.0 ], [ 12.5262790060989, 41.847036001147153, 0.0 ], [ 12.52643200609883, 41.846900001147148, 0.0 ], [ 12.526488006098804, 41.846852001147134, 0.0 ], [ 12.527442006098372, 41.846008001147162, 0.0 ], [ 12.528207006098006, 41.845332001147192, 0.0 ], [ 12.528270006097976, 41.845276001147191, 0.0 ], [ 12.529195006097554, 41.844458001147231, 0.0 ], [ 12.529227006097535, 41.844430001147209, 0.0 ], [ 12.529849006097251, 41.843869001147247, 0.0 ], [ 12.530094006097139, 41.843649001147234, 0.0 ], [ 12.530192006097089, 41.843560001147253, 0.0 ], [ 12.530241006097068, 41.843517001147234, 0.0 ], [ 12.530273006097049, 41.843488001147229, 0.0 ] ] } },
{ "type": "Feature", "properties": { "EntityHand": "214F7", "length_m": 1668.8973832058759, "coverage_pct": 0.0 }, "geometry": { "type": "LineString", "coordinates": [ [ 12.530273006097049, 41.843488001147229, 0.0 ], [ 12.530549006096923, 41.843243001147243, 0.0 ], [ 12.530590006096906, 41.843206001147237, 0.0 ], [ 12.530755006096825, 41.843060001147265, 0.0 ], [ 12.531234006096609, 41.842627001147271, 0.0 ], [ 12.531257006096594, 41.842606001147274, 0.0 ], [ 12.532592006095982, 41.841436001147301, 0.0 ], [ 12.533434006095593, 41.840655001147326, 0.0 ], [ 12.533466006095576, 41.840627001147325, 0.0 ], [ 12.533999006095325, 41.840128001147356, 0.0 ], [ 12.534064006095296, 41.840068001147344, 0.0 ], [ 12.534177006095241, 41.83996500114737, 0.0 ], [ 12.534869006094922, 41.839370001147358, 0.0 ], [ 12.535120006094806, 41.83916400114736, 0.0 ], [ 12.535183006094778, 41.839107001147383, 0.0 ], [ 12.535833006094474, 41.838520001147394, 0.0 ], [ 12.537003006093933, 41.837479001147415, 0.0 ], [ 12.537040006093916, 41.837445001147408, 0.0 ], [ 12.537444006093734, 41.837083001147427, 0.0 ], [ 12.537715006093608, 41.836842001147438, 0.0 ], [ 12.537959006093496, 41.836625001147453, 0.0 ], [ 12.538103006093428, 41.836496001147452, 0.0 ], [ 12.538465006093251, 41.836184001147451, 0.0 ], [ 12.539884006092606, 41.834917001147467, 0.0 ] ] } },
{ "type": "Feature", "properties": { "EntityHand": "214F8", "length_m": 898.21466015410772, "coverage_pct": 0.0 }, "geometry": { "type": "LineString", "coordinates": [ [ 12.526719006099295, 41.852259001146678, 0.0 ], [ 12.524031006100074, 41.850262001146987, 0.0 ], [ 12.523745006100153, 41.850040001146994, 0.0 ], [ 12.523536006100208, 41.849890001147017, 0.0 ], [ 12.52342600610025, 41.849812001147043, 0.0 ], [ 12.523299006100283, 41.849740001147033, 0.0 ], [ 12.523436006100221, 41.849610001147077, 0.0 ], [ 12.52382000610004, 41.849251001147067, 0.0 ], [ 12.523936006099991, 41.849146001147076, 0.0 ], [ 12.524041006099941, 41.849050001147084, 0.0 ], [ 12.524449006099747, 41.848679001147083, 0.0 ], [ 12.524653006099657, 41.848493001147084, 0.0 ], [ 12.525352006099327, 41.847856001147122, 0.0 ] ] } },
{ "type": "Feature", "properties": { "EntityHand": "21509", "length_m": 762.50743386126794, "coverage_pct": 0.0 }, "geometry": { "type": "LineString", "coordinates": [ [ 12.589833006069394, 41.7903450011488, 0.0 ], [ 12.591598006068571, 41.788779001148853, 0.0 ], [ 12.592770006068031, 41.787765001148891, 0.0 ], [ 12.593089006067885, 41.787488001148901, 0.0 ], [ 12.593890006067509, 41.786795001148903, 0.0 ], [ 12.594045006067436, 41.786635001148895, 0.0 ], [ 12.594065006067423, 41.786551001148929, 0.0 ], [ 12.594070006067414, 41.786526001148921, 0.0 ], [ 12.59418900606736, 41.78642400114893, 0.0 ] ] } },
{ "type": "Feature", "properties": { "EntityHand": "21515", "length_m": 232.39162741445986, "coverage_pct": 18.941454283245392 }, "geometry": { "type": "LineString", "coordinates": [ [ 12.519766006099141, 41.827032001149064, 0.0 ], [ 12.519849006099117, 41.827057001149065, 0.0 ], [ 12.519921006099093, 41.827087001149089, 0.0 ], [ 12.519958006099079, 41.827109001149026, 0.0 ], [ 12.519986006099071, 41.827141001149045, 0.0 ], [ 12.520015006099074, 41.827198001149057, 0.0 ], [ 12.520026006099069, 41.827246001149028, 0.0 ], [ 12.520031006099073, 41.827298001149018, 0.0 ], [ 12.519994006099099, 41.827399001149033, 0.0 ], [ 12.519969006099114, 41.827450001149039, 0.0 ], [ 12.519939006099134, 41.827500001149026, 0.0 ], [ 12.519901006099145, 41.827542001149027, 0.0 ], [ 12.519855006099162, 41.827583001149009, 0.0 ], [ 12.519800006099187, 41.827622001148995, 0.0 ], [ 12.519743006099217, 41.827652001149026, 0.0 ], [ 12.519682006099243, 41.82768000114902, 0.0 ], [ 12.519618006099268, 41.827699001149021, 0.0 ], [ 12.519543006099296, 41.827714001149033, 0.0 ], [ 12.519464006099321, 41.827720001149011, 0.0 ], [ 12.518734006099598, 41.82771800114903, 0.0 ] ] } },
{ "type": "Feature", "properties": { "EntityHand": "21527", "length_m": 300.34546230147402, "coverage_pct": 3.4640136359325147 }, "geometry": { "type": "LineString", "coordinates": [ [ 12.490496006114135, 41.866886001147179, 0.0 ], [ 12.490238006114225, 41.866884001147191, 0.0 ], [ 12.489988006114315, 41.866879001147232, 0.0 ], [ 12.489927006114337, 41.866878001147221, 0.0 ], [ 12.489639006114437, 41.866875001147221, 0.0 ], [ 12.489515006114489, 41.866875001147243, 0.0 ], [ 12.48819800611497, 41.866879001147296, 0.0 ], [ 12.488103006115006, 41.866880001147294, 0.0 ], [ 12.48809900611502, 41.867039001147297, 0.0 ], [ 12.488097006115037, 41.867107001147289, 0.0 ] ] } },
{ "type": "Feature", "properties": { "EntityHand": "2153D", "length_m": 181.51494422045334, "coverage_pct": 0.0 }, "geometry": { "type": "LineString", "coordinates": [ [ 12.474364006115383, 41.823854001151432, 0.0 ], [ 12.474976006115156, 41.823810001151422, 0.0 ], [ 12.475987006114785, 41.8237370011514, 0.0 ] ] } },
{ "type": "Feature", "properties": { "EntityHand": "21542", "length_m": 567.94243518144413, "coverage_pct": 3.8457455334878565 }, "geometry": { "type": "LineString", "coordinates": [ [ 12.479085006113786, 41.824877001151151, 0.0 ], [ 12.479001006113808, 41.824871001151131, 0.0 ], [ 12.478166006114103, 41.824807001151164, 0.0 ], [ 12.47742000611437, 41.824772001151224, 0.0 ], [ 12.476662006114642, 41.824694001151244, 0.0 ], [ 12.476197006114804, 41.824660001151294, 0.0 ], [ 12.475742006114974, 41.824660001151294, 0.0 ], [ 12.475368006115106, 41.824668001151331, 0.0 ], [ 12.47520400611517, 41.824684001151319, 0.0 ], [ 12.474816006115315, 41.824729001151361, 0.0 ], [ 12.474264006115522, 41.824838001151363, 0.0 ], [ 12.474041006115613, 41.82490400115136, 0.0 ] ] } },
{ "type": "Feature", "properties": { "EntityHand": "21545", "length_m": 374.872698631915, "coverage_pct": 0.0 }, "geometry": { "type": "LineString", "coordinates": [ [ 12.471722006116346, 41.823857001151559, 0.0 ], [ 12.47011100611698, 41.824331001151606, 0.0 ], [ 12.46859700611758, 41.824792001151636, 0.0 ] ] } },
{ "type": "Feature", "properties": { "EntityHand": "21547", "length_m": 206.37591279265897, "coverage_pct": 0.0 }, "geometry": { "type": "LineString", "coordinates": [ [ 12.469974006117013, 41.824120001151606, 0.0 ], [ 12.470544006116789, 41.823960001151626, 0.0 ], [ 12.470532006116777, 41.823918001151604, 0.0 ], [ 12.471620006116348, 41.823564001151567, 0.0 ] ] } },
{ "type": "Feature", "properties": { "EntityHand": "21556", "length_m": 59.442386423817737, "coverage_pct": 0.0 }, "geometry": { "type": "LineString", "coordinates": [ [ 12.474458006116086, 41.83072100115087, 0.0 ], [ 12.474513006116066, 41.830666001150874, 0.0 ], [ 12.474588006116033, 41.830632001150875, 0.0 ], [ 12.474653006116002, 41.830568001150894, 0.0 ], [ 12.474701006115975, 41.830508001150889, 0.0 ], [ 12.474787006115932, 41.830414001150878, 0.0 ] ] } },
{ "type": "Feature", "properties": { "EntityHand": "2155A", "length_m": 145.1665590818275, "coverage_pct": 0.0 }, "geometry": { "type": "LineString", "coordinates": [ [ 12.47443800611652, 41.834641001150565, 0.0 ], [ 12.473548006116868, 41.8348920011506, 0.0 ], [ 12.473485006116892, 41.834885001150589, 0.0 ], [ 12.473436006116906, 41.834849001150609, 0.0 ], [ 12.473367006116924, 41.834767001150603, 0.0 ], [ 12.473307006116935, 41.834717001150601, 0.0 ] ] } },
{ "type": "Feature", "properties": { "EntityHand": "2155D", "length_m": 284.7906085439916, "coverage_pct": 0.0 }, "geometry": { "type": "LineString", "coordinates": [ [ 12.475077006116422, 41.835876001150432, 0.0 ], [ 12.474948006116463, 41.835913001150409, 0.0 ], [ 12.47403600611683, 41.836171001150447, 0.0 ], [ 12.473447006117063, 41.836338001150466, 0.0 ], [ 12.472686006117359, 41.836554001150475, 0.0 ] ] } },
{ "type": "Feature", "properties": { "EntityHand": "2155E", "length_m": 285.80209857732677, "coverage_pct": 0.0 }, "geometry": { "type": "LineString", "coordinates": [ [ 12.472554006117383, 41.836306001150476, 0.0 ], [ 12.473890006116852, 41.835908001150507, 0.0 ], [ 12.474938006116435, 41.835596001150464, 0.0 ] ] } },
{ "type": "Feature", "properties": { "EntityHand": "21563", "length_m": 804.70778429792585, "coverage_pct": 0.0 }, "geometry": { "type": "LineString", "coordinates": [ [ 12.4750390061159, 41.830908001150839, 0.0 ], [ 12.474787006115932, 41.830414001150878, 0.0 ], [ 12.474663006115957, 41.830181001150912, 0.0 ], [ 12.475053006115806, 41.830069001150903, 0.0 ], [ 12.475992006115431, 41.829800001150872, 0.0 ], [ 12.476113006115412, 41.830017001150857, 0.0 ], [ 12.476429006115358, 41.830621001150796, 0.0 ], [ 12.476479006115355, 41.830720001150794, 0.0 ], [ 12.47692800611528, 41.831590001150694, 0.0 ], [ 12.477004006115271, 41.831732001150684, 0.0 ], [ 12.477084006115259, 41.831877001150652, 0.0 ], [ 12.477315006115225, 41.83232300115062, 0.0 ], [ 12.477346006115214, 41.83238300115061, 0.0 ], [ 12.477398006115209, 41.832483001150621, 0.0 ], [ 12.477449006115203, 41.832581001150579, 0.0 ], [ 12.477720006115158, 41.833104001150502, 0.0 ] ] } },
{ "type": "Feature", "properties": { "EntityHand": "21564", "length_m": 396.3922904879642, "coverage_pct": 0.0 }, "geometry": { "type": "LineString", "coordinates": [ [ 12.47820700611466, 41.830113001150757, 0.0 ], [ 12.478249006114659, 41.830195001150742, 0.0 ], [ 12.478593006114597, 41.830853001150665, 0.0 ], [ 12.478858006114553, 41.831362001150609, 0.0 ], [ 12.47888600611455, 41.83141500115061, 0.0 ], [ 12.479225006114495, 41.832065001150553, 0.0 ], [ 12.479497006114459, 41.832586001150489, 0.0 ] ] } },
{ "type": "Feature", "properties": { "EntityHand": "21566", "length_m": 87.315088047508269, "coverage_pct": 0.0 }, "geometry": { "type": "LineString", "coordinates": [ [ 12.477183006114858, 41.828492001150906, 0.0 ], [ 12.477368006114785, 41.828440001150923, 0.0 ], [ 12.477600006114697, 41.828374001150905, 0.0 ], [ 12.477634006114677, 41.828365001150893, 0.0 ], [ 12.477916006114567, 41.828284001150905, 0.0 ] ] } },
{ "type": "Feature", "properties": { "EntityHand": "2156F", "length_m": 322.7469493938305, "coverage_pct": 9.5511698833474874 }, "geometry": { "type": "LineString", "coordinates": [ [ 12.465233006119735, 41.833384001151096, 0.0 ], [ 12.463908006120258, 41.833762001151115, 0.0 ], [ 12.463812006120294, 41.833794001151119, 0.0 ], [ 12.463716006120332, 41.833828001151119, 0.0 ], [ 12.462535006120797, 41.834174001151148, 0.0 ] ] } },
{ "type": "Feature", "properties": { "EntityHand": "21571", "length_m": 494.5104578777316, "coverage_pct": 0.0 }, "geometry": { "type": "LineString", "coordinates": [ [ 12.466735006119794, 41.839038001150556, 0.0 ], [ 12.466495006119869, 41.838946001150561, 0.0 ], [ 12.466348006119924, 41.838868001150594, 0.0 ], [ 12.466222006119951, 41.838788001150604, 0.0 ], [ 12.466124006119978, 41.838702001150608, 0.0 ], [ 12.46603300612, 41.838599001150627, 0.0 ], [ 12.465974006120007, 41.838494001150657, 0.0 ], [ 12.465953006120015, 41.83843200115065, 0.0 ], [ 12.46593700612001, 41.838353001150665, 0.0 ], [ 12.465926006120002, 41.838262001150667, 0.0 ], [ 12.465926006119986, 41.838170001150637, 0.0 ], [ 12.465935006119979, 41.838080001150672, 0.0 ], [ 12.465963006119962, 41.837992001150681, 0.0 ], [ 12.466018006119935, 41.837909001150699, 0.0 ], [ 12.466075006119899, 41.837828001150704, 0.0 ], [ 12.466264006119813, 41.8376470011507, 0.0 ], [ 12.466443006119729, 41.837491001150696, 0.0 ], [ 12.466621006119652, 41.83735600115071, 0.0 ], [ 12.466860006119548, 41.837205001150686, 0.0 ], [ 12.466994006119489, 41.837144001150712, 0.0 ], [ 12.467119006119445, 41.837092001150715, 0.0 ], [ 12.467365006119348, 41.837018001150696, 0.0 ], [ 12.467494006119299, 41.836979001150709, 0.0 ], [ 12.467621006119243, 41.836940001150694, 0.0 ], [ 12.468022006119085, 41.836814001150664, 0.0 ] ] } },
{ "type": "Feature", "properties": { "EntityHand": "21579", "length_m": 206.56926043792623, "coverage_pct": 0.0 }, "geometry": { "type": "LineString", "coordinates": [ [ 12.465013006120124, 41.836300001150867, 0.0 ], [ 12.464697006120179, 41.835726001150931, 0.0 ], [ 12.464368006120228, 41.835119001150993, 0.0 ], [ 12.464449006120192, 41.83503000115099, 0.0 ] ] } },
{ "type": "Feature", "properties": { "EntityHand": "2157E", "length_m": 263.48346677894779, "coverage_pct": 0.0 }, "geometry": { "type": "LineString", "coordinates": [ [ 12.458303006121891, 41.830062001151695, 0.0 ], [ 12.458513006121857, 41.830455001151655, 0.0 ], [ 12.458750006121818, 41.830891001151592, 0.0 ], [ 12.458984006121776, 41.831324001151543, 0.0 ], [ 12.459187006121747, 41.831698001151516, 0.0 ] ] } },
{ "type": "Feature", "properties": { "EntityHand": "2157F", "length_m": 473.38796309752684, "coverage_pct": 0.0 }, "geometry": { "type": "LineString", "coordinates": [ [ 12.458203006121929, 41.830110001151667, 0.0 ], [ 12.458407006121899, 41.830486001151655, 0.0 ], [ 12.45864100612186, 41.83092000115159, 0.0 ], [ 12.458869006121823, 41.831356001151548, 0.0 ], [ 12.459064006121798, 41.831732001151508, 0.0 ], [ 12.459282006121766, 41.832152001151471, 0.0 ], [ 12.459459006121733, 41.83250200115144, 0.0 ], [ 12.459726006121702, 41.833068001151368, 0.0 ] ] } },
{ "type": "Feature", "properties": { "EntityHand": "21587", "length_m": 647.23366859565681, "coverage_pct": 9.8706841921055091 }, "geometry": { "type": "LineString", "coordinates": [ [ 12.465811006118868, 41.827312001151547, 0.0 ], [ 12.464956006119206, 41.827544001151594, 0.0 ], [ 12.464664006119325, 41.827629001151593, 0.0 ], [ 12.464127006119536, 41.827790001151605, 0.0 ], [ 12.464093006119549, 41.827800001151608, 0.0 ], [ 12.46404700611957, 41.827835001151605, 0.0 ], [ 12.464048006119567, 41.827878001151596, 0.0 ], [ 12.464179006119553, 41.82813500115158, 0.0 ], [ 12.464184006119549, 41.828184001151556, 0.0 ], [ 12.464150006119562, 41.828211001151551, 0.0 ], [ 12.463919006119658, 41.828277001151562, 0.0 ], [ 12.463012006120014, 41.828537001151595, 0.0 ], [ 12.462786006120103, 41.82857000115159, 0.0 ], [ 12.462576006120178, 41.82857900115161, 0.0 ], [ 12.462334006120269, 41.828574001151637, 0.0 ], [ 12.461812006120448, 41.828517001151639, 0.0 ], [ 12.460998006120738, 41.828429001151697, 0.0 ], [ 12.460884006120777, 41.828416001151702, 0.0 ] ] } },
{ "type": "Feature", "properties": { "EntityHand": "21588", "length_m": 409.24952733296732, "coverage_pct": 7.4161483394019898 }, "geometry": { "type": "LineString", "coordinates": [ [ 12.458241006121403, 41.825354001152078, 0.0 ], [ 12.458444006121322, 41.825296001152061, 0.0 ], [ 12.458821006121182, 41.825188001152057, 0.0 ], [ 12.459164006121052, 41.825137001152051, 0.0 ], [ 12.459456006120945, 41.825156001152024, 0.0 ], [ 12.45972200612086, 41.825284001151978, 0.0 ], [ 12.459885006120816, 41.82542900115201, 0.0 ], [ 12.460024006120792, 41.825634001151954, 0.0 ], [ 12.46015500612077, 41.825884001151927, 0.0 ], [ 12.460190006120792, 41.826167001151894, 0.0 ], [ 12.460118006120844, 41.82648500115188, 0.0 ], [ 12.460009006120911, 41.826740001151883, 0.0 ] ] } },
{ "type": "Feature", "properties": { "EntityHand": "21589", "length_m": 278.01542216504998, "coverage_pct": 11.208321274317926 }, "geometry": { "type": "LineString", "coordinates": [ [ 12.457443006121535, 41.823862001152222, 0.0 ], [ 12.45757600612149, 41.823938001152207, 0.0 ], [ 12.457848006121413, 41.82409400115219, 0.0 ], [ 12.458069006121345, 41.824204001152168, 0.0 ], [ 12.45844200612123, 41.824389001152127, 0.0 ], [ 12.458490006121215, 41.824413001152124, 0.0 ], [ 12.458783006121131, 41.824575001152112, 0.0 ], [ 12.458972006121076, 41.824780001152071, 0.0 ], [ 12.459063006121067, 41.824962001152073, 0.0 ], [ 12.459086006121058, 41.825008001152071, 0.0 ], [ 12.459164006121052, 41.825137001152051, 0.0 ] ] } },
{ "type": "Feature", "properties": { "EntityHand": "2158A", "length_m": 514.61100812297889, "coverage_pct": 11.574504939417288 }, "geometry": { "type": "LineString", "coordinates": [ [ 12.458218006121164, 41.823032001152249, 0.0 ], [ 12.458412006121105, 41.82312900115226, 0.0 ], [ 12.458730006121012, 41.82328900115224, 0.0 ], [ 12.45913600612087, 41.823417001152166, 0.0 ], [ 12.459399006120785, 41.823496001152144, 0.0 ], [ 12.460148006120532, 41.823640001152128, 0.0 ], [ 12.461065006120219, 41.823812001152056, 0.0 ], [ 12.46132800612013, 41.823897001152041, 0.0 ], [ 12.461568006120061, 41.824030001152011, 0.0 ], [ 12.46168000612003, 41.824175001151993, 0.0 ], [ 12.46173000612003, 41.824315001152002, 0.0 ], [ 12.461719006120051, 41.824521001151957, 0.0 ], [ 12.461679006120088, 41.824728001151932, 0.0 ] ] } },
{ "type": "Feature", "properties": { "EntityHand": "2158E", "length_m": 352.57284918433106, "coverage_pct": 0.0 }, "geometry": { "type": "LineString", "coordinates": [ [ 12.463077006119157, 41.820805001152216, 0.0 ], [ 12.462726006119285, 41.820730001152228, 0.0 ], [ 12.461889006119574, 41.820634001152278, 0.0 ], [ 12.461248006119799, 41.820554001152303, 0.0 ], [ 12.460970006119902, 41.820576001152332, 0.0 ], [ 12.460794006119977, 41.82066600115234, 0.0 ], [ 12.460767006120005, 41.82076400115232, 0.0 ], [ 12.460776006120007, 41.820847001152316, 0.0 ], [ 12.460842006119989, 41.820951001152302, 0.0 ], [ 12.460960006119956, 41.821039001152286, 0.0 ], [ 12.461136006119906, 41.821166001152278, 0.0 ] ] } },
{ "type": "Feature", "properties": { "EntityHand": "21591", "length_m": 657.74727895938395, "coverage_pct": 3.6453501512205699 }, "geometry": { "type": "LineString", "coordinates": [ [ 12.46474500611833, 41.818608001152299, 0.0 ], [ 12.464713006118343, 41.818672001152329, 0.0 ], [ 12.464432006118498, 41.819222001152276, 0.0 ], [ 12.464355006118542, 41.819372001152253, 0.0 ], [ 12.464322006118573, 41.819497001152264, 0.0 ], [ 12.464320006118584, 41.819608001152247, 0.0 ], [ 12.464402006118576, 41.819826001152229, 0.0 ], [ 12.464472006118573, 41.820004001152213, 0.0 ], [ 12.464454006118578, 41.820056001152174, 0.0 ], [ 12.464367006118632, 41.820201001152213, 0.0 ], [ 12.464408006118619, 41.820301001152181, 0.0 ], [ 12.464470006118612, 41.820380001152174, 0.0 ], [ 12.464626006118586, 41.820711001152127, 0.0 ], [ 12.464879006118547, 41.821189001152078, 0.0 ], [ 12.464957006118532, 41.821335001152086, 0.0 ], [ 12.465050006118519, 41.821509001152066, 0.0 ], [ 12.465229006118459, 41.821568001152059, 0.0 ], [ 12.465335006118428, 41.821645001152021, 0.0 ], [ 12.465403006118422, 41.821780001152035, 0.0 ], [ 12.46550100611841, 41.821974001152, 0.0 ], [ 12.465596006118389, 41.822161001151969, 0.0 ], [ 12.465605006118388, 41.822174001151964, 0.0 ], [ 12.465650006118388, 41.822237001151997, 0.0 ], [ 12.465733006118356, 41.822305001151953, 0.0 ], [ 12.465917006118296, 41.822396001151937, 0.0 ], [ 12.466124006118237, 41.822462001151926, 0.0 ] ] } },
{ "type": "Feature", "properties": { "EntityHand": "21593", "length_m": 165.29162993292869, "coverage_pct": 0.0 }, "geometry": { "type": "LineString", "coordinates": [ [ 12.468339006117255, 41.82085500115199, 0.0 ], [ 12.467850006117414, 41.820670001152017, 0.0 ], [ 12.467760006117441, 41.820608001152003, 0.0 ], [ 12.467715006117446, 41.82051700115202, 0.0 ], [ 12.467718006117435, 41.820414001152031, 0.0 ], [ 12.467711006117423, 41.820325001152007, 0.0 ], [ 12.467663006117434, 41.820269001152042, 0.0 ], [ 12.467599006117457, 41.820224001152035, 0.0 ], [ 12.467518006117482, 41.820185001152041, 0.0 ], [ 12.467375006117527, 41.820146001152068, 0.0 ] ] } },
{ "type": "Feature", "properties": { "EntityHand": "215BC", "length_m": 18.57544837680063, "coverage_pct": 0.0 }, "geometry": { "type": "LineString", "coordinates": [ [ 12.466578006118842, 41.829656001151335, 0.0 ], [ 12.466602006118826, 41.82960900115134, 0.0 ], [ 12.466694006118788, 41.829581001151318, 0.0 ] ] } },
{ "type": "Feature", "properties": { "EntityHand": "215D4", "length_m": 176.07816236385918, "coverage_pct": 0.0 }, "geometry": { "type": "LineString", "coordinates": [ [ 12.473343006116826, 41.833774001150665, 0.0 ], [ 12.472985006116883, 41.833064001150767, 0.0 ], [ 12.47290800611691, 41.833039001150773, 0.0 ], [ 12.472618006117019, 41.833118001150773, 0.0 ], [ 12.472457006117084, 41.833161001150764, 0.0 ] ] } },
{ "type": "Feature", "properties": { "EntityHand": "21604", "length_m": 78.851375135115006, "coverage_pct": 0.0 }, "geometry": { "type": "LineString", "coordinates": [ [ 12.469629006118231, 41.834269001150801, 0.0 ], [ 12.469456006118302, 41.834337001150828, 0.0 ], [ 12.468980006118484, 41.834479001150825, 0.0 ] ] } },
{ "type": "Feature", "properties": { "EntityHand": "21605", "length_m": 77.194082417950753, "coverage_pct": 0.0 }, "geometry": { "type": "LineString", "coordinates": [ [ 12.469275006118279, 41.83356800115088, 0.0 ], [ 12.468626006118535, 41.833750001150925, 0.0 ] ] } },
{ "type": "Feature", "properties": { "EntityHand": "21608", "length_m": 439.56985923205957, "coverage_pct": 6.9904657815935165 }, "geometry": { "type": "LineString", "coordinates": [ [ 12.466816006119252, 41.834264001150963, 0.0 ], [ 12.466718006119297, 41.834292001150949, 0.0 ], [ 12.466689006119303, 41.83430000115095, 0.0 ], [ 12.46622100611949, 41.834435001150958, 0.0 ], [ 12.465834006119643, 41.834547001150959, 0.0 ], [ 12.465788006119661, 41.834560001150962, 0.0 ], [ 12.465233006119869, 41.83472000115097, 0.0 ], [ 12.46518500611989, 41.83473400115097, 0.0 ], [ 12.465132006119914, 41.834749001150996, 0.0 ], [ 12.464410006120199, 41.834957001151011, 0.0 ], [ 12.464026006120354, 41.835068001151008, 0.0 ], [ 12.463792006120441, 41.835135001151002, 0.0 ], [ 12.46374100612047, 41.835150001151021, 0.0 ], [ 12.463672006120486, 41.835170001151013, 0.0 ], [ 12.463455006120579, 41.835232001151034, 0.0 ], [ 12.4631330061207, 41.835325001151034, 0.0 ] ] } },
{ "type": "Feature", "properties": { "EntityHand": "21621", "length_m": 535.14086799287315, "coverage_pct": 7.8138747824386625 }, "geometry": { "type": "LineString", "coordinates": [ [ 12.480851006113941, 41.832358001150446, 0.0 ], [ 12.480791006113973, 41.832416001150463, 0.0 ], [ 12.48072800611399, 41.832436001150441, 0.0 ], [ 12.480492006114073, 41.832448001150439, 0.0 ], [ 12.480185006114191, 41.832458001150485, 0.0 ], [ 12.479957006114274, 41.832482001150467, 0.0 ], [ 12.479821006114332, 41.832502001150495, 0.0 ], [ 12.479671006114387, 41.832537001150499, 0.0 ], [ 12.479497006114459, 41.832586001150489, 0.0 ], [ 12.477720006115158, 41.833104001150502, 0.0 ], [ 12.477318006115318, 41.833218001150563, 0.0 ], [ 12.476995006115445, 41.833309001150532, 0.0 ], [ 12.476698006115562, 41.83339300115054, 0.0 ], [ 12.476340006115709, 41.83349500115056, 0.0 ] ] } },
{ "type": "Feature", "properties": { "EntityHand": "21633", "length_m": 289.34940651267266, "coverage_pct": 16.186925211318684 }, "geometry": { "type": "LineString", "coordinates": [ [ 12.464063006120247, 41.834276001151068, 0.0 ], [ 12.463989006120263, 41.834134001151078, 0.0 ], [ 12.463948006120265, 41.834055001151107, 0.0 ], [ 12.463860006120283, 41.833886001151107, 0.0 ], [ 12.463812006120294, 41.833794001151119, 0.0 ], [ 12.463167006120395, 41.832552001151249, 0.0 ], [ 12.463118006120402, 41.83247200115126, 0.0 ] ] } },
{ "type": "Feature", "properties": { "EntityHand": "21636", "length_m": 385.28434967134274, "coverage_pct": 8.6679910319910309 }, "geometry": { "type": "LineString", "coordinates": [ [ 12.465834006119643, 41.834547001150959, 0.0 ], [ 12.465776006119647, 41.834441001150985, 0.0 ], [ 12.465233006119735, 41.833384001151096, 0.0 ], [ 12.464585006119831, 41.832142001151233, 0.0 ] ] } },
{ "type": "Feature", "properties": { "EntityHand": "21639", "length_m": 138.154647209269, "coverage_pct": 6.3231738465924545 }, "geometry": { "type": "LineString", "coordinates": [ [ 12.468928006118659, 41.835957001150689, 0.0 ], [ 12.468872006118691, 41.835983001150709, 0.0 ], [ 12.468347006118897, 41.83611800115073, 0.0 ], [ 12.467908006119059, 41.836231001150729, 0.0 ], [ 12.467765006119116, 41.836276001150736, 0.0 ] ] } },
{ "type": "Feature", "properties": { "EntityHand": "21640", "length_m": 62.216770413621475, "coverage_pct": 4.307957880404464 }, "geometry": { "type": "LineString", "coordinates": [ [ 12.463373006120337, 41.832715001151236, 0.0 ], [ 12.463550006120309, 41.833110001151177, 0.0 ] ] } },
{ "type": "Feature", "properties": { "EntityHand": "2164C", "length_m": 98.640133358421338, "coverage_pct": 18.539422900347791 }, "geometry": { "type": "LineString", "coordinates": [ [ 12.461163006121032, 41.831724001151414, 0.0 ], [ 12.460761006121196, 41.831840001151413, 0.0 ], [ 12.460772006121188, 41.831862001151435, 0.0 ], [ 12.460382006121341, 41.831985001151409, 0.0 ] ] } },
{ "type": "Feature", "properties": { "EntityHand": "21665", "length_m": 1124.6668631726586, "coverage_pct": 0.0 }, "geometry": { "type": "LineString", "coordinates": [ [ 12.46336600611901, 41.820305001152256, 0.0 ], [ 12.463504006118958, 41.820354001152225, 0.0 ], [ 12.463584006118928, 41.820357001152232, 0.0 ], [ 12.46365600611891, 41.820438001152198, 0.0 ], [ 12.4637310061189, 41.820586001152186, 0.0 ], [ 12.46396500611886, 41.821042001152165, 0.0 ], [ 12.464011006118858, 41.821133001152134, 0.0 ], [ 12.464183006118828, 41.821472001152102, 0.0 ], [ 12.46428700611882, 41.821670001152064, 0.0 ], [ 12.464304006118812, 41.821743001152086, 0.0 ], [ 12.464304006118827, 41.8218050011521, 0.0 ], [ 12.464356006118818, 41.821925001152074, 0.0 ], [ 12.464401006118811, 41.822000001152048, 0.0 ], [ 12.464364006118826, 41.822044001152037, 0.0 ], [ 12.464339006118852, 41.822102001152047, 0.0 ], [ 12.464329006118854, 41.822150001152046, 0.0 ], [ 12.464345006118851, 41.82219500115206, 0.0 ], [ 12.464452006118831, 41.822392001152004, 0.0 ], [ 12.464488006118835, 41.822505001152003, 0.0 ], [ 12.464513006118837, 41.822611001151991, 0.0 ], [ 12.464522006118839, 41.822678001151978, 0.0 ], [ 12.464518006118853, 41.822787001151966, 0.0 ], [ 12.464496006118875, 41.822908001151973, 0.0 ], [ 12.464467006118895, 41.822994001151962, 0.0 ], [ 12.464406006118923, 41.823056001151961, 0.0 ], [ 12.464300006118963, 41.823131001151985, 0.0 ], [ 12.464027006119078, 41.823201001151986, 0.0 ], [ 12.463722006119195, 41.823246001151979, 0.0 ], [ 12.463669006119215, 41.823245001151982, 0.0 ], [ 12.463404006119312, 41.823290001152024, 0.0 ], [ 12.462907006119496, 41.823292001152041, 0.0 ], [ 12.462535006119621, 41.823228001152039, 0.0 ], [ 12.462120006119767, 41.823165001152034, 0.0 ], [ 12.461559006119964, 41.823151001152077, 0.0 ], [ 12.461344006120045, 41.823112001152111, 0.0 ], [ 12.461162006120103, 41.823056001152132, 0.0 ], [ 12.460875006120187, 41.822874001152144, 0.0 ], [ 12.46060600612026, 41.822661001152191, 0.0 ], [ 12.460423006120322, 41.822634001152196, 0.0 ], [ 12.460186006120409, 41.822637001152181, 0.0 ], [ 12.460084006120452, 41.822672001152206, 0.0 ], [ 12.460013006120478, 41.822721001152203, 0.0 ], [ 12.459982006120496, 41.822806001152173, 0.0 ], [ 12.459997006120515, 41.822959001152171, 0.0 ], [ 12.460074006120504, 41.823157001152168, 0.0 ], [ 12.460186006120493, 41.823477001152128, 0.0 ], [ 12.460176006120507, 41.823519001152128, 0.0 ], [ 12.460148006120532, 41.823640001152128, 0.0 ] ] } },
{ "type": "Feature", "properties": { "EntityHand": "2166A", "length_m": 202.48791814430695, "coverage_pct": 0.0 }, "geometry": { "type": "LineString", "coordinates": [ [ 12.46324300611901, 41.819930001152294, 0.0 ], [ 12.463193006119029, 41.819929001152275, 0.0 ], [ 12.46309900611905, 41.819912001152296, 0.0 ], [ 12.463003006119065, 41.819674001152293, 0.0 ], [ 12.462962006119072, 41.819600001152303, 0.0 ], [ 12.462889006119086, 41.819522001152308, 0.0 ], [ 12.462783006119135, 41.81946400115234, 0.0 ], [ 12.462598006119185, 41.819447001152334, 0.0 ], [ 12.462448006119249, 41.819470001152354, 0.0 ], [ 12.462357006119285, 41.81950300115237, 0.0 ], [ 12.46225000611933, 41.819600001152352, 0.0 ], [ 12.462211006119357, 41.819693001152345, 0.0 ], [ 12.462150006119399, 41.819860001152342, 0.0 ] ] } },
{ "type": "Feature", "properties": { "EntityHand": "21671", "length_m": 156.84740646930214, "coverage_pct": 0.0 }, "geometry": { "type": "LineString", "coordinates": [ [ 12.473501006116926, 41.835200001150554, 0.0 ], [ 12.473726006116873, 41.835590001150528, 0.0 ], [ 12.473759006116872, 41.83565400115048, 0.0 ], [ 12.473890006116852, 41.835908001150507, 0.0 ], [ 12.473964006116841, 41.836041001150463, 0.0 ], [ 12.47403600611683, 41.836171001150447, 0.0 ] ] } },
{ "type": "Feature", "properties": { "EntityHand": "21673", "length_m": 261.41451117351352, "coverage_pct": 0.0 }, "geometry": { "type": "LineString", "coordinates": [ [ 12.474503006116509, 41.834764001150539, 0.0 ], [ 12.473618006116853, 41.835011001150569, 0.0 ], [ 12.473542006116883, 41.835044001150564, 0.0 ], [ 12.473511006116899, 41.835076001150568, 0.0 ], [ 12.473499006116914, 41.835128001150572, 0.0 ], [ 12.473501006116926, 41.835200001150554, 0.0 ], [ 12.473442006116933, 41.835142001150551, 0.0 ], [ 12.473403006116945, 41.835084001150555, 0.0 ], [ 12.473351006116944, 41.834918001150598, 0.0 ], [ 12.473308006116945, 41.83479800115061, 0.0 ], [ 12.473307006116935, 41.834717001150601, 0.0 ], [ 12.473215006116948, 41.834517001150623, 0.0 ], [ 12.473175006116952, 41.834431001150612, 0.0 ] ] } },
{ "type": "Feature", "properties": { "EntityHand": "21681", "length_m": 38.130150213836671, "coverage_pct": 0.0 }, "geometry": { "type": "LineString", "coordinates": [ [ 12.472188006116323, 41.825179001151426, 0.0 ], [ 12.472168006116336, 41.825279001151415, 0.0 ], [ 12.472168006116338, 41.825337001151418, 0.0 ], [ 12.472170006116349, 41.825363001151402, 0.0 ], [ 12.472175006116355, 41.82543300115141, 0.0 ] ] } },
{ "type": "Feature", "properties": { "EntityHand": "21684", "length_m": 198.50162410786368, "coverage_pct": 2.3124699433898157 }, "geometry": { "type": "LineString", "coordinates": [ [ 12.47204000611611, 41.822740001151629, 0.0 ], [ 12.472131006116083, 41.822771001151636, 0.0 ], [ 12.472377006115996, 41.822859001151606, 0.0 ], [ 12.472415006115989, 41.822873001151599, 0.0 ], [ 12.472761006115876, 41.822968001151587, 0.0 ], [ 12.473185006115735, 41.823120001151551, 0.0 ], [ 12.473284006115712, 41.823209001151547, 0.0 ], [ 12.473340006115695, 41.823297001151545, 0.0 ], [ 12.473372006115701, 41.823392001151532, 0.0 ], [ 12.473389006115703, 41.823474001151503, 0.0 ] ] } },
{ "type": "Feature", "properties": { "EntityHand": "2168A", "length_m": 30.889347742942647, "coverage_pct": 0.0 }, "geometry": { "type": "LineString", "coordinates": [ [ 12.471942006116439, 41.825498001151409, 0.0 ], [ 12.471934006116436, 41.825432001151405, 0.0 ], [ 12.471918006116432, 41.825292001151446, 0.0 ] ] } },
{ "type": "Feature", "properties": { "EntityHand": "2169A", "length_m": 917.3162415622744, "coverage_pct": 0.0 }, "geometry": { "type": "LineString", "coordinates": [ [ 12.46017600612163, 41.83393000115128, 0.0 ], [ 12.460007006121691, 41.833980001151268, 0.0 ], [ 12.458927006122122, 41.834299001151315, 0.0 ], [ 12.458445006122195, 41.833433001151377, 0.0 ], [ 12.459726006121702, 41.833068001151368, 0.0 ], [ 12.459470006121764, 41.832810001151422, 0.0 ], [ 12.459336006121781, 41.832539001151432, 0.0 ], [ 12.459160006121804, 41.832192001151441, 0.0 ], [ 12.458937006121841, 41.831767001151519, 0.0 ], [ 12.458741006121878, 41.831393001151547, 0.0 ], [ 12.458513006121908, 41.830958001151593, 0.0 ], [ 12.45828400612195, 41.830521001151659, 0.0 ], [ 12.458086006121981, 41.830144001151666, 0.0 ] ] } },
{ "type": "Feature", "properties": { "EntityHand": "216A6", "length_m": 117.12057511460546, "coverage_pct": 0.0 }, "geometry": { "type": "LineString", "coordinates": [ [ 12.4673480061189, 41.832785001151038, 0.0 ], [ 12.467477006118871, 41.83303800115101, 0.0 ], [ 12.467172006118997, 41.833126001151022, 0.0 ], [ 12.467040006119015, 41.832875001151024, 0.0 ] ] } },
{ "type": "Feature", "properties": { "EntityHand": "216AD", "length_m": 213.89126668172878, "coverage_pct": 0.0 }, "geometry": { "type": "LineString", "coordinates": [ [ 12.468460006118454, 41.832469001151004, 0.0 ], [ 12.468841006118398, 41.833213001150931, 0.0 ], [ 12.468412006118573, 41.833334001150931, 0.0 ], [ 12.468480006118567, 41.833503001150937, 0.0 ], [ 12.468500006118553, 41.833569001150934, 0.0 ], [ 12.468539006118553, 41.833609001150919, 0.0 ] ] } },
{ "type": "Feature", "properties": { "EntityHand": "216B0", "length_m": 154.32832527916236, "coverage_pct": 0.0 }, "geometry": { "type": "LineString", "coordinates": [ [ 12.472406006117083, 41.833058001150803, 0.0 ], [ 12.471119006117593, 41.833442001150807, 0.0 ] ] } },
{ "type": "Feature", "properties": { "EntityHand": "216B2", "length_m": 757.58217652281019, "coverage_pct": 0.0 }, "geometry": { "type": "LineString", "coordinates": [ [ 12.472115006117022, 41.831414001150925, 0.0 ], [ 12.472839006116901, 41.832779001150755, 0.0 ], [ 12.473012006116837, 41.832725001150791, 0.0 ], [ 12.473303006116714, 41.832640001150779, 0.0 ], [ 12.473732006116546, 41.832510001150744, 0.0 ], [ 12.47417500611637, 41.832382001150755, 0.0 ], [ 12.475028006116034, 41.832130001150738, 0.0 ], [ 12.475592006115809, 41.831966001150732, 0.0 ], [ 12.475743006115785, 41.832255001150692, 0.0 ], [ 12.475964006115751, 41.832697001150649, 0.0 ], [ 12.476099006115737, 41.832980001150617, 0.0 ], [ 12.475708006115891, 41.833098001150617, 0.0 ] ] } },
{ "type": "Feature", "properties": { "EntityHand": "216B7", "length_m": 1154.475335668619, "coverage_pct": 1.7718550550256715 }, "geometry": { "type": "LineString", "coordinates": [ [ 12.463720006119193, 41.82322200115199, 0.0 ], [ 12.463722006119195, 41.823246001151979, 0.0 ], [ 12.463775006119208, 41.823618001151949, 0.0 ], [ 12.463777006119216, 41.823632001151942, 0.0 ], [ 12.463779006119228, 41.82375800115193, 0.0 ], [ 12.463746006119244, 41.823836001151953, 0.0 ], [ 12.463705006119266, 41.82389400115192, 0.0 ], [ 12.463647006119295, 41.823942001151941, 0.0 ], [ 12.46336100611942, 41.824132001151916, 0.0 ], [ 12.463229006119469, 41.824222001151917, 0.0 ], [ 12.463233006119477, 41.824153001151963, 0.0 ], [ 12.463424006119382, 41.82402200115196, 0.0 ], [ 12.463606006119305, 41.82391100115192, 0.0 ], [ 12.463672006119277, 41.823837001151936, 0.0 ], [ 12.463697006119252, 41.823755001151959, 0.0 ], [ 12.463713006119235, 41.823641001151955, 0.0 ], [ 12.463711006119233, 41.823625001151946, 0.0 ], [ 12.463682006119223, 41.823399001151984, 0.0 ], [ 12.463669006119215, 41.823245001151982, 0.0 ], [ 12.4636910061192, 41.823233001151976, 0.0 ], [ 12.463720006119193, 41.82322200115199, 0.0 ], [ 12.463745006119185, 41.82321200115198, 0.0 ], [ 12.464018006119074, 41.82314900115199, 0.0 ], [ 12.464209006119001, 41.823109001151991, 0.0 ], [ 12.464304006118953, 41.823063001151972, 0.0 ], [ 12.464408006118909, 41.822952001151947, 0.0 ], [ 12.464441006118893, 41.822884001151984, 0.0 ], [ 12.46446400611887, 41.822764001151981, 0.0 ], [ 12.46446400611886, 41.822682001151996, 0.0 ], [ 12.464463006118853, 41.822644001151986, 0.0 ], [ 12.464433006118858, 41.822533001152017, 0.0 ], [ 12.464408006118854, 41.822455001152001, 0.0 ], [ 12.464335006118867, 41.822325001152024, 0.0 ], [ 12.464276006118878, 41.82218500115205, 0.0 ], [ 12.464216006118884, 41.822075001152051, 0.0 ], [ 12.464161006118889, 41.821954001152065, 0.0 ], [ 12.46421400611886, 41.821821001152067, 0.0 ], [ 12.464236006118846, 41.821783001152092, 0.0 ], [ 12.464235006118841, 41.821726001152101, 0.0 ], [ 12.464124006118857, 41.821493001152092, 0.0 ], [ 12.463952006118886, 41.821159001152154, 0.0 ], [ 12.463906006118894, 41.821069001152132, 0.0 ], [ 12.46372600611892, 41.82071700115219, 0.0 ], [ 12.463670006118928, 41.820629001152206, 0.0 ], [ 12.463572006118957, 41.82059400115218, 0.0 ], [ 12.463426006119015, 41.820552001152237, 0.0 ], [ 12.463381006119027, 41.820490001152216, 0.0 ], [ 12.463318006119025, 41.820385001152225, 0.0 ], [ 12.46323600611904, 41.820189001152244, 0.0 ], [ 12.463199006119043, 41.82005700115225, 0.0 ], [ 12.463193006119033, 41.819988001152275, 0.0 ], [ 12.463193006119029, 41.819929001152275, 0.0 ], [ 12.463191006119004, 41.819766001152296, 0.0 ], [ 12.463196006118991, 41.819594001152318, 0.0 ], [ 12.463192006118987, 41.819519001152301, 0.0 ], [ 12.463175006118979, 41.819460001152294, 0.0 ], [ 12.463130006118991, 41.81937700115234, 0.0 ], [ 12.463025006119024, 41.819269001152335, 0.0 ], [ 12.462759006119095, 41.819082001152367, 0.0 ], [ 12.462637006119129, 41.818998001152394, 0.0 ], [ 12.462334006119216, 41.818790001152408, 0.0 ], [ 12.462245006119238, 41.818731001152422, 0.0 ] ] } },
{ "type": "Feature", "properties": { "EntityHand": "216BA", "length_m": 1619.7692193306279, "coverage_pct": 1.0224928330422824 }, "geometry": { "type": "LineString", "coordinates": [ [ 12.475496006115158, 41.825491001151249, 0.0 ], [ 12.475805006115033, 41.825435001151263, 0.0 ], [ 12.476683006114714, 41.825482001151201, 0.0 ], [ 12.477130006114518, 41.82518800115119, 0.0 ], [ 12.477600006114354, 41.825218001151185, 0.0 ], [ 12.477833006114258, 41.825127001151166, 0.0 ], [ 12.478034006114173, 41.825032001151179, 0.0 ], [ 12.478134006114136, 41.824943001151169, 0.0 ], [ 12.478166006114103, 41.824807001151164, 0.0 ], [ 12.478131006114102, 41.8246830011512, 0.0 ], [ 12.477745006114235, 41.824604001151208, 0.0 ], [ 12.477318006114379, 41.824513001151246, 0.0 ], [ 12.477139006114436, 41.824442001151276, 0.0 ], [ 12.477058006114461, 41.824376001151272, 0.0 ], [ 12.476997006114475, 41.824319001151267, 0.0 ], [ 12.477006006114468, 41.824235001151294, 0.0 ], [ 12.477049006114441, 41.824174001151292, 0.0 ], [ 12.477159006114384, 41.824094001151281, 0.0 ], [ 12.477270006114352, 41.824054001151282, 0.0 ], [ 12.477414006114296, 41.824027001151293, 0.0 ], [ 12.47755300611424, 41.824004001151273, 0.0 ], [ 12.477667006114199, 41.823989001151254, 0.0 ], [ 12.477775006114152, 41.823978001151261, 0.0 ], [ 12.4779400061141, 41.82398100115126, 0.0 ], [ 12.478219006113992, 41.823989001151254, 0.0 ], [ 12.478505006113892, 41.823992001151204, 0.0 ], [ 12.478667006113829, 41.823971001151222, 0.0 ], [ 12.478871006113756, 41.82390000115123, 0.0 ], [ 12.478993006113685, 41.823764001151247, 0.0 ], [ 12.479068006113648, 41.82362300115124, 0.0 ], [ 12.479036006113633, 41.823354001151287, 0.0 ], [ 12.478954006113641, 41.823174001151294, 0.0 ], [ 12.478895006113651, 41.823060001151269, 0.0 ], [ 12.478820006113668, 41.822958001151285, 0.0 ], [ 12.478756006113688, 41.82290600115131, 0.0 ], [ 12.478685006113702, 41.822862001151307, 0.0 ], [ 12.478567006113741, 41.822811001151315, 0.0 ], [ 12.47840900611379, 41.822772001151328, 0.0 ], [ 12.478294006113844, 41.822774001151352, 0.0 ], [ 12.478199006113867, 41.822781001151334, 0.0 ], [ 12.478070006113928, 41.822808001151337, 0.0 ], [ 12.477959006113968, 41.822845001151343, 0.0 ], [ 12.477745006114056, 41.822964001151348, 0.0 ], [ 12.477566006114142, 41.823069001151353, 0.0 ], [ 12.477479006114171, 41.823121001151343, 0.0 ], [ 12.477363006114221, 41.823158001151377, 0.0 ], [ 12.477146006114307, 41.823194001151371, 0.0 ], [ 12.476610006114509, 41.823280001151367, 0.0 ], [ 12.476264006114643, 41.823334001151402, 0.0 ], [ 12.476171006114686, 41.82344000115139, 0.0 ], [ 12.475987006114785, 41.8237370011514, 0.0 ], [ 12.475944006114808, 41.823800001151376, 0.0 ], [ 12.475854006114858, 41.823934001151379, 0.0 ], [ 12.475774006114889, 41.824051001151332, 0.0 ], [ 12.475679006114946, 41.824191001151327, 0.0 ], [ 12.475586006114986, 41.824329001151341, 0.0 ], [ 12.475457006115064, 41.824519001151351, 0.0 ], [ 12.475442006115072, 41.824541001151339, 0.0 ], [ 12.475368006115106, 41.824668001151331, 0.0 ], [ 12.475496006115158, 41.825491001151249, 0.0 ], [ 12.475561006115177, 41.825936001151184, 0.0 ] ] } },
{ "type": "Feature", "properties": { "EntityHand": "216BE", "length_m": 248.01276521349885, "coverage_pct": 17.911427971779048 }, "geometry": { "type": "LineString", "coordinates": [ [ 12.469738006118492, 41.837116001150576, 0.0 ], [ 12.469892006118432, 41.83706000115059, 0.0 ], [ 12.470532006118189, 41.836877001150576, 0.0 ], [ 12.470676006118124, 41.836836001150566, 0.0 ], [ 12.470740006118115, 41.836979001150524, 0.0 ], [ 12.46998400611842, 41.837196001150531, 0.0 ], [ 12.469892006118432, 41.83706000115059, 0.0 ] ] } },
{ "type": "Feature", "properties": { "EntityHand": "216C3", "length_m": 128.95028006739537, "coverage_pct": 0.0 }, "geometry": { "type": "LineString", "coordinates": [ [ 12.470536006117827, 41.833614001150806, 0.0 ], [ 12.470188006117967, 41.833715001150829, 0.0 ], [ 12.469457006118256, 41.833928001150852, 0.0 ] ] } },
{ "type": "Feature", "properties": { "EntityHand": "216C4", "length_m": 149.57433379719259, "coverage_pct": 0.0 }, "geometry": { "type": "LineString", "coordinates": [ [ 12.472166006117121, 41.832576001150848, 0.0 ], [ 12.472229006117113, 41.83270300115079, 0.0 ], [ 12.472355006117093, 41.832955001150786, 0.0 ], [ 12.472406006117083, 41.833058001150803, 0.0 ], [ 12.472457006117084, 41.833161001150764, 0.0 ], [ 12.472604006117061, 41.833457001150734, 0.0 ], [ 12.472632006117053, 41.833515001150744, 0.0 ] ] } },
{ "type": "Feature", "properties": { "EntityHand": "21705", "length_m": 11.476358981231018, "coverage_pct": 0.0 }, "geometry": { "type": "LineString", "coordinates": [ [ 12.471346006117834, 41.836396001150554, 0.0 ], [ 12.471442006117794, 41.836368001150554, 0.0 ] ] } },
{ "type": "Feature", "properties": { "EntityHand": "21706", "length_m": 13.40733555841808, "coverage_pct": 0.0 }, "geometry": { "type": "LineString", "coordinates": [ [ 12.47159700611779, 41.836883001150504, 0.0 ], [ 12.471485006117831, 41.83691600115052, 0.0 ] ] } },
{ "type": "Feature", "properties": { "EntityHand": "21723", "length_m": 533.91079768947293, "coverage_pct": 12.630349014534675 }, "geometry": { "type": "LineString", "coordinates": [ [ 12.466184006119704, 41.836327001150806, 0.0 ], [ 12.466347006119637, 41.836281001150809, 0.0 ], [ 12.467371006119233, 41.835989001150772, 0.0 ], [ 12.467560006119161, 41.835935001150773, 0.0 ], [ 12.467588006119151, 41.835929001150781, 0.0 ], [ 12.467797006119063, 41.835870001150788, 0.0 ], [ 12.468186006118916, 41.835762001150741, 0.0 ], [ 12.468288006118897, 41.835955001150751, 0.0 ], [ 12.467686006119134, 41.836122001150756, 0.0 ], [ 12.466438006119624, 41.836476001150785, 0.0 ], [ 12.466285006119685, 41.836519001150783, 0.0 ], [ 12.466183006119731, 41.836602001150766, 0.0 ], [ 12.466150006119751, 41.836660001150783, 0.0 ] ] } },
{ "type": "Feature", "properties": { "EntityHand": "21762", "length_m": 88.425548023528876, "coverage_pct": 0.0 }, "geometry": { "type": "LineString", "coordinates": [ [ 12.471811006117653, 41.836260001150563, 0.0 ], [ 12.472009006117617, 41.836645001150508, 0.0 ], [ 12.472061006117604, 41.836745001150504, 0.0 ], [ 12.471971006117647, 41.836772001150486, 0.0 ] ] } },
{ "type": "Feature", "properties": { "EntityHand": "2176C", "length_m": 89.249669834398674, "coverage_pct": 0.0 }, "geometry": { "type": "LineString", "coordinates": [ [ 12.471234006117877, 41.836428001150558, 0.0 ], [ 12.471426006117847, 41.836802001150502, 0.0 ], [ 12.471485006117831, 41.83691600115052, 0.0 ], [ 12.471392006117876, 41.836944001150513, 0.0 ] ] } },
{ "type": "Feature", "properties": { "EntityHand": "21792", "length_m": 6.93818845597725, "coverage_pct": 0.0 }, "geometry": { "type": "LineString", "coordinates": [ [ 12.471826006117711, 41.836815001150491, 0.0 ], [ 12.471768006117731, 41.836832001150498, 0.0 ] ] } },
{ "type": "Feature", "properties": { "EntityHand": "2179A", "length_m": 45.22934848064773, "coverage_pct": 12.026368924457481 }, "geometry": { "type": "LineString", "coordinates": [ [ 12.471575006117741, 41.836329001150567, 0.0 ], [ 12.47172100611769, 41.836286001150583, 0.0 ], [ 12.471811006117653, 41.836260001150563, 0.0 ], [ 12.471953006117591, 41.836218001150563, 0.0 ] ] } },
{ "type": "Feature", "properties": { "EntityHand": "2179B", "length_m": 2136.1381096871464, "coverage_pct": 0.0 }, "geometry": { "type": "LineString", "coordinates": [ [ 12.472229006117113, 41.83270300115079, 0.0 ], [ 12.471014006117619, 41.833297001150825, 0.0 ], [ 12.470897006117628, 41.832976001150847, 0.0 ], [ 12.470744006117627, 41.832498001150888, 0.0 ], [ 12.470538006117632, 41.83185200115097, 0.0 ], [ 12.47161500611721, 41.831553001150958, 0.0 ], [ 12.472115006117022, 41.831414001150925, 0.0 ], [ 12.472303006116942, 41.831361001150931, 0.0 ], [ 12.473347006116528, 41.831050001150892, 0.0 ], [ 12.474458006116086, 41.83072100115087, 0.0 ], [ 12.474543006116063, 41.830743001150864, 0.0 ], [ 12.47462800611603, 41.830732001150871, 0.0 ], [ 12.474700006116006, 41.830736001150868, 0.0 ], [ 12.474873006115951, 41.830818001150853, 0.0 ], [ 12.4750390061159, 41.830908001150839, 0.0 ], [ 12.475091006115886, 41.831015001150817, 0.0 ], [ 12.475192006115872, 41.831208001150792, 0.0 ], [ 12.475277006115862, 41.831372001150797, 0.0 ], [ 12.475314006115857, 41.83144300115076, 0.0 ], [ 12.475353006115849, 41.831518001150769, 0.0 ], [ 12.475592006115809, 41.831966001150732, 0.0 ], [ 12.476100006115605, 41.831818001150722, 0.0 ], [ 12.47692800611528, 41.831590001150694, 0.0 ], [ 12.477103006115215, 41.83154200115068, 0.0 ], [ 12.47772000611497, 41.831349001150663, 0.0 ], [ 12.477912006114899, 41.831290001150663, 0.0 ], [ 12.477997006114876, 41.831451001150647, 0.0 ], [ 12.478073006114865, 41.831596001150629, 0.0 ], [ 12.477876006114942, 41.831654001150639, 0.0 ], [ 12.477256006115196, 41.831828001150647, 0.0 ], [ 12.477084006115259, 41.831877001150652, 0.0 ], [ 12.476677006115427, 41.831990001150672, 0.0 ], [ 12.476252006115585, 41.832111001150672, 0.0 ], [ 12.475743006115785, 41.832255001150692, 0.0 ], [ 12.475184006116006, 41.832419001150704, 0.0 ], [ 12.474333006116344, 41.832672001150733, 0.0 ], [ 12.473894006116515, 41.832798001150735, 0.0 ], [ 12.473459006116697, 41.832926001150739, 0.0 ], [ 12.473147006116816, 41.833017001150751, 0.0 ], [ 12.472985006116883, 41.833064001150767, 0.0 ], [ 12.472839006116901, 41.832779001150755, 0.0 ], [ 12.472814006116911, 41.832820001150772, 0.0 ], [ 12.472575006117005, 41.832896001150779, 0.0 ], [ 12.472355006117093, 41.832955001150786, 0.0 ] ] } },
{ "type": "Feature", "properties": { "EntityHand": "2179C", "length_m": 112.11746489345488, "coverage_pct": 0.0 }, "geometry": { "type": "LineString", "coordinates": [ [ 12.47172100611769, 41.836286001150583, 0.0 ], [ 12.471918006117653, 41.836669001150518, 0.0 ], [ 12.471971006117647, 41.836772001150486, 0.0 ], [ 12.471826006117711, 41.836815001150491, 0.0 ], [ 12.471771006117718, 41.836709001150524, 0.0 ] ] } },
{ "type": "Feature", "properties": { "EntityHand": "217A1", "length_m": 380.52206779874092, "coverage_pct": 0.0 }, "geometry": { "type": "LineString", "coordinates": [ [ 12.470988006118036, 41.837063001150533, 0.0 ], [ 12.47081100611806, 41.836708001150591, 0.0 ], [ 12.470868006118028, 41.836595001150556, 0.0 ], [ 12.470924006118006, 41.836555001150572, 0.0 ], [ 12.471020006117959, 41.836491001150556, 0.0 ], [ 12.471141006117913, 41.836456001150552, 0.0 ], [ 12.471234006117877, 41.836428001150558, 0.0 ], [ 12.471346006117834, 41.836396001150554, 0.0 ], [ 12.471540006117801, 41.836771001150545, 0.0 ], [ 12.47159700611779, 41.836883001150504, 0.0 ], [ 12.471692006117753, 41.836855001150518, 0.0 ], [ 12.471636006117764, 41.83674500115049, 0.0 ], [ 12.471442006117794, 41.836368001150554, 0.0 ], [ 12.471518006117762, 41.836345001150526, 0.0 ], [ 12.471575006117741, 41.836329001150567, 0.0 ], [ 12.471771006117718, 41.836709001150524, 0.0 ] ] } },
{ "type": "Feature", "properties": { "EntityHand": "217A5", "length_m": 87.035722262076234, "coverage_pct": 0.0 }, "geometry": { "type": "LineString", "coordinates": [ [ 12.471518006117762, 41.836345001150526, 0.0 ], [ 12.471713006117723, 41.836725001150519, 0.0 ], [ 12.471768006117731, 41.836832001150498, 0.0 ], [ 12.471692006117753, 41.836855001150518, 0.0 ] ] } },
{ "type": "Feature", "properties": { "EntityHand": "217A8", "length_m": 170.61646089503043, "coverage_pct": 0.0 }, "geometry": { "type": "LineString", "coordinates": [ [ 12.471141006117913, 41.836456001150552, 0.0 ], [ 12.471332006117887, 41.836828001150508, 0.0 ], [ 12.471392006117876, 41.836944001150513, 0.0 ], [ 12.471271006117927, 41.836979001150524, 0.0 ], [ 12.47121000611793, 41.836860001150534, 0.0 ], [ 12.471020006117959, 41.836491001150556, 0.0 ] ] } },
{ "type": "Feature", "properties": { "EntityHand": "217BB", "length_m": 108.91154076326669, "coverage_pct": 0.0 }, "geometry": { "type": "LineString", "coordinates": [ [ 12.46051800612153, 41.834150001151265, 0.0 ], [ 12.460734006121458, 41.834237001151244, 0.0 ], [ 12.461382006121251, 41.834492001151183, 0.0 ] ] } },
{ "type": "Feature", "properties": { "EntityHand": "217BF", "length_m": 118.03225639477263, "coverage_pct": 0.0 }, "geometry": { "type": "LineString", "coordinates": [ [ 12.469129006117496, 41.825704001151543, 0.0 ], [ 12.469231006117463, 41.825808001151522, 0.0 ], [ 12.469296006117441, 41.825844001151495, 0.0 ], [ 12.469332006117426, 41.825851001151491, 0.0 ], [ 12.469372006117416, 41.825849001151497, 0.0 ], [ 12.469444006117383, 41.825838001151496, 0.0 ], [ 12.469593006117329, 41.825810001151503, 0.0 ], [ 12.469779006117255, 41.825770001151483, 0.0 ], [ 12.469917006117207, 41.825741001151492, 0.0 ], [ 12.469981006117189, 41.825750001151491, 0.0 ], [ 12.470023006117172, 41.825760001151501, 0.0 ], [ 12.470076006117152, 41.825773001151475, 0.0 ] ] } },
{ "type": "Feature", "properties": { "EntityHand": "217CB", "length_m": 1694.3671446580593, "coverage_pct": 4.8867916685027106 }, "geometry": { "type": "LineString", "coordinates": [ [ 12.471441006117642, 41.834932001150669, 0.0 ], [ 12.471662006117548, 41.834869001150693, 0.0 ], [ 12.471805006117497, 41.834828001150662, 0.0 ], [ 12.471910006117456, 41.834798001150645, 0.0 ], [ 12.472184006117336, 41.834720001150657, 0.0 ], [ 12.473175006116952, 41.834431001150612, 0.0 ], [ 12.473118006116962, 41.834316001150647, 0.0 ], [ 12.472914006116994, 41.833910001150699, 0.0 ], [ 12.473343006116826, 41.833774001150665, 0.0 ], [ 12.473526006116744, 41.833721001150657, 0.0 ], [ 12.473905006116603, 41.833613001150688, 0.0 ], [ 12.474291006116442, 41.83350200115067, 0.0 ], [ 12.475300006116045, 41.833215001150613, 0.0 ], [ 12.475708006115891, 41.833098001150617, 0.0 ], [ 12.475754006115885, 41.833190001150612, 0.0 ], [ 12.475961006115849, 41.83360300115055, 0.0 ], [ 12.476188006115821, 41.834036001150523, 0.0 ], [ 12.47619200611582, 41.834079001150535, 0.0 ], [ 12.476175006115827, 41.834111001150539, 0.0 ], [ 12.476143006115839, 41.834144001150499, 0.0 ], [ 12.476107006115861, 41.834167001150519, 0.0 ], [ 12.474814006116372, 41.834534001150537, 0.0 ], [ 12.47461000611645, 41.834592001150575, 0.0 ], [ 12.47443800611652, 41.834641001150565, 0.0 ], [ 12.474503006116509, 41.834764001150539, 0.0 ], [ 12.474640006116491, 41.835027001150522, 0.0 ], [ 12.474938006116435, 41.835596001150464, 0.0 ], [ 12.475011006116421, 41.835736001150444, 0.0 ], [ 12.475077006116422, 41.835876001150432, 0.0 ], [ 12.475198006116401, 41.836124001150402, 0.0 ], [ 12.475221006116408, 41.836286001150434, 0.0 ], [ 12.475220006116427, 41.836451001150365, 0.0 ], [ 12.475167006116466, 41.836634001150358, 0.0 ], [ 12.475093006116509, 41.836809001150357, 0.0 ], [ 12.475061006116531, 41.836873001150323, 0.0 ], [ 12.475025006116548, 41.836943001150331, 0.0 ], [ 12.474935006116603, 41.837118001150316, 0.0 ], [ 12.474722006116718, 41.837508001150333, 0.0 ], [ 12.474615006116782, 41.8377040011503, 0.0 ], [ 12.474529006116837, 41.837865001150284, 0.0 ], [ 12.47447300611687, 41.838009001150319, 0.0 ], [ 12.474464006116884, 41.838145001150281, 0.0 ], [ 12.47448700611689, 41.838255001150259, 0.0 ], [ 12.474798006116838, 41.838849001150194, 0.0 ], [ 12.474856006116834, 41.838956001150187, 0.0 ], [ 12.474911006116818, 41.839050001150184, 0.0 ] ] } },
{ "type": "Feature", "properties": { "EntityHand": "217D2", "length_m": 30.929536362565667, "coverage_pct": 0.0 }, "geometry": { "type": "LineString", "coordinates": [ [ 12.475661006115436, 41.828727001150973, 0.0 ], [ 12.475921006115335, 41.828654001150959, 0.0 ] ] } },
{ "type": "Feature", "properties": { "EntityHand": "217D3", "length_m": 527.87253598778148, "coverage_pct": 0.0 }, "geometry": { "type": "LineString", "coordinates": [ [ 12.476082006115316, 41.829065001150916, 0.0 ], [ 12.475879006115401, 41.829125001150942, 0.0 ], [ 12.475836006115406, 41.829054001150944, 0.0 ], [ 12.475754006115434, 41.828916001150958, 0.0 ], [ 12.475683006115432, 41.828772001150973, 0.0 ], [ 12.475661006115436, 41.828727001150973, 0.0 ], [ 12.475636006115437, 41.828675001150991, 0.0 ], [ 12.475590006115459, 41.828689001150984, 0.0 ], [ 12.474505006115889, 41.829005001151032, 0.0 ], [ 12.47422200611593, 41.828472001151077, 0.0 ], [ 12.475246006115531, 41.828177001151026, 0.0 ], [ 12.475832006115303, 41.828008001151019, 0.0 ], [ 12.475899006115259, 41.827898001151027, 0.0 ] ] } },
{ "type": "Feature", "properties": { "EntityHand": "217D5", "length_m": 116.92294272306049, "coverage_pct": 0.0 }, "geometry": { "type": "LineString", "coordinates": [ [ 12.46865300611862, 41.834573001150829, 0.0 ], [ 12.468596006118625, 41.834464001150842, 0.0 ], [ 12.468571006118633, 41.834415001150845, 0.0 ], [ 12.468347006118666, 41.833975001150911, 0.0 ], [ 12.468305006118669, 41.833894001150924, 0.0 ], [ 12.468278006118673, 41.833842001150877, 0.0 ] ] } },
{ "type": "Feature", "properties": { "EntityHand": "217D8", "length_m": 405.79538297407038, "coverage_pct": 0.0 }, "geometry": { "type": "LineString", "coordinates": [ [ 12.465227006119397, 41.830211001151326, 0.0 ], [ 12.465189006119413, 41.830215001151338, 0.0 ], [ 12.465151006119426, 41.830209001151367, 0.0 ], [ 12.46511900611943, 41.830194001151348, 0.0 ], [ 12.465094006119436, 41.830172001151375, 0.0 ], [ 12.465081006119437, 41.830145001151351, 0.0 ], [ 12.465081006119437, 41.830117001151379, 0.0 ], [ 12.465094006119429, 41.830090001151348, 0.0 ], [ 12.465118006119415, 41.830068001151339, 0.0 ], [ 12.465150006119401, 41.83005300115137, 0.0 ], [ 12.465664006119201, 41.829897001151345, 0.0 ], [ 12.465718006119177, 41.829853001151356, 0.0 ], [ 12.46620900611898, 41.829711001151345, 0.0 ], [ 12.466264006118964, 41.829725001151346, 0.0 ], [ 12.466501006118873, 41.829656001151349, 0.0 ], [ 12.46653900611885, 41.829651001151333, 0.0 ], [ 12.466578006118842, 41.829656001151335, 0.0 ], [ 12.466612006118828, 41.829671001151333, 0.0 ], [ 12.46663700611882, 41.829694001151317, 0.0 ], [ 12.466650006118824, 41.82972100115132, 0.0 ], [ 12.466650006118831, 41.829750001151318, 0.0 ], [ 12.466637006118836, 41.829778001151325, 0.0 ], [ 12.466612006118849, 41.829800001151355, 0.0 ], [ 12.466578006118857, 41.829815001151303, 0.0 ], [ 12.466341006118947, 41.829884001151306, 0.0 ], [ 12.466313006118966, 41.829922001151317, 0.0 ], [ 12.465823006119155, 41.830066001151295, 0.0 ], [ 12.465743006119192, 41.830060001151352, 0.0 ], [ 12.465227006119397, 41.830211001151326, 0.0 ] ] } },
{ "type": "Feature", "properties": { "EntityHand": "217DA", "length_m": 152.1887831992654, "coverage_pct": 0.0 }, "geometry": { "type": "LineString", "coordinates": [ [ 12.466341006118947, 41.829884001151306, 0.0 ], [ 12.466296006118965, 41.829877001151338, 0.0 ], [ 12.465826006119157, 41.830013001151343, 0.0 ], [ 12.465778006119173, 41.830026001151346, 0.0 ], [ 12.465754006119177, 41.829971001151343, 0.0 ], [ 12.465727006119177, 41.82991300115134, 0.0 ], [ 12.465766006119161, 41.829902001151339, 0.0 ], [ 12.466229006118988, 41.829768001151344, 0.0 ], [ 12.466264006118964, 41.829725001151346, 0.0 ] ] } },
{ "type": "Feature", "properties": { "EntityHand": "217DB", "length_m": 58.05065818134338, "coverage_pct": 0.0 }, "geometry": { "type": "LineString", "coordinates": [ [ 12.4792630061143, 41.830366001150686, 0.0 ], [ 12.479148006114304, 41.829987001150741, 0.0 ] ] } },
{ "type": "Feature", "properties": { "EntityHand": "217DC", "length_m": 126.76977919952056, "coverage_pct": 0.0 }, "geometry": { "type": "LineString", "coordinates": [ [ 12.479030006114352, 41.829972001150729, 0.0 ], [ 12.478982006114361, 41.829943001150731, 0.0 ], [ 12.478950006114369, 41.829905001150728, 0.0 ], [ 12.478937006114366, 41.829865001150743, 0.0 ], [ 12.478941006114365, 41.829824001150733, 0.0 ], [ 12.478961006114345, 41.829786001150744, 0.0 ], [ 12.478995006114339, 41.829754001150754, 0.0 ], [ 12.47904000611431, 41.829731001150734, 0.0 ], [ 12.479089006114297, 41.829720001150761, 0.0 ], [ 12.479140006114275, 41.829719001150742, 0.0 ], [ 12.479189006114261, 41.829729001150739, 0.0 ], [ 12.479233006114249, 41.829748001150705, 0.0 ], [ 12.479268006114239, 41.829776001150734, 0.0 ], [ 12.479291006114231, 41.829809001150721, 0.0 ], [ 12.479301006114232, 41.829856001150738, 0.0 ], [ 12.479289006114241, 41.8299020011507, 0.0 ], [ 12.479256006114259, 41.829942001150712, 0.0 ], [ 12.479208006114279, 41.829972001150722, 0.0 ], [ 12.479148006114304, 41.829987001150741, 0.0 ], [ 12.479087006114332, 41.829987001150734, 0.0 ], [ 12.479030006114352, 41.829972001150729, 0.0 ] ] } },
{ "type": "Feature", "properties": { "EntityHand": "217DF", "length_m": 460.4924534993682, "coverage_pct": 0.0 }, "geometry": { "type": "LineString", "coordinates": [ [ 12.478950006114369, 41.829905001150728, 0.0 ], [ 12.478661006114477, 41.829989001150729, 0.0 ], [ 12.478394006114588, 41.830062001150772, 0.0 ], [ 12.47820700611466, 41.830113001150757, 0.0 ], [ 12.47802800611473, 41.830164001150756, 0.0 ], [ 12.477713006114856, 41.830254001150763, 0.0 ], [ 12.476429006115358, 41.830621001150796, 0.0 ], [ 12.475091006115886, 41.831015001150817, 0.0 ] ] } },
{ "type": "Feature", "properties": { "EntityHand": "217E6", "length_m": 568.65220565797858, "coverage_pct": 0.0 }, "geometry": { "type": "LineString", "coordinates": [ [ 12.467501006119072, 41.834905001150858, 0.0 ], [ 12.467132006119124, 41.834175001150932, 0.0 ], [ 12.466974006119182, 41.834219001150935, 0.0 ], [ 12.466816006119252, 41.834264001150963, 0.0 ], [ 12.467185006119198, 41.834996001150877, 0.0 ], [ 12.467091006119231, 41.835024001150849, 0.0 ], [ 12.467065006119242, 41.835032001150879, 0.0 ], [ 12.466930006119293, 41.835072001150891, 0.0 ], [ 12.466703006119383, 41.835138001150895, 0.0 ], [ 12.466662006119398, 41.835150001150872, 0.0 ], [ 12.466602006119421, 41.835167001150872, 0.0 ], [ 12.466560006119444, 41.835180001150881, 0.0 ], [ 12.466288006119553, 41.835259001150909, 0.0 ], [ 12.466224006119573, 41.835278001150904, 0.0 ], [ 12.46562700611981, 41.835452001150905, 0.0 ], [ 12.465584006119833, 41.835464001150889, 0.0 ], [ 12.465543006119843, 41.83547700115092, 0.0 ], [ 12.464984006120064, 41.8356400011509, 0.0 ], [ 12.464896006120096, 41.835665001150929, 0.0 ], [ 12.464697006120179, 41.835726001150931, 0.0 ] ] } },
{ "type": "Feature", "properties": { "EntityHand": "217E8", "length_m": 772.31793634303483, "coverage_pct": 0.0 }, "geometry": { "type": "LineString", "coordinates": [ [ 12.464230006120227, 41.834604001151028, 0.0 ], [ 12.464378006120169, 41.834519001151044, 0.0 ], [ 12.464537006120093, 41.834412001151037, 0.0 ], [ 12.464607006120064, 41.834348001151056, 0.0 ], [ 12.464610006120061, 41.834303001151049, 0.0 ], [ 12.464562006120076, 41.834256001151061, 0.0 ], [ 12.4644680061201, 41.834246001151058, 0.0 ], [ 12.464288006120164, 41.834243001151059, 0.0 ], [ 12.464165006120208, 41.834248001151074, 0.0 ], [ 12.464063006120247, 41.834276001151068, 0.0 ], [ 12.463893006120323, 41.83434000115107, 0.0 ], [ 12.463689006120408, 41.834452001151099, 0.0 ], [ 12.463615006120444, 41.834530001151087, 0.0 ], [ 12.463607006120451, 41.834571001151055, 0.0 ], [ 12.463631006120446, 41.834610001151056, 0.0 ], [ 12.463716006120414, 41.834629001151058, 0.0 ], [ 12.463833006120367, 41.834634001151059, 0.0 ], [ 12.463979006120313, 41.834635001151049, 0.0 ], [ 12.464230006120227, 41.834604001151028, 0.0 ], [ 12.46434700612021, 41.834828001151017, 0.0 ], [ 12.464410006120199, 41.834957001151011, 0.0 ], [ 12.464449006120192, 41.83503000115099, 0.0 ], [ 12.464581006120149, 41.83506900115097, 0.0 ], [ 12.464896006120096, 41.835665001150929, 0.0 ], [ 12.465082006120078, 41.836034001150864, 0.0 ], [ 12.465111006120065, 41.836068001150863, 0.0 ], [ 12.465154006120049, 41.83608100115088, 0.0 ], [ 12.465214006120027, 41.836073001150858, 0.0 ], [ 12.46594900611974, 41.83587900115085, 0.0 ], [ 12.466015006119731, 41.836004001150847, 0.0 ], [ 12.466184006119704, 41.836327001150806, 0.0 ], [ 12.466285006119685, 41.836519001150783, 0.0 ], [ 12.466369006119674, 41.836684001150793, 0.0 ], [ 12.466456006119653, 41.836854001150762, 0.0 ] ] } },
{ "type": "Feature", "properties": { "EntityHand": "217E9", "length_m": 116.77142052027239, "coverage_pct": 0.0 }, "geometry": { "type": "LineString", "coordinates": [ [ 12.466974006119182, 41.834219001150935, 0.0 ], [ 12.467338006119128, 41.834952001150867, 0.0 ] ] } },
{ "type": "Feature", "properties": { "EntityHand": "217FA", "length_m": 27.344186987628266, "coverage_pct": 0.0 }, "geometry": { "type": "LineString", "coordinates": [ [ 12.472076006116374, 41.825293001151429, 0.0 ], [ 12.472084006116367, 41.82526700115141, 0.0 ], [ 12.47212500611635, 41.825224001151447, 0.0 ], [ 12.472188006116323, 41.825179001151426, 0.0 ], [ 12.4722250061163, 41.825152001151416, 0.0 ] ] } },
{ "type": "Feature", "properties": { "EntityHand": "21810", "length_m": 603.29690226511184, "coverage_pct": 0.0 }, "geometry": { "type": "LineString", "coordinates": [ [ 12.461720006120352, 41.827291001151742, 0.0 ], [ 12.461760006120352, 41.827437001151758, 0.0 ], [ 12.461805006120356, 41.827602001151732, 0.0 ], [ 12.461799006120375, 41.827755001151701, 0.0 ], [ 12.461817006120391, 41.827980001151687, 0.0 ], [ 12.461830006120397, 41.828068001151678, 0.0 ], [ 12.461886006120388, 41.828135001151686, 0.0 ], [ 12.461902006120379, 41.828155001151664, 0.0 ], [ 12.462001006120348, 41.828212001151655, 0.0 ], [ 12.462134006120303, 41.828245001151657, 0.0 ], [ 12.462426006120205, 41.828264001151631, 0.0 ], [ 12.462656006120113, 41.828224001151611, 0.0 ], [ 12.462779006120067, 41.828209001151642, 0.0 ], [ 12.462857006120034, 41.828156001151619, 0.0 ], [ 12.462898006120007, 41.828038001151626, 0.0 ], [ 12.462913006119985, 41.827919001151635, 0.0 ], [ 12.462950006119964, 41.827813001151654, 0.0 ], [ 12.463016006119922, 41.827728001151648, 0.0 ], [ 12.463154006119872, 41.827629001151671, 0.0 ], [ 12.463378006119775, 41.827535001151645, 0.0 ], [ 12.463469006119738, 41.827481001151654, 0.0 ], [ 12.463499006119722, 41.827462001151659, 0.0 ], [ 12.463472006119719, 41.82729900115168, 0.0 ], [ 12.463511006119679, 41.827044001151698, 0.0 ], [ 12.463297006119737, 41.826865001151717, 0.0 ], [ 12.462769006119899, 41.826651001151745, 0.0 ], [ 12.462926006119837, 41.826523001151763, 0.0 ], [ 12.463129006119742, 41.826382001151757, 0.0 ] ] } },
{ "type": "Feature", "properties": { "EntityHand": "21813", "length_m": 1420.011653495422, "coverage_pct": 10.615063178571971 }, "geometry": { "type": "LineString", "coordinates": [ [ 12.457315006122039, 41.828078001151887, 0.0 ], [ 12.457442006121976, 41.827939001151911, 0.0 ], [ 12.457808006121802, 41.827535001151908, 0.0 ], [ 12.458066006121681, 41.827344001151914, 0.0 ], [ 12.458452006121524, 41.827177001151888, 0.0 ], [ 12.45898300612132, 41.827014001151909, 0.0 ], [ 12.459098006121268, 41.826978001151872, 0.0 ], [ 12.459229006121218, 41.826943001151882, 0.0 ], [ 12.459525006121099, 41.826863001151892, 0.0 ], [ 12.45962700612106, 41.826834001151887, 0.0 ], [ 12.459804006120988, 41.826784001151879, 0.0 ], [ 12.460009006120911, 41.826740001151883, 0.0 ], [ 12.460203006120846, 41.826736001151851, 0.0 ], [ 12.460371006120786, 41.826759001151871, 0.0 ], [ 12.460502006120739, 41.826792001151858, 0.0 ], [ 12.460526006120729, 41.826798001151815, 0.0 ], [ 12.460574006120718, 41.82681800115185, 0.0 ], [ 12.460639006120699, 41.826846001151821, 0.0 ], [ 12.460737006120668, 41.826896001151816, 0.0 ], [ 12.460853006120628, 41.82691300115183, 0.0 ], [ 12.4609400061206, 41.826937001151798, 0.0 ], [ 12.460994006120581, 41.826965001151805, 0.0 ], [ 12.461062006120562, 41.827031001151795, 0.0 ], [ 12.461109006120546, 41.827106001151776, 0.0 ], [ 12.461138006120541, 41.827155001151773, 0.0 ], [ 12.461180006120538, 41.827193001151784, 0.0 ], [ 12.461276006120507, 41.827248001151752, 0.0 ], [ 12.461439006120452, 41.827299001151744, 0.0 ], [ 12.461603006120395, 41.827300001151762, 0.0 ], [ 12.461720006120352, 41.827291001151742, 0.0 ], [ 12.461976006120253, 41.827218001151756, 0.0 ], [ 12.462008006120238, 41.827200001151759, 0.0 ], [ 12.462142006120187, 41.827124001151752, 0.0 ], [ 12.462300006120117, 41.827035001151756, 0.0 ], [ 12.462619006119974, 41.826786001151753, 0.0 ], [ 12.462716006119928, 41.826699001151759, 0.0 ], [ 12.462769006119899, 41.826651001151745, 0.0 ], [ 12.462519006119981, 41.82646800115176, 0.0 ], [ 12.462892006119809, 41.826202001151785, 0.0 ], [ 12.463129006119742, 41.826382001151757, 0.0 ], [ 12.463362006119645, 41.826237001151739, 0.0 ], [ 12.463832006119452, 41.826058001151765, 0.0 ], [ 12.464174006119318, 41.82597500115174, 0.0 ], [ 12.46432800611926, 41.825947001151718, 0.0 ], [ 12.464376006119243, 41.825988001151728, 0.0 ], [ 12.46445300611923, 41.826065001151711, 0.0 ], [ 12.464593006119195, 41.826207001151694, 0.0 ], [ 12.464653006119187, 41.826336001151674, 0.0 ], [ 12.464667006119191, 41.826490001151669, 0.0 ], [ 12.464628006119222, 41.826630001151671, 0.0 ], [ 12.46456000611926, 41.826682001151696, 0.0 ], [ 12.464481006119293, 41.826744001151674, 0.0 ], [ 12.464453006119301, 41.826766001151668, 0.0 ], [ 12.464102006119461, 41.827034001151652, 0.0 ], [ 12.463989006119503, 41.827117001151649, 0.0 ], [ 12.463918006119544, 41.82719300115167, 0.0 ], [ 12.463905006119568, 41.827360001151639, 0.0 ], [ 12.463965006119546, 41.827410001151627, 0.0 ], [ 12.464065006119517, 41.827476001151609, 0.0 ], [ 12.464208006119463, 41.827495001151568, 0.0 ], [ 12.464338006119421, 41.827481001151597, 0.0 ], [ 12.464474006119366, 41.827452001151613, 0.0 ], [ 12.464597006119318, 41.827428001151617, 0.0 ], [ 12.464708006119274, 41.827422001151575, 0.0 ], [ 12.464761006119263, 41.82743700115158, 0.0 ], [ 12.464844006119238, 41.827481001151575, 0.0 ], [ 12.464941006119208, 41.827510001151623, 0.0 ], [ 12.464956006119206, 41.827544001151594, 0.0 ] ] } },
{ "type": "Feature", "properties": { "EntityHand": "21821", "length_m": 24.771021695344441, "coverage_pct": 0.0 }, "geometry": { "type": "LineString", "coordinates": [ [ 12.469461006117854, 41.830232001151174, 0.0 ], [ 12.469543006117814, 41.830144001151119, 0.0 ], [ 12.469616006117787, 41.830122001151153, 0.0 ] ] } },
{ "type": "Feature", "properties": { "EntityHand": "21823", "length_m": 394.15556213711864, "coverage_pct": 0.0 }, "geometry": { "type": "LineString", "coordinates": [ [ 12.467588006119151, 41.835929001150781, 0.0 ], [ 12.467686006119134, 41.836122001150756, 0.0 ], [ 12.467765006119116, 41.836276001150736, 0.0 ], [ 12.467824006119113, 41.836395001150734, 0.0 ], [ 12.468022006119085, 41.836814001150664, 0.0 ], [ 12.468185006119064, 41.837141001150648, 0.0 ], [ 12.46822100611905, 41.837193001150652, 0.0 ], [ 12.468266006119043, 41.837246001150639, 0.0 ], [ 12.468489006119009, 41.837671001150575, 0.0 ], [ 12.468540006118999, 41.837790001150601, 0.0 ], [ 12.468582006118996, 41.837878001150578, 0.0 ], [ 12.468600006118992, 41.837907001150555, 0.0 ], [ 12.469251006118732, 41.837722001150532, 0.0 ] ] } },
{ "type": "Feature", "properties": { "EntityHand": "2182A", "length_m": 112.14696859856791, "coverage_pct": 0.0 }, "geometry": { "type": "LineString", "coordinates": [ [ 12.471989006117148, 41.832250001150861, 0.0 ], [ 12.47161500611721, 41.831553001150958, 0.0 ] ] } },
{ "type": "Feature", "properties": { "EntityHand": "21830", "length_m": 201.38983008775597, "coverage_pct": 0.0 }, "geometry": { "type": "LineString", "coordinates": [ [ 12.469029006118483, 41.834579001150829, 0.0 ], [ 12.469216006118449, 41.834934001150771, 0.0 ], [ 12.469680006118269, 41.834797001150747, 0.0 ], [ 12.469956006118233, 41.835355001150738, 0.0 ] ] } },
{ "type": "Feature", "properties": { "EntityHand": "2183A", "length_m": 1105.2879616320963, "coverage_pct": 9.841268132564819 }, "geometry": { "type": "LineString", "coordinates": [ [ 12.431797006127544, 41.793365001155877, 0.0 ], [ 12.430363006127964, 41.792408001156055, 0.0 ], [ 12.429117006128315, 41.791564001156161, 0.0 ], [ 12.428117006128616, 41.790874001156247, 0.0 ], [ 12.427098006128903, 41.790202001156388, 0.0 ], [ 12.425867006129268, 41.789389001156508, 0.0 ], [ 12.425142006129477, 41.788916001156593, 0.0 ], [ 12.425044006129506, 41.788854001156587, 0.0 ], [ 12.425020006129506, 41.788831001156588, 0.0 ], [ 12.424990006129514, 41.78879600115657, 0.0 ], [ 12.424971006129519, 41.788751001156612, 0.0 ], [ 12.424963006129513, 41.788680001156607, 0.0 ], [ 12.424926006129517, 41.788603001156588, 0.0 ], [ 12.424864006129534, 41.788532001156632, 0.0 ], [ 12.424653006129589, 41.788372001156638, 0.0 ], [ 12.424622006129601, 41.78831400115665, 0.0 ] ] } },
{ "type": "Feature", "properties": { "EntityHand": "21840", "length_m": 857.77174804058723, "coverage_pct": 11.290709821532573 }, "geometry": { "type": "LineString", "coordinates": [ [ 12.476099006115737, 41.832980001150617, 0.0 ], [ 12.476116006115733, 41.833015001150606, 0.0 ], [ 12.476142006115724, 41.833072001150597, 0.0 ], [ 12.476160006115723, 41.833110001150608, 0.0 ], [ 12.476340006115709, 41.83349500115056, 0.0 ], [ 12.476607006115671, 41.834086001150482, 0.0 ], [ 12.476632006115665, 41.834141001150464, 0.0 ], [ 12.476845006115649, 41.834705001150432, 0.0 ], [ 12.476922006115664, 41.835133001150382, 0.0 ], [ 12.476957006115711, 41.835645001150354, 0.0 ], [ 12.476966006115703, 41.835697001150358, 0.0 ], [ 12.477014006115727, 41.835979001150335, 0.0 ], [ 12.477076006115725, 41.836199001150291, 0.0 ], [ 12.477111006115724, 41.836310001150309, 0.0 ], [ 12.477393006115703, 41.837047001150211, 0.0 ], [ 12.477528006115682, 41.837368001150203, 0.0 ], [ 12.477679006115665, 41.837681001150152, 0.0 ], [ 12.477709006115663, 41.837732001150158, 0.0 ], [ 12.477740006115653, 41.837793001150153, 0.0 ], [ 12.477850006115643, 41.83801600115013, 0.0 ], [ 12.477880006115633, 41.838076001150128, 0.0 ], [ 12.478098006115554, 41.838009001150127, 0.0 ], [ 12.478175006115515, 41.837986001150099, 0.0 ], [ 12.478439006115408, 41.837905001150091, 0.0 ] ] } },
{ "type": "Feature", "properties": { "EntityHand": "21843", "length_m": 1123.1608627689347, "coverage_pct": 2.7237168615393026 }, "geometry": { "type": "LineString", "coordinates": [ [ 12.458445006122195, 41.833433001151377, 0.0 ], [ 12.456906006122447, 41.830499001151729, 0.0 ], [ 12.457117006122356, 41.830436001151696, 0.0 ], [ 12.458086006121981, 41.830144001151666, 0.0 ], [ 12.458203006121929, 41.830110001151667, 0.0 ], [ 12.458303006121891, 41.830062001151695, 0.0 ], [ 12.458431006121842, 41.83003900115169, 0.0 ], [ 12.458562006121795, 41.830028001151668, 0.0 ], [ 12.458745006121729, 41.830028001151668, 0.0 ], [ 12.458808006121702, 41.830014001151646, 0.0 ], [ 12.458849006121691, 41.829989001151667, 0.0 ], [ 12.458875006121676, 41.829954001151663, 0.0 ], [ 12.458880006121667, 41.829916001151666, 0.0 ], [ 12.458873006121664, 41.829868001151681, 0.0 ], [ 12.458842006121669, 41.829823001151688, 0.0 ], [ 12.458754006121696, 41.829762001151671, 0.0 ], [ 12.458595006121742, 41.829689001151692, 0.0 ], [ 12.458386006121815, 41.82963000115172, 0.0 ], [ 12.458228006121873, 41.829590001151715, 0.0 ], [ 12.458190006121885, 41.829560001151734, 0.0 ], [ 12.458173006121873, 41.829520001151742, 0.0 ], [ 12.458181006121873, 41.829472001151714, 0.0 ], [ 12.458206006121861, 41.829432001151737, 0.0 ], [ 12.458238006121848, 41.829410001151764, 0.0 ], [ 12.458293006121822, 41.829398001151759, 0.0 ], [ 12.458374006121794, 41.829399001151721, 0.0 ], [ 12.458503006121752, 41.829421001151729, 0.0 ], [ 12.458563006121727, 41.82942600115171, 0.0 ], [ 12.458617006121711, 41.829417001151711, 0.0 ], [ 12.458657006121687, 41.829399001151693, 0.0 ], [ 12.458686006121678, 41.829366001151726, 0.0 ], [ 12.458693006121678, 41.829330001151732, 0.0 ], [ 12.458690006121669, 41.829280001151716, 0.0 ], [ 12.458677006121674, 41.829247001151714, 0.0 ], [ 12.458636006121683, 41.829223001151739, 0.0 ], [ 12.458528006121719, 41.829195001151753, 0.0 ], [ 12.458333006121782, 41.82916400115176, 0.0 ], [ 12.458027006121897, 41.829154001151778, 0.0 ], [ 12.457874006121948, 41.829158001151782, 0.0 ], [ 12.457791006121978, 41.829122001151802, 0.0 ], [ 12.457737006121992, 41.829064001151785, 0.0 ], [ 12.457746006121976, 41.828980001151784, 0.0 ], [ 12.458118006121795, 41.82856600115182, 0.0 ], [ 12.458184006121769, 41.828492001151801, 0.0 ] ] } },
{ "type": "Feature", "properties": { "EntityHand": "2185E", "length_m": 170.73948552632493, "coverage_pct": 0.0 }, "geometry": { "type": "LineString", "coordinates": [ [ 12.465920006119493, 41.833455001151044, 0.0 ], [ 12.465843006119504, 41.833374001151043, 0.0 ], [ 12.465775006119527, 41.833339001151053, 0.0 ], [ 12.465700006119553, 41.833336001151082, 0.0 ], [ 12.465366006119691, 41.833426001151075, 0.0 ], [ 12.465233006119735, 41.833384001151096, 0.0 ], [ 12.465289006119708, 41.83328500115109, 0.0 ], [ 12.465624006119564, 41.833196001151087, 0.0 ], [ 12.465681006119544, 41.833155001151084, 0.0 ], [ 12.465713006119522, 41.833103001151102, 0.0 ], [ 12.465709006119525, 41.833038001151102, 0.0 ] ] } },
{ "type": "Feature", "properties": { "EntityHand": "2185F", "length_m": 862.33657708524106, "coverage_pct": 2.0382191777111816 }, "geometry": { "type": "LineString", "coordinates": [ [ 12.462326006119214, 41.818695001152406, 0.0 ], [ 12.462411006119185, 41.818759001152401, 0.0 ], [ 12.462675006119118, 41.818959001152407, 0.0 ], [ 12.462706006119106, 41.818982001152357, 0.0 ], [ 12.463007006119019, 41.819183001152368, 0.0 ], [ 12.463128006118987, 41.819284001152326, 0.0 ], [ 12.463213006118959, 41.81938900115231, 0.0 ], [ 12.463258006118959, 41.819518001152304, 0.0 ], [ 12.46325700611898, 41.819675001152291, 0.0 ], [ 12.463242006118994, 41.819853001152282, 0.0 ], [ 12.46324300611901, 41.819930001152294, 0.0 ], [ 12.463245006119017, 41.820016001152283, 0.0 ], [ 12.463292006119016, 41.820138001152252, 0.0 ], [ 12.46336600611901, 41.820305001152256, 0.0 ], [ 12.463318006119025, 41.820385001152225, 0.0 ], [ 12.463284006119045, 41.820479001152222, 0.0 ], [ 12.463216006119097, 41.820615001152213, 0.0 ], [ 12.463077006119157, 41.820805001152216, 0.0 ], [ 12.462923006119258, 41.821179001152196, 0.0 ], [ 12.462762006119354, 41.821508001152154, 0.0 ], [ 12.462704006119393, 41.821736001152125, 0.0 ], [ 12.462688006119429, 41.821976001152159, 0.0 ], [ 12.462663006119467, 41.822247001152114, 0.0 ], [ 12.462592006119511, 41.822420001152111, 0.0 ], [ 12.462492006119563, 41.822544001152096, 0.0 ], [ 12.462387006119606, 41.822624001152107, 0.0 ], [ 12.462279006119646, 41.822648001152089, 0.0 ], [ 12.462189006119679, 41.822632001152115, 0.0 ], [ 12.46199700611974, 41.822528001152108, 0.0 ], [ 12.461790006119807, 41.822466001152122, 0.0 ], [ 12.461592006119888, 41.822499001152181, 0.0 ], [ 12.461200006120031, 41.82261500115213, 0.0 ], [ 12.46092200612015, 41.822638001152178, 0.0 ], [ 12.46060600612026, 41.822661001152191, 0.0 ] ] } },
{ "type": "Feature", "properties": { "EntityHand": "21860", "length_m": 457.10622966307858, "coverage_pct": 1.8004697904775551 }, "geometry": { "type": "LineString", "coordinates": [ [ 12.473944006115804, 41.826299001151256, 0.0 ], [ 12.473919006115805, 41.826251001151263, 0.0 ], [ 12.47372400611582, 41.825734001151289, 0.0 ], [ 12.474348006115573, 41.825544001151314, 0.0 ], [ 12.474041006115613, 41.82490400115136, 0.0 ], [ 12.472423006116257, 41.8253610011514, 0.0 ] ] } },
{ "type": "Feature", "properties": { "EntityHand": "218A2", "length_m": 1958.4041649351393, "coverage_pct": 4.1706428804988791 }, "geometry": { "type": "LineString", "coordinates": [ [ 12.464406006118633, 41.820403001152179, 0.0 ], [ 12.464470006118612, 41.820380001152174, 0.0 ], [ 12.464615006118528, 41.820139001152192, 0.0 ], [ 12.464703006118498, 41.820152001152195, 0.0 ], [ 12.464918006118429, 41.82020000115218, 0.0 ], [ 12.465145006118354, 41.820236001152189, 0.0 ], [ 12.465271006118305, 41.820218001152156, 0.0 ], [ 12.46533600611828, 41.820176001152163, 0.0 ], [ 12.465454006118199, 41.819903001152177, 0.0 ], [ 12.465514006118172, 41.819802001152198, 0.0 ], [ 12.465636006118123, 41.819753001152165, 0.0 ], [ 12.465825006118054, 41.819751001152163, 0.0 ], [ 12.465944006118017, 41.819838001152149, 0.0 ], [ 12.465972006118017, 41.819916001152137, 0.0 ], [ 12.465985006118025, 41.820074001152129, 0.0 ], [ 12.465997006118057, 41.820356001152113, 0.0 ], [ 12.466039006118057, 41.820506001152104, 0.0 ], [ 12.466099006118048, 41.820634001152072, 0.0 ], [ 12.466245006118005, 41.820749001152087, 0.0 ], [ 12.466588006117897, 41.820890001152044, 0.0 ], [ 12.466846006117814, 41.821024001152018, 0.0 ], [ 12.466968006117789, 41.821148001152011, 0.0 ], [ 12.466979006117793, 41.821272001151989, 0.0 ], [ 12.466984006117803, 41.821345001151983, 0.0 ], [ 12.466918006117837, 41.821461001151967, 0.0 ], [ 12.466467006118059, 41.822025001151943, 0.0 ], [ 12.466124006118237, 41.822462001151926, 0.0 ], [ 12.466286006118176, 41.822512001151928, 0.0 ], [ 12.466964006117955, 41.822713001151875, 0.0 ], [ 12.467456006117793, 41.822885001151818, 0.0 ], [ 12.467590006117756, 41.822958001151804, 0.0 ], [ 12.467687006117728, 41.82302600115181, 0.0 ], [ 12.467830006117694, 41.823215001151802, 0.0 ], [ 12.467954006117676, 41.823471001151759, 0.0 ], [ 12.467968006117683, 41.823533001151759, 0.0 ], [ 12.467988006117686, 41.823619001151791, 0.0 ], [ 12.467934006117687, 41.82354200115175, 0.0 ], [ 12.467906006117696, 41.823501001151762, 0.0 ], [ 12.467825006117708, 41.823332001151797, 0.0 ], [ 12.467740006117721, 41.823183001151804, 0.0 ], [ 12.467666006117746, 41.823098001151806, 0.0 ], [ 12.467582006117762, 41.823021001151808, 0.0 ], [ 12.467494006117791, 41.82296300115182, 0.0 ], [ 12.46741500611782, 41.822919001151831, 0.0 ], [ 12.466935006117973, 41.822761001151875, 0.0 ], [ 12.466086006118257, 41.822519001151946, 0.0 ], [ 12.466064006118259, 41.822513001151925, 0.0 ], [ 12.465865006118323, 41.822432001151945, 0.0 ], [ 12.465702006118375, 41.822358001151969, 0.0 ], [ 12.465585006118411, 41.822258001151972, 0.0 ], [ 12.465545006118413, 41.822194001151999, 0.0 ], [ 12.465506006118417, 41.822132001151992, 0.0 ], [ 12.465418006118433, 41.821954001152015, 0.0 ], [ 12.465329006118454, 41.821820001152034, 0.0 ], [ 12.465270006118466, 41.821787001152025, 0.0 ], [ 12.465182006118507, 41.821771001152044, 0.0 ], [ 12.465124006118517, 41.821751001152023, 0.0 ], [ 12.465098006118522, 41.821742001152039, 0.0 ], [ 12.465068006118534, 41.821707001152078, 0.0 ], [ 12.464897006118562, 41.821351001152074, 0.0 ], [ 12.464847006118566, 41.821248001152078, 0.0 ], [ 12.464824006118567, 41.821205001152094, 0.0 ], [ 12.464406006118633, 41.820403001152179, 0.0 ], [ 12.464329006118646, 41.820237001152194, 0.0 ], [ 12.464327006118642, 41.820172001152187, 0.0 ], [ 12.464413006118598, 41.82002800115221, 0.0 ], [ 12.464406006118598, 41.819957001152233, 0.0 ], [ 12.464348006118591, 41.819857001152229, 0.0 ], [ 12.464277006118612, 41.819718001152253, 0.0 ], [ 12.464250006118613, 41.81960600115228, 0.0 ], [ 12.464247006118603, 41.819498001152276, 0.0 ], [ 12.464302006118562, 41.81933100115225, 0.0 ], [ 12.464373006118517, 41.819205001152248, 0.0 ], [ 12.464412006118499, 41.819132001152283, 0.0 ], [ 12.464597006118389, 41.818773001152302, 0.0 ], [ 12.46465800611835, 41.818654001152325, 0.0 ], [ 12.464690006118337, 41.818593001152323, 0.0 ] ] } },
{ "type": "Feature", "properties": { "EntityHand": "218A4", "length_m": 1424.4838252382049, "coverage_pct": 4.6516155038690279 }, "geometry": { "type": "LineString", "coordinates": [ [ 12.463052006120719, 41.835176001151062, 0.0 ], [ 12.462950006120728, 41.834964001151079, 0.0 ], [ 12.462893006120758, 41.834998001151071, 0.0 ], [ 12.462850006120773, 41.835013001151047, 0.0 ], [ 12.462811006120786, 41.835021001151091, 0.0 ], [ 12.462773006120798, 41.835024001151048, 0.0 ], [ 12.46272500612082, 41.835023001151079, 0.0 ], [ 12.461667006121157, 41.834603001151166, 0.0 ], [ 12.461382006121251, 41.834492001151183, 0.0 ], [ 12.461448006121222, 41.834428001151188, 0.0 ], [ 12.461527006121175, 41.834314001151171, 0.0 ], [ 12.461500006121163, 41.834106001151191, 0.0 ], [ 12.461363006121184, 41.833824001151243, 0.0 ], [ 12.461027006121238, 41.833178001151296, 0.0 ], [ 12.460798006121278, 41.832763001151356, 0.0 ], [ 12.460382006121341, 41.831985001151409, 0.0 ], [ 12.460356006121346, 41.83192200115144, 0.0 ], [ 12.460346006121341, 41.831898001151451, 0.0 ], [ 12.460257006121365, 41.83175100115146, 0.0 ], [ 12.460081006121417, 41.83164500115145, 0.0 ], [ 12.459931006121463, 41.831573001151476, 0.0 ], [ 12.45967400612154, 41.831453001151502, 0.0 ], [ 12.459567006121587, 41.831486001151504, 0.0 ], [ 12.459499006121622, 41.831548001151496, 0.0 ], [ 12.459350006121676, 41.831610001151503, 0.0 ], [ 12.459187006121747, 41.831698001151516, 0.0 ], [ 12.45939800612171, 41.832117001151452, 0.0 ], [ 12.459473006121696, 41.832263001151453, 0.0 ], [ 12.459586006121683, 41.832464001151443, 0.0 ], [ 12.459919006121618, 41.833005001151378, 0.0 ], [ 12.460148006121585, 41.833445001151325, 0.0 ], [ 12.460368006121552, 41.833887001151275, 0.0 ], [ 12.46051800612153, 41.834150001151265, 0.0 ], [ 12.460402006121564, 41.834101001151268, 0.0 ], [ 12.460297006121591, 41.834044001151256, 0.0 ], [ 12.460227006121618, 41.834000001151274, 0.0 ], [ 12.46017600612163, 41.83393000115128, 0.0 ], [ 12.459952006121664, 41.833502001151338, 0.0 ], [ 12.459726006121702, 41.833068001151368, 0.0 ], [ 12.459919006121618, 41.833005001151378, 0.0 ] ] } },
{ "type": "Feature", "properties": { "EntityHand": "21959", "length_m": 65.407380692313211, "coverage_pct": 7.3107813778621935 }, "geometry": { "type": "LineString", "coordinates": [ [ 12.467676006122733, 41.869522001148027, 0.0 ], [ 12.467536006122785, 41.869493001148065, 0.0 ], [ 12.46710300612293, 41.869426001148049, 0.0 ] ] } },
{ "type": "Feature", "properties": { "EntityHand": "2195C", "length_m": 20.827643527431803, "coverage_pct": 0.0 }, "geometry": { "type": "LineString", "coordinates": [ [ 12.466952006123039, 41.870007001148032, 0.0 ], [ 12.466769006123114, 41.869978001148056, 0.0 ] ] } },
{ "type": "Feature", "properties": { "EntityHand": "2195D", "length_m": 20.600614586609996, "coverage_pct": 0.0 }, "geometry": { "type": "LineString", "coordinates": [ [ 12.46679300612309, 41.869908001148048, 0.0 ], [ 12.466973006123036, 41.869940001148052, 0.0 ] ] } },
{ "type": "Feature", "properties": { "EntityHand": "2196E", "length_m": 191.86086882436595, "coverage_pct": 19.812926985045255 }, "geometry": { "type": "LineString", "coordinates": [ [ 12.469538006121427, 41.863660001148432, 0.0 ], [ 12.469594006121401, 41.863667001148407, 0.0 ], [ 12.46963300612139, 41.86367300114842, 0.0 ], [ 12.469717006121357, 41.86368600114843, 0.0 ], [ 12.469600006121453, 41.864143001148364, 0.0 ], [ 12.469566006121473, 41.864240001148389, 0.0 ], [ 12.469439006121565, 41.864665001148353, 0.0 ], [ 12.469382006121592, 41.864690001148347, 0.0 ], [ 12.469342006121607, 41.864693001148368, 0.0 ], [ 12.469310006121617, 41.864696001148353, 0.0 ], [ 12.469252006121637, 41.864690001148368, 0.0 ] ] } },
{ "type": "Feature", "properties": { "EntityHand": "219A4", "length_m": 176.13427580928726, "coverage_pct": 0.0 }, "geometry": { "type": "LineString", "coordinates": [ [ 12.34850700616029, 41.820134001157683, 0.0 ], [ 12.348702006160213, 41.820048001157666, 0.0 ], [ 12.348797006160172, 41.819987001157649, 0.0 ], [ 12.348866006160138, 41.819918001157653, 0.0 ], [ 12.348893006160129, 41.819860001157679, 0.0 ], [ 12.348898006160114, 41.819807001157656, 0.0 ], [ 12.348881006160115, 41.819748001157649, 0.0 ], [ 12.348842006160123, 41.819694001157671, 0.0 ], [ 12.348392006160228, 41.819203001157732, 0.0 ] ] } },
{ "type": "Feature", "properties": { "EntityHand": "219D2", "length_m": 506.77495826533027, "coverage_pct": 0.0 }, "geometry": { "type": "LineString", "coordinates": [ [ 12.350175006159674, 41.819918001157596, 0.0 ], [ 12.350512006159551, 41.819915001157568, 0.0 ], [ 12.35098200615939, 41.819892001157569, 0.0 ], [ 12.35163500615915, 41.819856001157532, 0.0 ], [ 12.352749006158742, 41.819736001157452, 0.0 ], [ 12.353090006158606, 41.819692001157485, 0.0 ], [ 12.353310006158532, 41.819641001157464, 0.0 ], [ 12.353675006158388, 41.81953900115743, 0.0 ], [ 12.354340006158134, 41.81935500115744, 0.0 ], [ 12.354600006158034, 41.819262001157441, 0.0 ] ] } },
{ "type": "Feature", "properties": { "EntityHand": "219D4", "length_m": 203.29242393627703, "coverage_pct": 0.0 }, "geometry": { "type": "LineString", "coordinates": [ [ 12.348707006160137, 41.819428001157696, 0.0 ], [ 12.349474006159923, 41.81996500115762, 0.0 ], [ 12.348722006160211, 41.820101001157624, 0.0 ] ] } },
{ "type": "Feature", "properties": { "EntityHand": "219FC", "length_m": 695.73964710455095, "coverage_pct": 5.2681933186295673 }, "geometry": { "type": "LineString", "coordinates": [ [ 12.430850006132287, 41.834210001152606, 0.0 ], [ 12.430864006132261, 41.83410800115265, 0.0 ], [ 12.431029006132162, 41.833777001152647, 0.0 ], [ 12.431773006131881, 41.833635001152615, 0.0 ], [ 12.431928006131823, 41.833614001152633, 0.0 ], [ 12.432071006131777, 41.833602001152649, 0.0 ], [ 12.433197006131358, 41.83357000115258, 0.0 ], [ 12.433695006131185, 41.833616001152535, 0.0 ], [ 12.434370006130962, 41.833731001152508, 0.0 ], [ 12.43503100613073, 41.833812001152481, 0.0 ], [ 12.435458006130574, 41.833813001152457, 0.0 ], [ 12.436497006130201, 41.833818001152395, 0.0 ], [ 12.436609006130157, 41.833818001152395, 0.0 ] ] } },
{ "type": "Feature", "properties": { "EntityHand": "21A21", "length_m": 252.33442218899398, "coverage_pct": 0.0 }, "geometry": { "type": "LineString", "coordinates": [ [ 12.340394006162773, 41.816390001158339, 0.0 ], [ 12.340614006162705, 41.816495001158323, 0.0 ], [ 12.340828006162642, 41.816588001158294, 0.0 ], [ 12.340859006162628, 41.816602001158316, 0.0 ], [ 12.341018006162583, 41.816663001158275, 0.0 ], [ 12.341110006162548, 41.816691001158269, 0.0 ], [ 12.341271006162494, 41.816738001158249, 0.0 ], [ 12.341426006162447, 41.816783001158264, 0.0 ], [ 12.341484006162428, 41.816800001158271, 0.0 ], [ 12.341780006162333, 41.816878001158258, 0.0 ], [ 12.342475006162104, 41.817039001158172, 0.0 ] ] } },
{ "type": "Feature", "properties": { "EntityHand": "21A33", "length_m": 1253.103775464258, "coverage_pct": 0.0 }, "geometry": { "type": "LineString", "coordinates": [ [ 12.344396006161654, 41.81922000115793, 0.0 ], [ 12.344688006161517, 41.818866001157957, 0.0 ], [ 12.34475400616148, 41.818808001157947, 0.0 ], [ 12.344828006161448, 41.818754001157913, 0.0 ], [ 12.344909006161416, 41.818706001157921, 0.0 ], [ 12.34499500616138, 41.818666001157936, 0.0 ], [ 12.345074006161351, 41.818634001157946, 0.0 ], [ 12.345159006161321, 41.818609001157945, 0.0 ], [ 12.345248006161285, 41.818593001157936, 0.0 ], [ 12.345310006161263, 41.818583001157926, 0.0 ], [ 12.34539700616123, 41.818576001157922, 0.0 ], [ 12.345485006161191, 41.818574001157927, 0.0 ], [ 12.345554006161173, 41.818575001157939, 0.0 ], [ 12.345624006161149, 41.818580001157919, 0.0 ], [ 12.34574000616111, 41.81860100115793, 0.0 ], [ 12.346039006161012, 41.818678001157899, 0.0 ], [ 12.34609700616099, 41.818687001157876, 0.0 ], [ 12.346165006160968, 41.818692001157878, 0.0 ], [ 12.346230006160949, 41.818693001157882, 0.0 ], [ 12.346290006160922, 41.818690001157847, 0.0 ], [ 12.34633500616091, 41.818686001157893, 0.0 ], [ 12.346381006160893, 41.818681001157863, 0.0 ], [ 12.346427006160873, 41.818673001157869, 0.0 ], [ 12.346474006160861, 41.818663001157873, 0.0 ], [ 12.346543006160832, 41.818646001157859, 0.0 ], [ 12.346620006160801, 41.818620001157861, 0.0 ], [ 12.346740006160754, 41.818574001157856, 0.0 ], [ 12.347090006160611, 41.818421001157873, 0.0 ], [ 12.347131006160593, 41.818407001157858, 0.0 ], [ 12.347178006160574, 41.818397001157869, 0.0 ], [ 12.347225006160555, 41.818392001157861, 0.0 ], [ 12.347273006160542, 41.818392001157861, 0.0 ], [ 12.347315006160533, 41.818399001157857, 0.0 ], [ 12.347357006160516, 41.818411001157848, 0.0 ], [ 12.347397006160504, 41.818428001157827, 0.0 ], [ 12.347436006160491, 41.818445001157833, 0.0 ], [ 12.34796000616034, 41.81881500115778, 0.0 ], [ 12.348118006160302, 41.818957001157749, 0.0 ], [ 12.348252006160267, 41.819106001157756, 0.0 ], [ 12.348016006160343, 41.818943001157777, 0.0 ], [ 12.347646006160442, 41.818683001157829, 0.0 ], [ 12.347452006160506, 41.818569001157826, 0.0 ], [ 12.347301006160537, 41.818485001157839, 0.0 ], [ 12.347148006160591, 41.818410001157851, 0.0 ], [ 12.346970006160648, 41.818328001157887, 0.0 ], [ 12.346538006160777, 41.818147001157911, 0.0 ], [ 12.34616400616089, 41.818023001157918, 0.0 ], [ 12.345723006161041, 41.817898001157957, 0.0 ], [ 12.345188006161219, 41.817766001157999, 0.0 ], [ 12.344858006161319, 41.817688001158011, 0.0 ], [ 12.344791006161346, 41.817670001158035, 0.0 ], [ 12.344732006161365, 41.817650001158043, 0.0 ], [ 12.344629006161403, 41.817612001158047, 0.0 ], [ 12.344353006161493, 41.817517001158052, 0.0 ], [ 12.344281006161506, 41.817496001158084, 0.0 ], [ 12.344167006161545, 41.817464001158065, 0.0 ], [ 12.343806006161662, 41.817372001158091, 0.0 ], [ 12.343788006161667, 41.817367001158097, 0.0 ], [ 12.343643006161717, 41.817330001158126, 0.0 ], [ 12.343533006161762, 41.817301001158128, 0.0 ], [ 12.343259006161839, 41.81722700115813, 0.0 ], [ 12.343175006161871, 41.817206001158162, 0.0 ], [ 12.342616006162052, 41.817076001158178, 0.0 ], [ 12.342475006162104, 41.817039001158172, 0.0 ] ] } },
{ "type": "Feature", "properties": { "EntityHand": "21A44", "length_m": 585.10920597132713, "coverage_pct": 0.0 }, "geometry": { "type": "LineString", "coordinates": [ [ 12.344933006161549, 41.820051001157829, 0.0 ], [ 12.345354006161411, 41.820099001157793, 0.0 ], [ 12.345679006161298, 41.820137001157796, 0.0 ], [ 12.346035006161173, 41.820166001157759, 0.0 ], [ 12.346493006161015, 41.820186001157737, 0.0 ], [ 12.347672006160593, 41.820187001157706, 0.0 ], [ 12.347927006160505, 41.820183001157673, 0.0 ], [ 12.348171006160415, 41.820166001157666, 0.0 ], [ 12.34850700616029, 41.820134001157683, 0.0 ], [ 12.348722006160211, 41.820101001157624, 0.0 ], [ 12.348961006160122, 41.820100001157641, 0.0 ], [ 12.349086006160084, 41.820105001157607, 0.0 ], [ 12.34920100616004, 41.82011400115762, 0.0 ], [ 12.349290006160016, 41.820125001157614, 0.0 ], [ 12.349380006159979, 41.820137001157605, 0.0 ], [ 12.349462006159952, 41.820155001157616, 0.0 ], [ 12.349543006159927, 41.820180001157603, 0.0 ], [ 12.349663006159894, 41.820228001157602, 0.0 ], [ 12.349784006159851, 41.820284001157589, 0.0 ], [ 12.350045006159773, 41.820439001157553, 0.0 ] ] } },
{ "type": "Feature", "properties": { "EntityHand": "21A47", "length_m": 33.968541396532402, "coverage_pct": 0.0 }, "geometry": { "type": "LineString", "coordinates": [ [ 12.349870006159787, 41.819925001157607, 0.0 ], [ 12.350175006159674, 41.819918001157596, 0.0 ] ] } },
{ "type": "Feature", "properties": { "EntityHand": "21A4E", "length_m": 3820.3247536912527, "coverage_pct": 0.0 }, "geometry": { "type": "LineString", "coordinates": [ [ 12.354600006158034, 41.819262001157441, 0.0 ], [ 12.354758006157965, 41.81920600115744, 0.0 ], [ 12.355377006157712, 41.818876001157442, 0.0 ], [ 12.355686006157576, 41.818689001157409, 0.0 ], [ 12.355902006157489, 41.818592001157434, 0.0 ], [ 12.356240006157359, 41.818472001157417, 0.0 ], [ 12.356332006157317, 41.818440001157413, 0.0 ], [ 12.356695006157182, 41.818308001157398, 0.0 ], [ 12.356947006157073, 41.818186001157393, 0.0 ], [ 12.357248006156951, 41.818040001157421, 0.0 ], [ 12.357529006156833, 41.817879001157408, 0.0 ], [ 12.357767006156731, 41.81771100115742, 0.0 ], [ 12.357943006156658, 41.817566001157438, 0.0 ], [ 12.358031006156613, 41.817486001157398, 0.0 ], [ 12.358121006156574, 41.817414001157424, 0.0 ], [ 12.358184006156549, 41.817366001157431, 0.0 ], [ 12.358248006156519, 41.817326001157419, 0.0 ], [ 12.358302006156499, 41.817296001157423, 0.0 ], [ 12.358357006156478, 41.817268001157395, 0.0 ], [ 12.358419006156455, 41.817240001157423, 0.0 ], [ 12.358485006156428, 41.817216001157405, 0.0 ], [ 12.358542006156402, 41.817199001157427, 0.0 ], [ 12.358596006156386, 41.817184001157415, 0.0 ], [ 12.358650006156363, 41.817172001157417, 0.0 ], [ 12.358710006156336, 41.817164001157408, 0.0 ], [ 12.358766006156317, 41.817162001157413, 0.0 ], [ 12.358823006156301, 41.817163001157397, 0.0 ], [ 12.358882006156271, 41.817168001157405, 0.0 ], [ 12.358940006156255, 41.817177001157368, 0.0 ], [ 12.358996006156245, 41.817192001157387, 0.0 ], [ 12.359052006156226, 41.817210001157385, 0.0 ], [ 12.359106006156207, 41.817229001157386, 0.0 ], [ 12.359159006156188, 41.817252001157392, 0.0 ], [ 12.359383006156115, 41.817349001157361, 0.0 ], [ 12.359420006156112, 41.817363001157375, 0.0 ], [ 12.359465006156096, 41.817373001157357, 0.0 ], [ 12.359510006156079, 41.817378001157351, 0.0 ], [ 12.359557006156065, 41.817381001157337, 0.0 ], [ 12.359813006155965, 41.817380001157353, 0.0 ], [ 12.360046006155883, 41.817366001157346, 0.0 ], [ 12.360230006155813, 41.817363001157318, 0.0 ], [ 12.360512006155719, 41.817392001157287, 0.0 ], [ 12.360734006155646, 41.817451001157295, 0.0 ], [ 12.361191006155495, 41.817590001157285, 0.0 ], [ 12.361549006155377, 41.817710001157216, 0.0 ], [ 12.361751006155322, 41.817794001157232, 0.0 ], [ 12.363003006154933, 41.818333001157121, 0.0 ], [ 12.363176006154879, 41.818408001157096, 0.0 ], [ 12.363879006154663, 41.818692001157032, 0.0 ], [ 12.364593006154427, 41.818957001156974, 0.0 ], [ 12.365458006154155, 41.819249001156919, 0.0 ], [ 12.365793006154043, 41.819362001156897, 0.0 ], [ 12.366016006153981, 41.819435001156862, 0.0 ], [ 12.366204006153914, 41.819496001156843, 0.0 ], [ 12.366575006153788, 41.819588001156852, 0.0 ], [ 12.366840006153703, 41.81964100115681, 0.0 ], [ 12.367298006153549, 41.8197240011568, 0.0 ], [ 12.36768100615342, 41.819816001156774, 0.0 ], [ 12.369886006152718, 41.820578001156626, 0.0 ], [ 12.371443006152212, 41.821106001156501, 0.0 ], [ 12.372837006151768, 41.82158400115636, 0.0 ], [ 12.373541006151539, 41.82177700115632, 0.0 ], [ 12.374277006151292, 41.821922001156274, 0.0 ], [ 12.37547800615088, 41.822114001156223, 0.0 ], [ 12.376972006150375, 41.822371001156121, 0.0 ], [ 12.377681006150134, 41.822484001156091, 0.0 ], [ 12.377822006150087, 41.822497001156066, 0.0 ], [ 12.380114006149284, 41.822688001155946, 0.0 ], [ 12.380754006149063, 41.822754001155907, 0.0 ], [ 12.38079700614905, 41.822758001155918, 0.0 ], [ 12.381099006148947, 41.822795001155882, 0.0 ], [ 12.381406006148842, 41.822843001155903, 0.0 ], [ 12.381905006148681, 41.822997001155827, 0.0 ], [ 12.382344006148537, 41.823153001155795, 0.0 ], [ 12.382579006148463, 41.823200001155783, 0.0 ], [ 12.382814006148379, 41.823223001155782, 0.0 ], [ 12.383364006148186, 41.823233001155756, 0.0 ], [ 12.384034006147939, 41.823233001155728, 0.0 ], [ 12.384752006147686, 41.823253001155706, 0.0 ], [ 12.385402006147455, 41.823252001155652, 0.0 ], [ 12.385872006147288, 41.823259001155634, 0.0 ], [ 12.386059006147217, 41.82326500115564, 0.0 ], [ 12.386389006147107, 41.823273001155613, 0.0 ] ] } },
{ "type": "Feature", "properties": { "EntityHand": "21A64", "length_m": 315.92668912917384, "coverage_pct": 0.0 }, "geometry": { "type": "LineString", "coordinates": [ [ 12.347733006160471, 41.819281001157741, 0.0 ], [ 12.348112006160333, 41.819185001157734, 0.0 ], [ 12.348148006160313, 41.819173001157743, 0.0 ], [ 12.34817800616031, 41.819159001157757, 0.0 ], [ 12.348209006160292, 41.819140001157734, 0.0 ], [ 12.348252006160267, 41.819106001157756, 0.0 ], [ 12.348392006160228, 41.819203001157732, 0.0 ], [ 12.348707006160137, 41.819428001157696, 0.0 ], [ 12.349154006160004, 41.819653001157633, 0.0 ], [ 12.349357006159943, 41.819739001157629, 0.0 ], [ 12.349560006159875, 41.819813001157627, 0.0 ], [ 12.349684006159839, 41.819851001157637, 0.0 ], [ 12.349815006159796, 41.81987600115761, 0.0 ], [ 12.350175006159674, 41.819918001157596, 0.0 ] ] } },
{ "type": "Feature", "properties": { "EntityHand": "21A91", "length_m": 199.99053452718417, "coverage_pct": 0.0 }, "geometry": { "type": "LineString", "coordinates": [ [ 12.331216006173442, 41.885038001153205, 0.0 ], [ 12.33118900617346, 41.88514600115321, 0.0 ], [ 12.331181006173475, 41.885210001153204, 0.0 ], [ 12.331200006173466, 41.885284001153188, 0.0 ], [ 12.331257006173461, 41.885346001153181, 0.0 ], [ 12.331326006173439, 41.885394001153188, 0.0 ], [ 12.331408006173415, 41.88542100115319, 0.0 ], [ 12.331476006173391, 41.885433001153153, 0.0 ], [ 12.331598006173353, 41.885423001153185, 0.0 ], [ 12.332418006173045, 41.885279001153144, 0.0 ], [ 12.332559006172991, 41.885286001153133, 0.0 ] ] } },
{ "type": "Feature", "properties": { "EntityHand": "21AF3", "length_m": 196.08710405585714, "coverage_pct": 19.116696705201925 }, "geometry": { "type": "LineString", "coordinates": [ [ 12.444149006130981, 41.866818001149355, 0.0 ], [ 12.444886006130718, 41.866824001149332, 0.0 ], [ 12.444888006130697, 41.866717001149325, 0.0 ], [ 12.444151006130966, 41.866711001149355, 0.0 ], [ 12.444149006130981, 41.866818001149355, 0.0 ] ] } },
{ "type": "Feature", "properties": { "EntityHand": "21B06", "length_m": 470.27352357038887, "coverage_pct": 0.0 }, "geometry": { "type": "LineString", "coordinates": [ [ 12.333318006172568, 41.883862001153211, 0.0 ], [ 12.333256006172588, 41.883892001153185, 0.0 ], [ 12.332950006172712, 41.884042001153198, 0.0 ], [ 12.332478006172909, 41.884274001153202, 0.0 ], [ 12.331934006173134, 41.884514001153228, 0.0 ], [ 12.331892006173147, 41.884532001153218, 0.0 ], [ 12.33166600617324, 41.884675001153227, 0.0 ], [ 12.331374006173373, 41.884894001153228, 0.0 ], [ 12.331216006173442, 41.885038001153205, 0.0 ], [ 12.331124006173482, 41.885128001153213, 0.0 ], [ 12.331033006173524, 41.885242001153216, 0.0 ], [ 12.330900006173586, 41.885370001153191, 0.0 ], [ 12.330809006173629, 41.885449001153198, 0.0 ], [ 12.330694006173673, 41.885512001153195, 0.0 ], [ 12.330549006173728, 41.885553001153205, 0.0 ], [ 12.330301006173821, 41.885577001153202, 0.0 ], [ 12.330124006173886, 41.885602001153238, 0.0 ], [ 12.329972006173941, 41.88564300115322, 0.0 ] ] } },
{ "type": "Feature", "properties": { "EntityHand": "21B58", "length_m": 379.85784443160219, "coverage_pct": 7.6807811000669464 }, "geometry": { "type": "LineString", "coordinates": [ [ 12.450213006129255, 41.871232001148741, 0.0 ], [ 12.45029600612923, 41.871236001148731, 0.0 ], [ 12.450726006129074, 41.87125700114867, 0.0 ], [ 12.450930006129003, 41.871270001148673, 0.0 ], [ 12.451157006128923, 41.871295001148674, 0.0 ], [ 12.451130006128942, 41.87138100114867, 0.0 ], [ 12.450979006129046, 41.871858001148645, 0.0 ], [ 12.450797006129164, 41.872331001148623, 0.0 ], [ 12.450605006129232, 41.872289001148623, 0.0 ], [ 12.450299006129331, 41.872218001148632, 0.0 ], [ 12.449886006129471, 41.872122001148632, 0.0 ], [ 12.449816006129494, 41.872106001148694, 0.0 ] ] } },
{ "type": "Feature", "properties": { "EntityHand": "21B6B", "length_m": 101.88098220677647, "coverage_pct": 10.633532871952294 }, "geometry": { "type": "LineString", "coordinates": [ [ 12.466883006124142, 41.879972001147223, 0.0 ], [ 12.467213006124014, 41.879832001147228, 0.0 ], [ 12.467136006124026, 41.879731001147242, 0.0 ], [ 12.467090006124037, 41.879723001147241, 0.0 ], [ 12.467048006124054, 41.879710001147217, 0.0 ], [ 12.467026006124055, 41.879681001147254, 0.0 ], [ 12.467007006124065, 41.879640001147237, 0.0 ], [ 12.467062006124044, 41.879660001147236, 0.0 ], [ 12.467100006124033, 41.879684001147226, 0.0 ], [ 12.467136006124026, 41.879731001147242, 0.0 ] ] } },
{ "type": "Feature", "properties": { "EntityHand": "21B90", "length_m": 158.88698906739521, "coverage_pct": 15.834760631642764 }, "geometry": { "type": "LineString", "coordinates": [ [ 12.438108006136245, 41.895306001147318, 0.0 ], [ 12.438033006136253, 41.895215001147356, 0.0 ], [ 12.437855006136298, 41.894999001147362, 0.0 ], [ 12.437429006136398, 41.894532001147411, 0.0 ], [ 12.437325006136428, 41.894418001147443, 0.0 ] ] } },
{ "type": "Feature", "properties": { "EntityHand": "21BB9", "length_m": 52.870402558317373, "coverage_pct": 0.0 }, "geometry": { "type": "LineString", "coordinates": [ [ 12.4391200061358, 41.894664001147341, 0.0 ], [ 12.439103006135809, 41.89465300114734, 0.0 ], [ 12.438996006135833, 41.894582001147349, 0.0 ], [ 12.438895006135883, 41.894680001147343, 0.0 ], [ 12.43880200613593, 41.894761001147351, 0.0 ] ] } },
{ "type": "Feature", "properties": { "EntityHand": "21BC3", "length_m": 219.45400174880217, "coverage_pct": 4.9520081357982599 }, "geometry": { "type": "LineString", "coordinates": [ [ 12.437855006136298, 41.894999001147362, 0.0 ], [ 12.437348006136439, 41.894653001147397, 0.0 ], [ 12.436639006136643, 41.894180001147468, 0.0 ], [ 12.436721006136617, 41.894120001147492, 0.0 ], [ 12.436864006136547, 41.893999001147485, 0.0 ] ] } },
{ "type": "Feature", "properties": { "EntityHand": "21C7D", "length_m": 231.68760872132324, "coverage_pct": 13.810594518619318 }, "geometry": { "type": "LineString", "coordinates": [ [ 12.437344006136371, 41.893974001147477, 0.0 ], [ 12.437560006136302, 41.894097001147465, 0.0 ], [ 12.437786006136234, 41.894238001147407, 0.0 ], [ 12.437920006136208, 41.894333001147437, 0.0 ], [ 12.438204006136113, 41.894460001147394, 0.0 ], [ 12.438359006136064, 41.894547001147387, 0.0 ], [ 12.438528006136019, 41.894645001147367, 0.0 ], [ 12.43865700613598, 41.894741001147359, 0.0 ], [ 12.438684006135967, 41.894754001147341, 0.0 ], [ 12.438716006135955, 41.894764001147351, 0.0 ], [ 12.438759006135951, 41.894768001147355, 0.0 ], [ 12.43880200613593, 41.894761001147351, 0.0 ], [ 12.438724006135962, 41.894832001147314, 0.0 ], [ 12.43871100613598, 41.894881001147326, 0.0 ], [ 12.438728006135978, 41.89492600114734, 0.0 ] ] } },
{ "type": "Feature", "properties": { "EntityHand": "21C9C", "length_m": 211.94197464636159, "coverage_pct": 0.0 }, "geometry": { "type": "LineString", "coordinates": [ [ 12.383929006157807, 41.914282001148365, 0.0 ], [ 12.384573006157513, 41.913696001148359, 0.0 ], [ 12.384651006157469, 41.913603001148353, 0.0 ], [ 12.384718006157433, 41.913507001148375, 0.0 ], [ 12.384777006157409, 41.913405001148377, 0.0 ], [ 12.384799006157388, 41.913356001148379, 0.0 ], [ 12.384817006157384, 41.913302001148374, 0.0 ], [ 12.384871006157338, 41.913082001148382, 0.0 ] ] } },
{ "type": "Feature", "properties": { "EntityHand": "21CCE", "length_m": 131.04905593394534, "coverage_pct": 0.0 }, "geometry": { "type": "LineString", "coordinates": [ [ 12.438306006136109, 41.894801001147371, 0.0 ], [ 12.438163006136156, 41.894723001147376, 0.0 ], [ 12.437822006136257, 41.894485001147409, 0.0 ], [ 12.437648006136302, 41.894347001147416, 0.0 ], [ 12.437491006136339, 41.894176001147457, 0.0 ] ] } },
{ "type": "Feature", "properties": { "EntityHand": "21D23", "length_m": 22.751443535716916, "coverage_pct": 0.0 }, "geometry": { "type": "LineString", "coordinates": [ [ 12.447240006136006, 41.923840001144583, 0.0 ], [ 12.447234006135997, 41.923688001144583, 0.0 ] ] } },
{ "type": "Feature", "properties": { "EntityHand": "21D8D", "length_m": 170.45921459011811, "coverage_pct": 10.253703903401924 }, "geometry": { "type": "LineString", "coordinates": [ [ 12.430988006143222, 41.936100001144368, 0.0 ], [ 12.431026006143194, 41.935984001144348, 0.0 ], [ 12.431099006143157, 41.935902001144335, 0.0 ], [ 12.431234006143093, 41.935760001144374, 0.0 ], [ 12.43130900614306, 41.935678001144367, 0.0 ], [ 12.431346006143032, 41.935606001144357, 0.0 ], [ 12.431365006143025, 41.935504001144345, 0.0 ], [ 12.431406006143002, 41.935457001144371, 0.0 ], [ 12.431512006142942, 41.935360001144353, 0.0 ], [ 12.431698006142888, 41.93533500114436, 0.0 ], [ 12.431895006142804, 41.935334001144348, 0.0 ] ] } },
{ "type": "Feature", "properties": { "EntityHand": "21E3C", "length_m": 1956.0478230123215, "coverage_pct": 5.5427861232400311 }, "geometry": { "type": "LineString", "coordinates": [ [ 12.493712006125934, 41.987113001137246, 0.0 ], [ 12.494020006125838, 41.987303001137207, 0.0 ], [ 12.494637006125659, 41.987728001137135, 0.0 ], [ 12.494815006125606, 41.987893001137145, 0.0 ], [ 12.494960006125575, 41.988053001137104, 0.0 ], [ 12.495158006125534, 41.988368001137076, 0.0 ], [ 12.495274006125531, 41.988629001137049, 0.0 ], [ 12.495341006125519, 41.988859001137001, 0.0 ], [ 12.495370006125535, 41.989027001137011, 0.0 ], [ 12.495381006125548, 41.989235001136976, 0.0 ], [ 12.495355006125584, 41.989433001136973, 0.0 ], [ 12.495324006125603, 41.989614001136964, 0.0 ], [ 12.495281006125635, 41.989762001136938, 0.0 ], [ 12.495194006125699, 41.989992001136947, 0.0 ], [ 12.495105006125758, 41.990258001136908, 0.0 ], [ 12.495040006125809, 41.99046000113691, 0.0 ], [ 12.49499200612585, 41.9907200011369, 0.0 ], [ 12.49497700612587, 41.990879001136861, 0.0 ], [ 12.49497400612589, 41.991022001136869, 0.0 ], [ 12.494998006125948, 41.991602001136812, 0.0 ], [ 12.495042006125979, 41.992021001136806, 0.0 ], [ 12.495089006125987, 41.992296001136765, 0.0 ], [ 12.495157006125998, 41.992624001136711, 0.0 ], [ 12.495196006126005, 41.992770001136712, 0.0 ], [ 12.495246006125996, 41.992907001136707, 0.0 ], [ 12.495363006125984, 41.99318900113667, 0.0 ], [ 12.495514006125969, 41.993502001136669, 0.0 ], [ 12.495690006125933, 41.993807001136602, 0.0 ], [ 12.495962006125886, 41.994273001136548, 0.0 ], [ 12.496562006125775, 41.99530600113642, 0.0 ], [ 12.49697300612571, 41.996032001136363, 0.0 ], [ 12.497181006125667, 41.996399001136318, 0.0 ], [ 12.497274006125659, 41.996619001136295, 0.0 ], [ 12.497344006125651, 41.996815001136291, 0.0 ], [ 12.497397006125654, 41.997012001136248, 0.0 ], [ 12.497419006125677, 41.997255001136239, 0.0 ], [ 12.497417006125703, 41.997444001136245, 0.0 ], [ 12.49737100612575, 41.9978360011362, 0.0 ], [ 12.497308006125813, 41.998166001136163, 0.0 ], [ 12.497199006125904, 41.998695001136149, 0.0 ], [ 12.497094006125993, 41.999072001136113, 0.0 ], [ 12.497004006126051, 41.999350001136094, 0.0 ] ] } },
{ "type": "Feature", "properties": { "EntityHand": "21EC5", "length_m": 112.40351897601738, "coverage_pct": 0.0 }, "geometry": { "type": "LineString", "coordinates": [ [ 12.45583800613425, 41.936413001143151, 0.0 ], [ 12.455768006134276, 41.936492001143137, 0.0 ], [ 12.455691006134314, 41.936500001143145, 0.0 ], [ 12.455621006134336, 41.936486001143166, 0.0 ], [ 12.455558006134348, 41.936446001143167, 0.0 ], [ 12.455332006134407, 41.936207001143188, 0.0 ], [ 12.455213006134457, 41.936144001143212, 0.0 ], [ 12.455110006134479, 41.936114001143217, 0.0 ] ] } },
{ "type": "Feature", "properties": { "EntityHand": "21EC6", "length_m": 31.919529845088121, "coverage_pct": 0.0 }, "geometry": { "type": "LineString", "coordinates": [ [ 12.454910006134524, 41.935886001143253, 0.0 ], [ 12.454950006134514, 41.935895001143237, 0.0 ], [ 12.455004006134502, 41.935922001143226, 0.0 ], [ 12.45505400613448, 41.935965001143245, 0.0 ], [ 12.455122006134467, 41.936023001143212, 0.0 ] ] } },
{ "type": "Feature", "properties": { "EntityHand": "21EE2", "length_m": 53.544141963264877, "coverage_pct": 0.0 }, "geometry": { "type": "LineString", "coordinates": [ [ 12.485683006124932, 41.95071700114061, 0.0 ], [ 12.486163006124746, 41.950694001140583, 0.0 ] ] } },
{ "type": "Feature", "properties": { "EntityHand": "21F26", "length_m": 358.70319797254575, "coverage_pct": 19.263175693919088 }, "geometry": { "type": "LineString", "coordinates": [ [ 12.462810006131532, 41.934734001142964, 0.0 ], [ 12.461940006131794, 41.934214001143054, 0.0 ], [ 12.46182900613182, 41.934142001143051, 0.0 ], [ 12.461704006131862, 41.934050001143085, 0.0 ], [ 12.461618006131893, 41.934042001143055, 0.0 ], [ 12.461519006131921, 41.933990001143073, 0.0 ], [ 12.461487006131929, 41.93397300114308, 0.0 ], [ 12.461280006131997, 41.9338640011431, 0.0 ], [ 12.460387006132256, 41.933320001143194, 0.0 ], [ 12.460303006132282, 41.933248001143191, 0.0 ] ] } },
{ "type": "Feature", "properties": { "EntityHand": "21F49", "length_m": 138.80296023818761, "coverage_pct": 19.245105444767049 }, "geometry": { "type": "LineString", "coordinates": [ [ 12.468327006130869, 41.947131001141692, 0.0 ], [ 12.468379006130869, 41.947274001141679, 0.0 ], [ 12.468391006130865, 41.94729900114168, 0.0 ], [ 12.468418006130857, 41.947320001141669, 0.0 ], [ 12.46843700613084, 41.947328001141678, 0.0 ], [ 12.46846000613084, 41.947336001141686, 0.0 ], [ 12.468495006130828, 41.947341001141659, 0.0 ], [ 12.468531006130814, 41.947342001141664, 0.0 ], [ 12.469385006130503, 41.947350001141615, 0.0 ] ] } },
{ "type": "Feature", "properties": { "EntityHand": "21F4E", "length_m": 358.22314666844824, "coverage_pct": 0.0 }, "geometry": { "type": "LineString", "coordinates": [ [ 12.458618006132768, 41.932127001143371, 0.0 ], [ 12.458595006132789, 41.932094001143369, 0.0 ], [ 12.458502006132802, 41.931961001143371, 0.0 ], [ 12.458465006132805, 41.931908001143384, 0.0 ], [ 12.458646006132739, 41.931845001143401, 0.0 ], [ 12.458747006132691, 41.931804001143384, 0.0 ], [ 12.458713006132689, 41.931677001143406, 0.0 ], [ 12.458730006132667, 41.931492001143425, 0.0 ], [ 12.458790006132643, 41.931454001143422, 0.0 ], [ 12.458876006132609, 41.931448001143416, 0.0 ], [ 12.459048006132571, 41.931768001143375, 0.0 ], [ 12.459165006132556, 41.931938001143351, 0.0 ], [ 12.45935500613251, 41.932134001143339, 0.0 ], [ 12.459339006132517, 41.932194001143316, 0.0 ], [ 12.459210006132569, 41.932214001143336, 0.0 ], [ 12.459022006132626, 41.932105001143348, 0.0 ], [ 12.458918006132654, 41.932021001143376, 0.0 ], [ 12.458794006132704, 41.932067001143373, 0.0 ], [ 12.458618006132768, 41.932127001143371, 0.0 ] ] } },
{ "type": "Feature", "properties": { "EntityHand": "21F4F", "length_m": 21.136483779902878, "coverage_pct": 0.0 }, "geometry": { "type": "LineString", "coordinates": [ [ 12.458678006132738, 41.931908001143384, 0.0 ], [ 12.458502006132802, 41.931961001143371, 0.0 ] ] } },
{ "type": "Feature", "properties": { "EntityHand": "21F50", "length_m": 21.388401317746364, "coverage_pct": 0.0 }, "geometry": { "type": "LineString", "coordinates": [ [ 12.458764006132713, 41.932026001143399, 0.0 ], [ 12.458595006132789, 41.932094001143369, 0.0 ] ] } },
{ "type": "Feature", "properties": { "EntityHand": "21F51", "length_m": 267.22314989920835, "coverage_pct": 0.86201463051297322 }, "geometry": { "type": "LineString", "coordinates": [ [ 12.458675006132644, 41.931090001143438, 0.0 ], [ 12.458776006132645, 41.931411001143445, 0.0 ], [ 12.458668006132685, 41.931460001143421, 0.0 ], [ 12.458618006132706, 41.931506001143433, 0.0 ], [ 12.458633006132731, 41.931793001143369, 0.0 ], [ 12.458646006132739, 41.931845001143401, 0.0 ], [ 12.458678006132738, 41.931908001143384, 0.0 ], [ 12.458764006132713, 41.932026001143399, 0.0 ], [ 12.458794006132704, 41.932067001143373, 0.0 ], [ 12.458884006132688, 41.932134001143361, 0.0 ], [ 12.45904800613263, 41.932240001143356, 0.0 ], [ 12.459206006132582, 41.932309001143338, 0.0 ], [ 12.459339006132538, 41.932326001143316, 0.0 ], [ 12.459389006132517, 41.932300001143318, 0.0 ], [ 12.459435006132491, 41.932275001143331, 0.0 ], [ 12.459577006132434, 41.932193001143318, 0.0 ] ] } },
{ "type": "Feature", "properties": { "EntityHand": "21F81", "length_m": 123.55811519197314, "coverage_pct": 0.0 }, "geometry": { "type": "LineString", "coordinates": [ [ 12.455414006134339, 41.935791001143208, 0.0 ], [ 12.456523006133938, 41.935825001143172, 0.0 ] ] } },
{ "type": "Feature", "properties": { "EntityHand": "21F83", "length_m": 1264.9729479647012, "coverage_pct": 3.7529346430704393 }, "geometry": { "type": "LineString", "coordinates": [ [ 12.489440006125045, 41.964501001139269, 0.0 ], [ 12.488947006125183, 41.964070001139319, 0.0 ], [ 12.488804006125216, 41.963942001139372, 0.0 ], [ 12.488753006125229, 41.963901001139376, 0.0 ], [ 12.488744006125232, 41.963891001139359, 0.0 ], [ 12.488191006125378, 41.963303001139465, 0.0 ], [ 12.487732006125491, 41.962815001139504, 0.0 ], [ 12.487654006125501, 41.962732001139507, 0.0 ], [ 12.487467006125557, 41.962560001139536, 0.0 ], [ 12.487370006125582, 41.962471001139555, 0.0 ], [ 12.48733100612559, 41.962430001139573, 0.0 ], [ 12.486469006125818, 41.961634001139664, 0.0 ], [ 12.486275006125878, 41.961474001139685, 0.0 ], [ 12.486115006125923, 41.961365001139711, 0.0 ], [ 12.48605200612594, 41.961308001139734, 0.0 ], [ 12.485991006125959, 41.961250001139696, 0.0 ], [ 12.485925006125965, 41.961164001139721, 0.0 ], [ 12.485873006125974, 41.961072001139719, 0.0 ], [ 12.485745006125976, 41.960650001139783, 0.0 ], [ 12.485510006125953, 41.959594001139877, 0.0 ], [ 12.485317006125909, 41.95851300113997, 0.0 ], [ 12.485284006125838, 41.957821001140026, 0.0 ], [ 12.485267006125833, 41.957729001140024, 0.0 ], [ 12.485254006125839, 41.95768600114004, 0.0 ], [ 12.485230006125837, 41.957648001140029, 0.0 ], [ 12.48495500612592, 41.957412001140057, 0.0 ], [ 12.48490200612593, 41.957340001140096, 0.0 ], [ 12.484882006125929, 41.957260001140078, 0.0 ], [ 12.484933006125891, 41.95714000114009, 0.0 ], [ 12.484950006125883, 41.957104001140102, 0.0 ] ] } },
{ "type": "Feature", "properties": { "EntityHand": "21F85", "length_m": 443.49634672318757, "coverage_pct": 16.487694733918211 }, "geometry": { "type": "LineString", "coordinates": [ [ 12.466179006130544, 41.936911001142647, 0.0 ], [ 12.466304006130491, 41.93683900114263, 0.0 ], [ 12.466389006130457, 41.93684000114262, 0.0 ], [ 12.466413006130452, 41.936857001142613, 0.0 ], [ 12.46649000613043, 41.936911001142619, 0.0 ], [ 12.466446006130459, 41.937021001142604, 0.0 ], [ 12.466776006130347, 41.937047001142588, 0.0 ], [ 12.468671006129671, 41.937197001142472, 0.0 ], [ 12.469184006129483, 41.937242001142458, 0.0 ], [ 12.469707006129301, 41.93728300114244, 0.0 ], [ 12.469874006129237, 41.937294001142419, 0.0 ] ] } },
{ "type": "Feature", "properties": { "EntityHand": "21FA1", "length_m": 179.44132362218795, "coverage_pct": 0.0 }, "geometry": { "type": "LineString", "coordinates": [ [ 12.48606400612484, 41.951175001140534, 0.0 ], [ 12.486265006124739, 41.950997001140536, 0.0 ], [ 12.486205006124763, 41.951000001140542, 0.0 ], [ 12.486133006124795, 41.950986001140535, 0.0 ], [ 12.486079006124811, 41.950960001140551, 0.0 ], [ 12.48603400612482, 41.950919001140548, 0.0 ], [ 12.48601500612482, 41.950870001140572, 0.0 ], [ 12.486010006124824, 41.950824001140582, 0.0 ], [ 12.486022006124813, 41.950781001140541, 0.0 ], [ 12.4860560061248, 41.950741001140578, 0.0 ], [ 12.486106006124773, 41.95071200114058, 0.0 ], [ 12.486163006124746, 41.950694001140583, 0.0 ], [ 12.486246006124723, 41.950690001140586, 0.0 ], [ 12.486329006124693, 41.950716001140549, 0.0 ], [ 12.486387006124673, 41.950759001140554, 0.0 ], [ 12.48641500612467, 41.950808001140551, 0.0 ], [ 12.486421006124671, 41.950851001140542, 0.0 ], [ 12.486410006124675, 41.950890001140529, 0.0 ], [ 12.486381006124697, 41.950936001140533, 0.0 ], [ 12.486329006124723, 41.950974001140537, 0.0 ], [ 12.486265006124739, 41.950997001140536, 0.0 ] ] } },
{ "type": "Feature", "properties": { "EntityHand": "21FA8", "length_m": 267.77524042815435, "coverage_pct": 0.0 }, "geometry": { "type": "LineString", "coordinates": [ [ 12.455279006134376, 41.935728001143218, 0.0 ], [ 12.455367006134345, 41.93574700114322, 0.0 ], [ 12.455414006134339, 41.935791001143208, 0.0 ], [ 12.455396006134343, 41.935817001143214, 0.0 ], [ 12.45532000613437, 41.935836001143215, 0.0 ], [ 12.455259006134391, 41.93584000114322, 0.0 ], [ 12.455159006134437, 41.935887001143229, 0.0 ], [ 12.455125006134461, 41.935958001143248, 0.0 ], [ 12.455122006134467, 41.936023001143212, 0.0 ], [ 12.455162006134454, 41.936045001143214, 0.0 ], [ 12.455254006134426, 41.936098001143186, 0.0 ], [ 12.455382006134398, 41.936173001143203, 0.0 ], [ 12.455609006134338, 41.936408001143178, 0.0 ], [ 12.455661006134314, 41.936427001143166, 0.0 ], [ 12.455722006134287, 41.936434001143155, 0.0 ], [ 12.455773006134274, 41.93643100114317, 0.0 ], [ 12.45583800613425, 41.936413001143151, 0.0 ], [ 12.455961006134189, 41.936302001143147, 0.0 ], [ 12.456045006134156, 41.936226001143162, 0.0 ], [ 12.456140006134111, 41.936145001143196, 0.0 ], [ 12.456348006134016, 41.935962001143153, 0.0 ] ] } },
{ "type": "Feature", "properties": { "EntityHand": "22018", "length_m": 7.1993170851324519, "coverage_pct": 0.0 }, "geometry": { "type": "LineString", "coordinates": [ [ 12.462637006119129, 41.818998001152394, 0.0 ], [ 12.462675006119118, 41.818959001152407, 0.0 ] ] } },
{ "type": "Feature", "properties": { "EntityHand": "22023", "length_m": 278.7609118584096, "coverage_pct": 0.0 }, "geometry": { "type": "LineString", "coordinates": [ [ 12.478889006114317, 41.829282001150787, 0.0 ], [ 12.478824006114348, 41.829300001150798, 0.0 ], [ 12.478683006114402, 41.829350001150779, 0.0 ], [ 12.478559006114457, 41.829420001150794, 0.0 ], [ 12.478457006114505, 41.829508001150771, 0.0 ], [ 12.47838200611454, 41.829610001150783, 0.0 ], [ 12.47833700611457, 41.829721001150773, 0.0 ], [ 12.478324006114585, 41.829837001150779, 0.0 ], [ 12.47834300611459, 41.829952001150779, 0.0 ], [ 12.478394006114588, 41.830062001150772, 0.0 ], [ 12.478470006114566, 41.830157001150717, 0.0 ], [ 12.478569006114538, 41.830240001150713, 0.0 ], [ 12.478689006114507, 41.830305001150712, 0.0 ], [ 12.47882400611446, 41.830352001150708, 0.0 ], [ 12.478968006114416, 41.830379001150675, 0.0 ], [ 12.479117006114352, 41.830383001150686, 0.0 ], [ 12.4792630061143, 41.830366001150686, 0.0 ], [ 12.479403006114245, 41.830332001150659, 0.0 ] ] } },
{ "type": "Feature", "properties": { "EntityHand": "22024", "length_m": 103.18115340744761, "coverage_pct": 0.0 }, "geometry": { "type": "LineString", "coordinates": [ [ 12.461145006119921, 41.82132500115226, 0.0 ], [ 12.461114006119933, 41.821298001152272, 0.0 ], [ 12.46109700611993, 41.821264001152272, 0.0 ], [ 12.461095006119926, 41.821229001152282, 0.0 ], [ 12.461108006119916, 41.821195001152248, 0.0 ], [ 12.461136006119906, 41.821166001152278, 0.0 ], [ 12.46117600611989, 41.821143001152272, 0.0 ], [ 12.461224006119869, 41.821133001152255, 0.0 ], [ 12.461274006119854, 41.821134001152274, 0.0 ], [ 12.461321006119839, 41.821148001152295, 0.0 ], [ 12.461358006119827, 41.821173001152239, 0.0 ], [ 12.461382006119813, 41.821206001152241, 0.0 ], [ 12.461390006119824, 41.821243001152261, 0.0 ], [ 12.46138200611983, 41.821280001152267, 0.0 ], [ 12.461358006119843, 41.821311001152267, 0.0 ], [ 12.461323006119857, 41.821335001152242, 0.0 ], [ 12.461279006119877, 41.82134900115225, 0.0 ], [ 12.461232006119896, 41.82135200115227, 0.0 ], [ 12.461185006119903, 41.821344001152241, 0.0 ], [ 12.461145006119921, 41.82132500115226, 0.0 ] ] } },
{ "type": "Feature", "properties": { "EntityHand": "22025", "length_m": 98.938533006952326, "coverage_pct": 0.0 }, "geometry": { "type": "LineString", "coordinates": [ [ 12.462059006119437, 41.819872001152298, 0.0 ], [ 12.462103006119417, 41.819860001152342, 0.0 ], [ 12.462150006119399, 41.819860001152342, 0.0 ], [ 12.462194006119384, 41.819871001152343, 0.0 ], [ 12.462231006119366, 41.819892001152326, 0.0 ], [ 12.462257006119364, 41.819921001152295, 0.0 ], [ 12.462269006119358, 41.819955001152337, 0.0 ], [ 12.46226600611937, 41.819990001152306, 0.0 ], [ 12.462247006119377, 41.820022001152324, 0.0 ], [ 12.462216006119395, 41.820048001152315, 0.0 ], [ 12.462175006119411, 41.820064001152311, 0.0 ], [ 12.462129006119431, 41.820070001152317, 0.0 ], [ 12.462082006119445, 41.820065001152308, 0.0 ], [ 12.462041006119451, 41.820048001152301, 0.0 ], [ 12.462009006119462, 41.820023001152336, 0.0 ], [ 12.461990006119473, 41.819991001152353, 0.0 ], [ 12.461986006119465, 41.819956001152313, 0.0 ], [ 12.461997006119459, 41.819923001152333, 0.0 ], [ 12.462022006119449, 41.819893001152323, 0.0 ], [ 12.462059006119437, 41.819872001152298, 0.0 ] ] } },
{ "type": "Feature", "properties": { "EntityHand": "22027", "length_m": 196.17632435990475, "coverage_pct": 16.424993394808283 }, "geometry": { "type": "LineString", "coordinates": [ [ 12.461896006120895, 41.832923001151265, 0.0 ], [ 12.461785006120939, 41.8329540011513, 0.0 ], [ 12.461027006121238, 41.833178001151296, 0.0 ], [ 12.460260006121539, 41.833411001151326, 0.0 ] ] } },
{ "type": "Feature", "properties": { "EntityHand": "2202B", "length_m": 787.46611378066564, "coverage_pct": 0.0 }, "geometry": { "type": "LineString", "coordinates": [ [ 12.464560006120321, 41.83663400115087, 0.0 ], [ 12.464588006120318, 41.836626001150847, 0.0 ], [ 12.464528006120329, 41.836511001150875, 0.0 ], [ 12.465852006119798, 41.836132001150816, 0.0 ], [ 12.466039006119773, 41.836489001150788, 0.0 ], [ 12.466106006119762, 41.83662600115079, 0.0 ], [ 12.466150006119751, 41.836660001150783, 0.0 ], [ 12.46627700611973, 41.836898001150757, 0.0 ], [ 12.464918006120268, 41.837305001150796, 0.0 ], [ 12.464696006120308, 41.836884001150842, 0.0 ], [ 12.464560006120321, 41.83663400115087, 0.0 ], [ 12.464534006120331, 41.836586001150849, 0.0 ], [ 12.464469006120341, 41.836466001150882, 0.0 ], [ 12.465013006120124, 41.836300001150867, 0.0 ], [ 12.466015006119731, 41.836004001150847, 0.0 ] ] } },
{ "type": "Feature", "properties": { "EntityHand": "22041", "length_m": 120.99429850506543, "coverage_pct": 19.570105323755204 }, "geometry": { "type": "LineString", "coordinates": [ [ 12.540893006098344, 41.891788001142807, 0.0 ], [ 12.540960006098322, 41.891792001142818, 0.0 ], [ 12.541010006098301, 41.891794001142806, 0.0 ], [ 12.540979006098345, 41.89213500114279, 0.0 ], [ 12.540933006098403, 41.892471001142759, 0.0 ], [ 12.540877006098418, 41.89246400114277, 0.0 ] ] } },
{ "type": "Feature", "properties": { "EntityHand": "22046", "length_m": 318.04267533674158, "coverage_pct": 18.641870803838838 }, "geometry": { "type": "LineString", "coordinates": [ [ 12.54061200609851, 41.892426001142766, 0.0 ], [ 12.54061100609851, 41.892358001142796, 0.0 ], [ 12.540619006098474, 41.892087001142805, 0.0 ], [ 12.540637006098452, 41.891978001142839, 0.0 ], [ 12.540654006098446, 41.8919060011428, 0.0 ], [ 12.540688006098419, 41.891864001142814, 0.0 ], [ 12.540756006098393, 41.891823001142832, 0.0 ], [ 12.540893006098344, 41.891788001142807, 0.0 ], [ 12.540886006098352, 41.891865001142833, 0.0 ], [ 12.540876006098367, 41.891981001142838, 0.0 ], [ 12.540854006098401, 41.892224001142786, 0.0 ], [ 12.54082800609844, 41.892457001142766, 0.0 ], [ 12.540877006098418, 41.89246400114277, 0.0 ], [ 12.540918006098369, 41.892173001142794, 0.0 ], [ 12.540960006098322, 41.891792001142818, 0.0 ] ] } },
{ "type": "Feature", "properties": { "EntityHand": "2204E", "length_m": 837.11407319061334, "coverage_pct": 15.709553631949877 }, "geometry": { "type": "LineString", "coordinates": [ [ 12.580573006080185, 41.859086001143659, 0.0 ], [ 12.580705006080127, 41.858980001143664, 0.0 ], [ 12.580781006080088, 41.858863001143675, 0.0 ], [ 12.58088500608001, 41.858544001143663, 0.0 ], [ 12.580970006079971, 41.858405001143694, 0.0 ], [ 12.581459006079754, 41.858120001143682, 0.0 ], [ 12.581573006079713, 41.858055001143697, 0.0 ], [ 12.582463006079319, 41.857513001143694, 0.0 ], [ 12.582658006079232, 41.857394001143689, 0.0 ], [ 12.583695006078777, 41.856758001143703, 0.0 ], [ 12.583812006078732, 41.856688001143688, 0.0 ], [ 12.583900006078686, 41.856595001143695, 0.0 ], [ 12.583914006078677, 41.856526001143699, 0.0 ], [ 12.583908006078676, 41.856450001143713, 0.0 ], [ 12.583879006078659, 41.856284001143727, 0.0 ], [ 12.583668006078643, 41.855393001143803, 0.0 ], [ 12.583807006078596, 41.855377001143808, 0.0 ], [ 12.58378900607859, 41.855295001143801, 0.0 ], [ 12.583741006078585, 41.855074001143841, 0.0 ], [ 12.583930006078539, 41.855260001143805, 0.0 ], [ 12.584022006078506, 41.855335001143814, 0.0 ], [ 12.584060006078493, 41.855365001143788, 0.0 ] ] } },
{ "type": "Feature", "properties": { "EntityHand": "22075", "length_m": 26.277207038347832, "coverage_pct": 0.0 }, "geometry": { "type": "LineString", "coordinates": [ [ 12.495616006111357, 41.858484001147637, 0.0 ], [ 12.495757006111287, 41.858343001147631, 0.0 ] ] } }
]
}
