{
"type": "FeatureCollection",
"name": "gv_parzialmente_coperte_grafo2026",
"crs": { "type": "name", "properties": { "name": "urn:ogc:def:crs:OGC:1.3:CRS84" } },
"features": [
{ "type": "Feature", "properties": { "EntityHand": "2003C", "length_m": 259.44317244272418, "coverage_pct": 22.19946990193646 }, "geometry": { "type": "LineString", "coordinates": [ [ 12.46885900612609, 41.904678001145129, 0.0 ], [ 12.468970006126046, 41.904713001145105, 0.0 ], [ 12.469063006126021, 41.904743001145114, 0.0 ], [ 12.469376006125911, 41.904794001145106, 0.0 ], [ 12.469922006125744, 41.905037001145033, 0.0 ], [ 12.470685006125482, 41.905226001144982, 0.0 ], [ 12.470836006125436, 41.905306001144965, 0.0 ], [ 12.470889006125415, 41.905320001144986, 0.0 ], [ 12.470989006125388, 41.90534700114496, 0.0 ] ] } },
{ "type": "Feature", "properties": { "EntityHand": "2004D", "length_m": 56.070107264843756, "coverage_pct": 57.554219753063883 }, "geometry": { "type": "LineString", "coordinates": [ [ 12.469590006127387, 41.919172001143913, 0.0 ], [ 12.469210006127497, 41.918926001143944, 0.0 ] ] } },
{ "type": "Feature", "properties": { "EntityHand": "2005A", "length_m": 80.366078964244849, "coverage_pct": 54.957923198621891 }, "geometry": { "type": "LineString", "coordinates": [ [ 12.469563006126917, 41.914766001144258, 0.0 ], [ 12.469471006126938, 41.914586001144301, 0.0 ], [ 12.469216006127009, 41.914406001144322, 0.0 ], [ 12.46912300612704, 41.914360001144352, 0.0 ] ] } },
{ "type": "Feature", "properties": { "EntityHand": "2006C", "length_m": 76.442714827886974, "coverage_pct": 66.676497459924803 }, "geometry": { "type": "LineString", "coordinates": [ [ 12.504513006111157, 41.886836001144907, 0.0 ], [ 12.504626006111138, 41.887081001144914, 0.0 ], [ 12.504954006111014, 41.887018001144881, 0.0 ] ] } },
{ "type": "Feature", "properties": { "EntityHand": "20092", "length_m": 102.37993613596221, "coverage_pct": 23.513595256346655 }, "geometry": { "type": "LineString", "coordinates": [ [ 12.477003006123176, 41.905134001144724, 0.0 ], [ 12.476130006123496, 41.905206001144755, 0.0 ], [ 12.476089006123511, 41.905210001144738, 0.0 ] ] } },
{ "type": "Feature", "properties": { "EntityHand": "200EF", "length_m": 497.79776942659089, "coverage_pct": 63.750108707034478 }, "geometry": { "type": "LineString", "coordinates": [ [ 12.484542006117817, 41.880933001146303, 0.0 ], [ 12.484401006117867, 41.880933001146325, 0.0 ], [ 12.48429100611791, 41.880958001146318, 0.0 ], [ 12.484195006117963, 41.881024001146351, 0.0 ], [ 12.484081006118007, 41.881115001146355, 0.0 ], [ 12.484063006117994, 41.88096000114632, 0.0 ], [ 12.484029006117995, 41.880859001146348, 0.0 ], [ 12.483978006118006, 41.880733001146375, 0.0 ], [ 12.483911006118017, 41.8806020011464, 0.0 ], [ 12.48376600611804, 41.880384001146417, 0.0 ], [ 12.48344100611814, 41.880251001146426, 0.0 ], [ 12.48334000611818, 41.880210001146416, 0.0 ], [ 12.48318100611823, 41.880150001146454, 0.0 ], [ 12.482780006118368, 41.880077001146489, 0.0 ], [ 12.482439006118479, 41.879971001146487, 0.0 ], [ 12.482075006118603, 41.87983400114652, 0.0 ], [ 12.482259006118527, 41.879823001146519, 0.0 ], [ 12.482373006118491, 41.8797940011465, 0.0 ], [ 12.482463006118451, 41.879749001146529, 0.0 ], [ 12.482684006118344, 41.879607001146496, 0.0 ], [ 12.482936006118246, 41.87946300114654, 0.0 ] ] } },
{ "type": "Feature", "properties": { "EntityHand": "200F4", "length_m": 540.218655407406, "coverage_pct": 25.199999312690718 }, "geometry": { "type": "LineString", "coordinates": [ [ 12.456885006130634, 41.906499001145527, 0.0 ], [ 12.457662006130354, 41.906448001145485, 0.0 ], [ 12.458742006129951, 41.906372001145442, 0.0 ], [ 12.458710006129945, 41.90617300114549, 0.0 ], [ 12.458660006129925, 41.905884001145502, 0.0 ], [ 12.458652006129926, 41.905858001145504, 0.0 ], [ 12.458616006129935, 41.905846001145505, 0.0 ], [ 12.458229006130079, 41.905874001145534, 0.0 ], [ 12.457765006130261, 41.905973001145547, 0.0 ], [ 12.456873006130598, 41.906162001145574, 0.0 ], [ 12.456878006130614, 41.906292001145566, 0.0 ], [ 12.456885006130634, 41.906499001145527, 0.0 ] ] } },
{ "type": "Feature", "properties": { "EntityHand": "20115", "length_m": 95.830838118196411, "coverage_pct": 44.849234650997829 }, "geometry": { "type": "LineString", "coordinates": [ [ 12.514615006108034, 41.892172001144026, 0.0 ], [ 12.514554006108057, 41.892119001143996, 0.0 ], [ 12.514529006108061, 41.89209600114404, 0.0 ], [ 12.514508006108056, 41.892075001144015, 0.0 ], [ 12.514267006108131, 41.891881001144064, 0.0 ], [ 12.514201006108145, 41.891826001144061, 0.0 ], [ 12.514149006108154, 41.891782001144037, 0.0 ], [ 12.514117006108167, 41.891734001144037, 0.0 ], [ 12.514101006108163, 41.891670001144035, 0.0 ] ] } },
{ "type": "Feature", "properties": { "EntityHand": "2012C", "length_m": 232.39337930532386, "coverage_pct": 56.982820233284237 }, "geometry": { "type": "LineString", "coordinates": [ [ 12.473392006123996, 41.900544001145299, 0.0 ], [ 12.473913006123803, 41.900539001145226, 0.0 ], [ 12.473913006123801, 41.900522001145227, 0.0 ], [ 12.473914006123799, 41.900500001145232, 0.0 ], [ 12.473918006123766, 41.900224001145247, 0.0 ], [ 12.473814006123805, 41.900223001145257, 0.0 ], [ 12.47368400612385, 41.900221001145262, 0.0 ], [ 12.473636006123861, 41.900221001145262, 0.0 ], [ 12.473416006123953, 41.90021900114526, 0.0 ], [ 12.473413006123961, 41.90035800114525, 0.0 ], [ 12.47328300612401, 41.90035800114525, 0.0 ], [ 12.47328200612402, 41.900445001145251, 0.0 ], [ 12.473279006124024, 41.900508001145255, 0.0 ], [ 12.473392006123996, 41.900544001145299, 0.0 ] ] } },
{ "type": "Feature", "properties": { "EntityHand": "2013A", "length_m": 597.84381705429894, "coverage_pct": 20.099768814117155 }, "geometry": { "type": "LineString", "coordinates": [ [ 12.503128006113599, 41.904788001143523, 0.0 ], [ 12.503245006113548, 41.904692001143516, 0.0 ], [ 12.503472006113437, 41.904502001143506, 0.0 ], [ 12.503424006113462, 41.904475001143545, 0.0 ], [ 12.503375006113473, 41.904443001143534, 0.0 ], [ 12.503129006113543, 41.904282001143585, 0.0 ], [ 12.502889006113614, 41.904138001143579, 0.0 ], [ 12.502813006113643, 41.904096001143593, 0.0 ], [ 12.502756006113652, 41.904063001143591, 0.0 ], [ 12.502746006113657, 41.904057001143592, 0.0 ], [ 12.50254800611372, 41.903937001143625, 0.0 ], [ 12.502364006113774, 41.903818001143641, 0.0 ], [ 12.502266006113793, 41.90375800114365, 0.0 ], [ 12.502218006113816, 41.903726001143639, 0.0 ], [ 12.502165006113833, 41.903694001143641, 0.0 ], [ 12.501964006113926, 41.903856001143659, 0.0 ], [ 12.501879006113965, 41.903916001143642, 0.0 ], [ 12.501763006114022, 41.904012001143663, 0.0 ], [ 12.501512006114124, 41.90423500114364, 0.0 ], [ 12.501538006114124, 41.904266001143618, 0.0 ], [ 12.501574006114112, 41.904290001143636, 0.0 ], [ 12.502059006113964, 41.90458400114359, 0.0 ], [ 12.502139006113939, 41.904634001143577, 0.0 ], [ 12.502743006113766, 41.905009001143526, 0.0 ], [ 12.502812006113743, 41.905051001143512, 0.0 ], [ 12.502934006113682, 41.90495300114349, 0.0 ], [ 12.503046006113641, 41.904863001143525, 0.0 ], [ 12.503128006113599, 41.904788001143523, 0.0 ] ] } },
{ "type": "Feature", "properties": { "EntityHand": "2013E", "length_m": 94.889800689316473, "coverage_pct": 53.911462359453509 }, "geometry": { "type": "LineString", "coordinates": [ [ 12.468446006127207, 41.913705001144415, 0.0 ], [ 12.468454006127191, 41.913582001144405, 0.0 ], [ 12.468959006127028, 41.913712001144383, 0.0 ], [ 12.468908006127061, 41.91381900114439, 0.0 ] ] } },
{ "type": "Feature", "properties": { "EntityHand": "20146", "length_m": 153.95872228424255, "coverage_pct": 71.791026826110723 }, "geometry": { "type": "LineString", "coordinates": [ [ 12.488244006118927, 41.90371800114432, 0.0 ], [ 12.488190006118927, 41.903553001144303, 0.0 ], [ 12.488174006118928, 41.903512001144321, 0.0 ], [ 12.488160006118923, 41.903432001144324, 0.0 ], [ 12.488274006118878, 41.903444001144301, 0.0 ], [ 12.488382006118838, 41.903463001144303, 0.0 ], [ 12.488882006118686, 41.903655001144301, 0.0 ], [ 12.48906100611862, 41.903722001144267, 0.0 ] ] } },
{ "type": "Feature", "properties": { "EntityHand": "2018B", "length_m": 64.888803557825099, "coverage_pct": 76.754824669389876 }, "geometry": { "type": "LineString", "coordinates": [ [ 12.47364000612489, 41.909718001144512, 0.0 ], [ 12.473513006124955, 41.909886001144507, 0.0 ], [ 12.473307006125051, 41.910072001144478, 0.0 ] ] } },
{ "type": "Feature", "properties": { "EntityHand": "201B8", "length_m": 60.410188501005692, "coverage_pct": 41.181429443348158 }, "geometry": { "type": "LineString", "coordinates": [ [ 12.465219006126897, 41.899871001145705, 0.0 ], [ 12.465472006126834, 41.900184001145675, 0.0 ], [ 12.465499006126832, 41.90021700114567, 0.0 ] ] } },
{ "type": "Feature", "properties": { "EntityHand": "201C2", "length_m": 1223.4655378934181, "coverage_pct": 70.948137876760669 }, "geometry": { "type": "LineString", "coordinates": [ [ 12.469692006126818, 41.914209001144307, 0.0 ], [ 12.469540006126861, 41.914073001144317, 0.0 ], [ 12.469494006126871, 41.914036001144318, 0.0 ], [ 12.469284006126939, 41.913938001144359, 0.0 ], [ 12.469054006127008, 41.913855001144363, 0.0 ], [ 12.468908006127061, 41.91381900114439, 0.0 ], [ 12.468446006127207, 41.913705001144415, 0.0 ], [ 12.468439006127227, 41.913790001144413, 0.0 ], [ 12.468451006127228, 41.913873001144381, 0.0 ], [ 12.468452006127229, 41.9139190011444, 0.0 ], [ 12.468456006127278, 41.914388001144367, 0.0 ], [ 12.468454006127301, 41.914541001144357, 0.0 ], [ 12.468590006127249, 41.91450400114433, 0.0 ], [ 12.46912300612704, 41.914360001144352, 0.0 ], [ 12.469394006126933, 41.914333001144307, 0.0 ], [ 12.469507006126898, 41.914327001144315, 0.0 ], [ 12.469556006126878, 41.914325001144284, 0.0 ], [ 12.46966900612683, 41.914318001144302, 0.0 ], [ 12.46965200612685, 41.914398001144278, 0.0 ], [ 12.469620006126876, 41.914546001144302, 0.0 ], [ 12.469563006126917, 41.914766001144258, 0.0 ], [ 12.469540006126971, 41.915123001144266, 0.0 ], [ 12.469475006127059, 41.915798001144196, 0.0 ], [ 12.469501006127098, 41.916141001144155, 0.0 ], [ 12.46964000612714, 41.917099001144074, 0.0 ], [ 12.469730006127163, 41.917565001144048, 0.0 ], [ 12.469784006127192, 41.918035001143998, 0.0 ], [ 12.469794006127213, 41.91828700114398, 0.0 ], [ 12.469748006127265, 41.918614001143951, 0.0 ], [ 12.469149006127505, 41.918757001143952, 0.0 ], [ 12.468998006127556, 41.918790001143968, 0.0 ], [ 12.468557006127753, 41.91905200114396, 0.0 ] ] } },
{ "type": "Feature", "properties": { "EntityHand": "201C4", "length_m": 113.35511020082548, "coverage_pct": 24.720029600906564 }, "geometry": { "type": "LineString", "coordinates": [ [ 12.496395006112831, 41.874821001146273, 0.0 ], [ 12.49647400611275, 41.874380001146285, 0.0 ], [ 12.496493006112715, 41.874067001146329, 0.0 ] ] } },
{ "type": "Feature", "properties": { "EntityHand": "201F1", "length_m": 132.17657210527005, "coverage_pct": 58.060482511054722 }, "geometry": { "type": "LineString", "coordinates": [ [ 12.481990006118373, 41.877487001146719, 0.0 ], [ 12.481948006118378, 41.877405001146741, 0.0 ], [ 12.481922006118369, 41.877219001146756, 0.0 ], [ 12.481909006118368, 41.87709900114676, 0.0 ], [ 12.481904006118359, 41.87705700114676, 0.0 ], [ 12.481888006118369, 41.877098001146734, 0.0 ], [ 12.481860006118389, 41.877174001146749, 0.0 ], [ 12.481815006118421, 41.877273001146754, 0.0 ], [ 12.481752006118448, 41.877329001146741, 0.0 ], [ 12.481717006118458, 41.877352001146733, 0.0 ], [ 12.481581006118514, 41.877402001146734, 0.0 ] ] } },
{ "type": "Feature", "properties": { "EntityHand": "20212", "length_m": 398.39706414094695, "coverage_pct": 58.265880086305287 }, "geometry": { "type": "LineString", "coordinates": [ [ 12.469823006125567, 41.903053001145217, 0.0 ], [ 12.469903006125532, 41.903033001145218, 0.0 ], [ 12.470005006125493, 41.903029001145178, 0.0 ], [ 12.470291006125404, 41.903108001145199, 0.0 ], [ 12.471060006125143, 41.903356001145134, 0.0 ], [ 12.471799006124904, 41.903602001145074, 0.0 ], [ 12.472035006124822, 41.903643001145049, 0.0 ], [ 12.471765006124903, 41.903494001145077, 0.0 ], [ 12.47119800612508, 41.903274001145114, 0.0 ], [ 12.471139006125096, 41.903222001145124, 0.0 ], [ 12.471136006125098, 41.90321200114515, 0.0 ], [ 12.471107006125104, 41.903128001145163, 0.0 ] ] } },
{ "type": "Feature", "properties": { "EntityHand": "20231", "length_m": 865.36735118388333, "coverage_pct": 78.350886143017547 }, "geometry": { "type": "LineString", "coordinates": [ [ 12.490167006116035, 41.883454001145864, 0.0 ], [ 12.490225006116004, 41.883373001145856, 0.0 ], [ 12.490521006115857, 41.883054001145879, 0.0 ], [ 12.490608006115826, 41.883004001145885, 0.0 ], [ 12.491013006115654, 41.882772001145895, 0.0 ], [ 12.492967006114801, 41.881563001145878, 0.0 ], [ 12.493066006114764, 41.881506001145873, 0.0 ], [ 12.493194006114711, 41.88143000114588, 0.0 ], [ 12.493242006114691, 41.881404001145867, 0.0 ], [ 12.49386000611443, 41.881043001145891, 0.0 ], [ 12.49455000611413, 41.880624001145868, 0.0 ], [ 12.495132006113879, 41.880260001145885, 0.0 ], [ 12.49517400611386, 41.880210001145898, 0.0 ], [ 12.495208006113842, 41.880158001145901, 0.0 ], [ 12.495233006113819, 41.88004200114591, 0.0 ], [ 12.49523600611381, 41.879986001145902, 0.0 ], [ 12.495226006113773, 41.879574001145947, 0.0 ], [ 12.495222006113757, 41.879395001145951, 0.0 ] ] } },
{ "type": "Feature", "properties": { "EntityHand": "20266", "length_m": 1195.4999502098156, "coverage_pct": 26.600536248169181 }, "geometry": { "type": "LineString", "coordinates": [ [ 12.453057006133012, 41.915664001144933, 0.0 ], [ 12.453122006132986, 41.915584001144978, 0.0 ], [ 12.453285006132917, 41.915466001145006, 0.0 ], [ 12.453410006132858, 41.915400001144974, 0.0 ], [ 12.453662006132786, 41.915532001144946, 0.0 ], [ 12.453857006132726, 41.915658001144926, 0.0 ], [ 12.454043006132677, 41.915826001144914, 0.0 ], [ 12.45443000613257, 41.916173001144863, 0.0 ], [ 12.454481006132555, 41.916195001144864, 0.0 ], [ 12.454649006132495, 41.916155001144851, 0.0 ], [ 12.454860006132412, 41.916157001144839, 0.0 ], [ 12.454995006132371, 41.916206001144836, 0.0 ], [ 12.455116006132341, 41.916265001144815, 0.0 ], [ 12.455209006132305, 41.916312001144853, 0.0 ], [ 12.455279006132287, 41.916354001144811, 0.0 ], [ 12.455409006132246, 41.9164540011448, 0.0 ], [ 12.455476006132233, 41.916516001144792, 0.0 ], [ 12.455500006132228, 41.916539001144791, 0.0 ], [ 12.455573006132211, 41.916654001144806, 0.0 ], [ 12.455659006132191, 41.916808001144751, 0.0 ], [ 12.455661006132209, 41.916917001144775, 0.0 ], [ 12.455628006132232, 41.91700600114477, 0.0 ], [ 12.45558900613225, 41.917090001144722, 0.0 ], [ 12.456025006132133, 41.917449001144682, 0.0 ], [ 12.456376006132034, 41.917738001144656, 0.0 ], [ 12.456414006132036, 41.917803001144648, 0.0 ], [ 12.456495006132009, 41.917940001144615, 0.0 ], [ 12.456517006132012, 41.917976001144609, 0.0 ], [ 12.456400006132061, 41.91804200114462, 0.0 ], [ 12.456196006132148, 41.918184001144617, 0.0 ], [ 12.456080006132192, 41.918222001144592, 0.0 ], [ 12.456005006132219, 41.918199001144643, 0.0 ], [ 12.455856006132276, 41.91815400114465, 0.0 ], [ 12.455844006132272, 41.918136001144632, 0.0 ], [ 12.455783006132288, 41.918086001144651, 0.0 ], [ 12.45533200613241, 41.917694001144703, 0.0 ], [ 12.454868006132543, 41.917316001144748, 0.0 ], [ 12.454644006132604, 41.917134001144781, 0.0 ], [ 12.454534006132628, 41.917044001144788, 0.0 ], [ 12.454428006132661, 41.91696200114481, 0.0 ], [ 12.454354006132679, 41.916899001144792, 0.0 ], [ 12.454106006132747, 41.916698001144823, 0.0 ], [ 12.453992006132779, 41.916601001144855, 0.0 ], [ 12.453938006132795, 41.916556001144855, 0.0 ], [ 12.453524006132904, 41.916203001144915, 0.0 ], [ 12.453512006132909, 41.91619300114489, 0.0 ], [ 12.453274006132975, 41.915998001144935, 0.0 ], [ 12.45321600613299, 41.915951001144947, 0.0 ], [ 12.453187006132998, 41.915928001144948, 0.0 ], [ 12.453125006133007, 41.915803001144937, 0.0 ], [ 12.453057006133012, 41.915664001144933, 0.0 ] ] } },
{ "type": "Feature", "properties": { "EntityHand": "20288", "length_m": 50.269456430623201, "coverage_pct": 64.944641620433089 }, "geometry": { "type": "LineString", "coordinates": [ [ 12.482271006118115, 41.875983001146842, 0.0 ], [ 12.482117006118163, 41.875923001146866, 0.0 ], [ 12.481865006118246, 41.875836001146872, 0.0 ] ] } },
{ "type": "Feature", "properties": { "EntityHand": "202A0", "length_m": 42.88207007002957, "coverage_pct": 64.692224332184608 }, "geometry": { "type": "LineString", "coordinates": [ [ 12.490654006116992, 41.894005001144969, 0.0 ], [ 12.490759006116955, 41.894012001144972, 0.0 ], [ 12.490908006116909, 41.894045001144939, 0.0 ], [ 12.491007006116881, 41.894101001144968, 0.0 ] ] } },
{ "type": "Feature", "properties": { "EntityHand": "202CE", "length_m": 20.86956145070161, "coverage_pct": 48.743073047047858 }, "geometry": { "type": "LineString", "coordinates": [ [ 12.458100006130985, 41.913786001144885, 0.0 ], [ 12.457920006131042, 41.913747001144884, 0.0 ] ] } },
{ "type": "Feature", "properties": { "EntityHand": "20326", "length_m": 66.944686952095253, "coverage_pct": 43.112224267273398 }, "geometry": { "type": "LineString", "coordinates": [ [ 12.472686006124238, 41.900442001145279, 0.0 ], [ 12.472730006124221, 41.900427001145303, 0.0 ], [ 12.472773006124212, 41.900424001145282, 0.0 ], [ 12.472830006124182, 41.900426001145298, 0.0 ], [ 12.473168006124061, 41.900441001145268, 0.0 ], [ 12.47328200612402, 41.900445001145251, 0.0 ] ] } },
{ "type": "Feature", "properties": { "EntityHand": "20379", "length_m": 159.64392302985954, "coverage_pct": 61.629909247530577 }, "geometry": { "type": "LineString", "coordinates": [ [ 12.463288006129375, 41.916354001144441, 0.0 ], [ 12.463140006129414, 41.916303001144442, 0.0 ], [ 12.462960006129485, 41.916235001144464, 0.0 ], [ 12.46286000612951, 41.916132001144462, 0.0 ], [ 12.462794006129517, 41.915992001144481, 0.0 ], [ 12.462876006129466, 41.915826001144509, 0.0 ], [ 12.463043006129373, 41.915506001144522, 0.0 ] ] } },
{ "type": "Feature", "properties": { "EntityHand": "20394", "length_m": 370.59322521864584, "coverage_pct": 28.610032786134255 }, "geometry": { "type": "LineString", "coordinates": [ [ 12.458869006129838, 41.905733001145514, 0.0 ], [ 12.458639006129919, 41.905762001145511, 0.0 ], [ 12.458228006130074, 41.905807001145526, 0.0 ], [ 12.457769006130258, 41.905897001145561, 0.0 ], [ 12.456846006130615, 41.90612600114558, 0.0 ], [ 12.456766006130653, 41.906256001145579, 0.0 ], [ 12.456878006130614, 41.906292001145566, 0.0 ], [ 12.457102006130546, 41.906335001145557, 0.0 ], [ 12.457246006130489, 41.906348001145545, 0.0 ], [ 12.457439006130423, 41.906355001145528, 0.0 ], [ 12.457621006130351, 41.906354001145509, 0.0 ], [ 12.457659006130342, 41.906355001145499, 0.0 ], [ 12.457788006130297, 41.906353001145533, 0.0 ] ] } },
{ "type": "Feature", "properties": { "EntityHand": "203A0", "length_m": 462.36862457079008, "coverage_pct": 75.935784221979873 }, "geometry": { "type": "LineString", "coordinates": [ [ 12.481536006119706, 41.88831200114587, 0.0 ], [ 12.48151800611971, 41.88832000114585, 0.0 ], [ 12.481393006119761, 41.888370001145873, 0.0 ], [ 12.48129500611981, 41.888409001145853, 0.0 ], [ 12.481272006119815, 41.88842000114586, 0.0 ], [ 12.481280006119819, 41.888445001145854, 0.0 ], [ 12.481296006119816, 41.888470001145848, 0.0 ], [ 12.481315006119809, 41.888512001145877, 0.0 ], [ 12.481317006119816, 41.888554001145863, 0.0 ], [ 12.481312006119815, 41.88857200114586, 0.0 ], [ 12.481300006119827, 41.888647001145863, 0.0 ], [ 12.481287006119842, 41.888720001145856, 0.0 ], [ 12.481270006119855, 41.888783001145853, 0.0 ], [ 12.481225006119889, 41.888895001145833, 0.0 ], [ 12.481154006119931, 41.889066001145835, 0.0 ], [ 12.481078006119974, 41.889250001145811, 0.0 ], [ 12.481112006119959, 41.889259001145795, 0.0 ], [ 12.481214006119931, 41.889284001145832, 0.0 ], [ 12.481380006119867, 41.889306001145783, 0.0 ], [ 12.481479006119834, 41.889311001145792, 0.0 ], [ 12.481530006119819, 41.889312001145782, 0.0 ], [ 12.481870006119687, 41.889316001145779, 0.0 ], [ 12.481966006119652, 41.889315001145768, 0.0 ], [ 12.482120006119604, 41.889313001145766, 0.0 ], [ 12.482148006119562, 41.889025001145768, 0.0 ], [ 12.482150006119555, 41.888987001145765, 0.0 ], [ 12.482167006119546, 41.888934001145792, 0.0 ], [ 12.482135006119551, 41.888907001145789, 0.0 ], [ 12.482052006119579, 41.888859001145818, 0.0 ], [ 12.481905006119618, 41.888740001145806, 0.0 ], [ 12.481615006119696, 41.88845600114584, 0.0 ], [ 12.481638006119677, 41.888442001145862, 0.0 ], [ 12.481665006119671, 41.88842800114584, 0.0 ], [ 12.481594006119687, 41.888348001145872, 0.0 ], [ 12.481566006119703, 41.888317001145872, 0.0 ], [ 12.481556006119705, 41.888305001145888, 0.0 ], [ 12.481536006119706, 41.88831200114587, 0.0 ] ] } },
{ "type": "Feature", "properties": { "EntityHand": "203A5", "length_m": 335.33310939731086, "coverage_pct": 22.612749521205831 }, "geometry": { "type": "LineString", "coordinates": [ [ 12.50397600611131, 41.886389001144956, 0.0 ], [ 12.504036006111306, 41.886559001144953, 0.0 ], [ 12.504009006111332, 41.886714001144973, 0.0 ], [ 12.503964006111376, 41.886982001144929, 0.0 ], [ 12.503951006111381, 41.887034001144919, 0.0 ], [ 12.503910006111422, 41.887200001144947, 0.0 ], [ 12.504008006111377, 41.887193001144887, 0.0 ], [ 12.504131006111329, 41.887151001144908, 0.0 ], [ 12.504318006111259, 41.887112001144885, 0.0 ], [ 12.504367006111236, 41.887105001144882, 0.0 ], [ 12.504626006111138, 41.887081001144914, 0.0 ], [ 12.504460006111191, 41.887012001144896, 0.0 ], [ 12.504354006111225, 41.886930001144925, 0.0 ], [ 12.504226006111256, 41.886795001144911, 0.0 ], [ 12.504108006111288, 41.886646001144967, 0.0 ], [ 12.50397600611131, 41.886389001144956, 0.0 ] ] } },
{ "type": "Feature", "properties": { "EntityHand": "203A9", "length_m": 98.671898264728569, "coverage_pct": 61.81265058379973 }, "geometry": { "type": "LineString", "coordinates": [ [ 12.505456006110863, 41.887310001144833, 0.0 ], [ 12.50525300611093, 41.887242001144827, 0.0 ], [ 12.504878006111053, 41.887156001144866, 0.0 ], [ 12.504626006111138, 41.887081001144914, 0.0 ] ] } },
{ "type": "Feature", "properties": { "EntityHand": "203B1", "length_m": 95.860262618944432, "coverage_pct": 71.349664868362837 }, "geometry": { "type": "LineString", "coordinates": [ [ 12.488997006116575, 41.884516001145819, 0.0 ], [ 12.488961006116572, 41.884395001145833, 0.0 ], [ 12.488976006116561, 41.884294001145854, 0.0 ], [ 12.489038006116527, 41.884168001145859, 0.0 ], [ 12.489335006116397, 41.883994001145837, 0.0 ] ] } },
{ "type": "Feature", "properties": { "EntityHand": "203C3", "length_m": 327.50883134464783, "coverage_pct": 71.622709784118967 }, "geometry": { "type": "LineString", "coordinates": [ [ 12.47613000612235, 41.894551001145615, 0.0 ], [ 12.476135006122357, 41.894586001145626, 0.0 ], [ 12.476136006122355, 41.894598001145603, 0.0 ], [ 12.476135006122353, 41.894599001145593, 0.0 ], [ 12.476122006122408, 41.895042001145562, 0.0 ], [ 12.476122006122408, 41.895072001145572, 0.0 ], [ 12.476121006122417, 41.895100001145572, 0.0 ], [ 12.476256006122357, 41.895069001145551, 0.0 ], [ 12.476276006122351, 41.895053001145563, 0.0 ], [ 12.476327006122322, 41.895010001145543, 0.0 ], [ 12.476388006122301, 41.894961001145582, 0.0 ], [ 12.476477006122259, 41.894894001145587, 0.0 ], [ 12.476523006122243, 41.894852001145573, 0.0 ], [ 12.476553006122227, 41.894824001145558, 0.0 ], [ 12.476577006122218, 41.894801001145574, 0.0 ], [ 12.476609006122159, 41.894408001145607, 0.0 ], [ 12.476608006122156, 41.894401001145596, 0.0 ], [ 12.476607006122157, 41.894394001145592, 0.0 ], [ 12.476607006122153, 41.894317001145616, 0.0 ], [ 12.476564006122167, 41.894316001145597, 0.0 ], [ 12.476523006122179, 41.894316001145597, 0.0 ], [ 12.476372006122238, 41.894314001145609, 0.0 ], [ 12.476301006122254, 41.894228001145628, 0.0 ], [ 12.476217006122278, 41.894259001145656, 0.0 ], [ 12.476151006122313, 41.894285001145633, 0.0 ], [ 12.476106006122333, 41.894320001145637, 0.0 ], [ 12.47609400612234, 41.89433000114564, 0.0 ], [ 12.476116006122336, 41.894357001145607, 0.0 ], [ 12.476136006122331, 41.894414001145606, 0.0 ], [ 12.476140006122332, 41.894480001145595, 0.0 ], [ 12.47613000612235, 41.894551001145615, 0.0 ] ] } },
{ "type": "Feature", "properties": { "EntityHand": "203D7", "length_m": 156.6887589996438, "coverage_pct": 46.194544915285043 }, "geometry": { "type": "LineString", "coordinates": [ [ 12.45891600612986, 41.906167001145484, 0.0 ], [ 12.458933006129872, 41.906294001145454, 0.0 ], [ 12.458940006129875, 41.906336001145462, 0.0 ], [ 12.458957006129875, 41.906423001145434, 0.0 ], [ 12.458872006129912, 41.906418001145468, 0.0 ], [ 12.458834006129919, 41.906422001145437, 0.0 ], [ 12.45799200613024, 41.906490001145485, 0.0 ], [ 12.457902006130272, 41.906497001145503, 0.0 ] ] } },
{ "type": "Feature", "properties": { "EntityHand": "20406", "length_m": 133.35817195259878, "coverage_pct": 58.729830175813234 }, "geometry": { "type": "LineString", "coordinates": [ [ 12.464142006129029, 41.915974001144413, 0.0 ], [ 12.463953006129126, 41.916286001144421, 0.0 ], [ 12.463790006129194, 41.916375001144424, 0.0 ], [ 12.46355300612929, 41.916434001144403, 0.0 ], [ 12.463288006129375, 41.916354001144441, 0.0 ] ] } },
{ "type": "Feature", "properties": { "EntityHand": "20408", "length_m": 344.44268127176633, "coverage_pct": 74.753263954871613 }, "geometry": { "type": "LineString", "coordinates": [ [ 12.459257006131585, 41.923269001144064, 0.0 ], [ 12.459298006131617, 41.923684001144011, 0.0 ], [ 12.459310006131624, 41.923795001144015, 0.0 ], [ 12.459399006131603, 41.923932001144017, 0.0 ], [ 12.459487006131589, 41.924049001143985, 0.0 ], [ 12.459754006131483, 41.923992001143979, 0.0 ], [ 12.459961006131396, 41.923910001143994, 0.0 ], [ 12.460850006131015, 41.923312001143998, 0.0 ], [ 12.461062006130918, 41.923165001143978, 0.0 ] ] } },
{ "type": "Feature", "properties": { "EntityHand": "20411", "length_m": 256.43791563442846, "coverage_pct": 42.960210391039382 }, "geometry": { "type": "LineString", "coordinates": [ [ 12.456011006132181, 41.917873001144649, 0.0 ], [ 12.455963006132208, 41.917931001144673, 0.0 ], [ 12.455909006132226, 41.917968001144658, 0.0 ], [ 12.455849006132256, 41.918005001144635, 0.0 ], [ 12.455689006132303, 41.917899001144669, 0.0 ], [ 12.455505006132357, 41.917783001144663, 0.0 ], [ 12.454995006132496, 41.917348001144738, 0.0 ], [ 12.454720006132577, 41.917119001144798, 0.0 ], [ 12.454566006132612, 41.916992001144777, 0.0 ], [ 12.454493006132639, 41.916931001144803, 0.0 ], [ 12.454428006132661, 41.91696200114481, 0.0 ] ] } },
{ "type": "Feature", "properties": { "EntityHand": "20415", "length_m": 53.387997314408963, "coverage_pct": 62.915350220164036 }, "geometry": { "type": "LineString", "coordinates": [ [ 12.481783006120304, 41.894668001145334, 0.0 ], [ 12.481862006120293, 41.894870001145335, 0.0 ], [ 12.481911006120296, 41.895012001145311, 0.0 ] ] } },
{ "type": "Feature", "properties": { "EntityHand": "20422", "length_m": 93.665745269393284, "coverage_pct": 74.861491295797762 }, "geometry": { "type": "LineString", "coordinates": [ [ 12.482064006120336, 41.895916001145231, 0.0 ], [ 12.482160006120296, 41.895934001145235, 0.0 ], [ 12.482752006120101, 41.896068001145174, 0.0 ], [ 12.482871006120055, 41.896093001145154, 0.0 ] ] } },
{ "type": "Feature", "properties": { "EntityHand": "2042F", "length_m": 355.15032659084289, "coverage_pct": 52.107228628035806 }, "geometry": { "type": "LineString", "coordinates": [ [ 12.501025006114217, 41.903377001143753, 0.0 ], [ 12.501126006114191, 41.903445001143737, 0.0 ], [ 12.50127800611414, 41.903546001143695, 0.0 ], [ 12.501879006113965, 41.903916001143642, 0.0 ], [ 12.501938006113942, 41.903956001143641, 0.0 ], [ 12.502058006113893, 41.903889001143646, 0.0 ], [ 12.50214500611386, 41.903874001143642, 0.0 ], [ 12.502232006113829, 41.903881001143631, 0.0 ], [ 12.502373006113782, 41.903928001143647, 0.0 ], [ 12.502615006113706, 41.904072001143589, 0.0 ], [ 12.502748006113668, 41.904151001143596, 0.0 ], [ 12.502985006113594, 41.904302001143584, 0.0 ], [ 12.503126006113554, 41.904402001143559, 0.0 ], [ 12.503186006113539, 41.904460001143519, 0.0 ], [ 12.50319300611355, 41.904567001143519, 0.0 ], [ 12.503148006113584, 41.904703001143531, 0.0 ], [ 12.503088006113607, 41.904755001143535, 0.0 ] ] } },
{ "type": "Feature", "properties": { "EntityHand": "2043F", "length_m": 1559.9936626024273, "coverage_pct": 69.991401951413849 }, "geometry": { "type": "LineString", "coordinates": [ [ 12.458343006131059, 41.915337001144763, 0.0 ], [ 12.458183006131124, 41.915348001144764, 0.0 ], [ 12.458019006131188, 41.915357001144791, 0.0 ], [ 12.457624006131333, 41.915421001144779, 0.0 ], [ 12.45742100613141, 41.915467001144776, 0.0 ], [ 12.457335006131448, 41.915497001144786, 0.0 ], [ 12.456981006131588, 41.915635001144807, 0.0 ], [ 12.456689006131716, 41.91578800114479, 0.0 ], [ 12.456474006131804, 41.915917001144777, 0.0 ], [ 12.455500006132228, 41.916539001144791, 0.0 ], [ 12.455368006132275, 41.91657600114479, 0.0 ], [ 12.455031006132415, 41.916689001144796, 0.0 ], [ 12.454942006132448, 41.916727001144785, 0.0 ], [ 12.454858006132461, 41.916660001144791, 0.0 ], [ 12.454935006132439, 41.916623001144814, 0.0 ], [ 12.455071006132375, 41.916507001144794, 0.0 ], [ 12.455186006132319, 41.916352001144816, 0.0 ], [ 12.455209006132305, 41.916312001144853, 0.0 ], [ 12.455238006132292, 41.916286001144826, 0.0 ], [ 12.455473006132191, 41.916125001144842, 0.0 ], [ 12.455533006132166, 41.916084001144824, 0.0 ], [ 12.456153006131895, 41.915661001144834, 0.0 ], [ 12.456592006131707, 41.915405001144826, 0.0 ], [ 12.457238006131448, 41.915169001144818, 0.0 ], [ 12.457338006131399, 41.915137001144828, 0.0 ], [ 12.457525006131334, 41.915084001144805, 0.0 ], [ 12.457620006131298, 41.915061001144807, 0.0 ], [ 12.457686006131274, 41.915049001144816, 0.0 ], [ 12.457835006131212, 41.915029001144795, 0.0 ], [ 12.458100006131112, 41.914996001144772, 0.0 ], [ 12.458160006131083, 41.914992001144775, 0.0 ], [ 12.45831900613104, 41.9149820011448, 0.0 ], [ 12.458410006130995, 41.914975001144761, 0.0 ], [ 12.458516006130964, 41.914969001144769, 0.0 ], [ 12.459104006130746, 41.914949001144748, 0.0 ], [ 12.459350006130659, 41.914945001144751, 0.0 ], [ 12.459884006130459, 41.914942001144702, 0.0 ], [ 12.459982006130426, 41.914944001144725, 0.0 ], [ 12.460702006130166, 41.91497600114468, 0.0 ], [ 12.460993006130071, 41.915006001144647, 0.0 ], [ 12.461525006129877, 41.915084001144621, 0.0 ], [ 12.463043006129373, 41.915506001144522, 0.0 ], [ 12.463106006129349, 41.915449001144523, 0.0 ], [ 12.463168006129315, 41.915394001144541, 0.0 ], [ 12.463426006129213, 41.915339001144517, 0.0 ], [ 12.463536006129178, 41.915356001144509, 0.0 ], [ 12.463743006129116, 41.915429001144474, 0.0 ] ] } },
{ "type": "Feature", "properties": { "EntityHand": "20444", "length_m": 227.49361949797304, "coverage_pct": 22.678969415808297 }, "geometry": { "type": "LineString", "coordinates": [ [ 12.468557006127753, 41.91905200114396, 0.0 ], [ 12.469210006127497, 41.918926001143944, 0.0 ], [ 12.469126006127524, 41.918876001143971, 0.0 ], [ 12.468998006127556, 41.918790001143968, 0.0 ], [ 12.468742006127643, 41.918638001144004, 0.0 ], [ 12.468755006127612, 41.918473001144001, 0.0 ], [ 12.468822006127583, 41.91839000114399, 0.0 ], [ 12.468931006127525, 41.918321001144015, 0.0 ], [ 12.468990006127509, 41.918297001144012, 0.0 ], [ 12.469168006127436, 41.918231001144008, 0.0 ] ] } },
{ "type": "Feature", "properties": { "EntityHand": "20450", "length_m": 270.94466966455474, "coverage_pct": 75.551260365236516 }, "geometry": { "type": "LineString", "coordinates": [ [ 12.450059006133197, 41.907231001145817, 0.0 ], [ 12.450027006133205, 41.907216001145805, 0.0 ], [ 12.449706006133306, 41.907046001145801, 0.0 ], [ 12.449613006133339, 41.907073001145818, 0.0 ], [ 12.449484006133387, 41.907112001145826, 0.0 ], [ 12.449351006133444, 41.90714700114583, 0.0 ], [ 12.449166006133535, 41.907348001145849, 0.0 ], [ 12.449607006133398, 41.907590001145792, 0.0 ], [ 12.449677006133372, 41.907630001145769, 0.0 ], [ 12.449906006133268, 41.907398001145793, 0.0 ], [ 12.449944006133247, 41.907360001145776, 0.0 ], [ 12.450059006133197, 41.907231001145817, 0.0 ] ] } },
{ "type": "Feature", "properties": { "EntityHand": "20467", "length_m": 131.28045338904772, "coverage_pct": 64.820164074597258 }, "geometry": { "type": "LineString", "coordinates": [ [ 12.465569006126769, 41.899881001145673, 0.0 ], [ 12.465610006126759, 41.89992600114568, 0.0 ], [ 12.465682006126745, 41.900003001145677, 0.0 ], [ 12.465708006126734, 41.900036001145637, 0.0 ], [ 12.465714006126738, 41.900071001145648, 0.0 ], [ 12.46569100612674, 41.900094001145646, 0.0 ], [ 12.465662006126758, 41.900065001145663, 0.0 ], [ 12.465625006126761, 41.900027001145666, 0.0 ], [ 12.465530006126793, 41.899922001145661, 0.0 ], [ 12.4654910061268, 41.899879001145685, 0.0 ], [ 12.465410006126833, 41.899879001145678, 0.0 ], [ 12.465444006126816, 41.899918001145686, 0.0 ], [ 12.465563006126793, 41.900049001145653, 0.0 ], [ 12.465609006126774, 41.900098001145651, 0.0 ], [ 12.465642006126769, 41.900131001145667, 0.0 ] ] } },
{ "type": "Feature", "properties": { "EntityHand": "20478", "length_m": 97.315577205675808, "coverage_pct": 60.671056631277068 }, "geometry": { "type": "LineString", "coordinates": [ [ 12.505456006110863, 41.887310001144833, 0.0 ], [ 12.505360006110903, 41.887305001144817, 0.0 ], [ 12.505229006110939, 41.887296001144826, 0.0 ], [ 12.504845006111074, 41.88722500114487, 0.0 ], [ 12.504601006111159, 41.887182001144879, 0.0 ] ] } },
{ "type": "Feature", "properties": { "EntityHand": "20490", "length_m": 160.54392887611206, "coverage_pct": 48.810718471817076 }, "geometry": { "type": "LineString", "coordinates": [ [ 12.481828006120352, 41.895259001145291, 0.0 ], [ 12.481779006120354, 41.895126001145293, 0.0 ], [ 12.481759006120354, 41.895076001145306, 0.0 ], [ 12.481744006120357, 41.895043001145297, 0.0 ], [ 12.481728006120356, 41.894984001145311, 0.0 ], [ 12.48170900612036, 41.894907001145327, 0.0 ], [ 12.481729006120338, 41.894801001145325, 0.0 ], [ 12.481746006120323, 41.894736001145347, 0.0 ], [ 12.48181700612033, 41.89497000114531, 0.0 ], [ 12.481868006120319, 41.895130001145311, 0.0 ], [ 12.48185800612033, 41.89515200114532, 0.0 ], [ 12.481828006120352, 41.895259001145291, 0.0 ] ] } },
{ "type": "Feature", "properties": { "EntityHand": "20491", "length_m": 46.960104280956394, "coverage_pct": 73.59177523700086 }, "geometry": { "type": "LineString", "coordinates": [ [ 12.481837006120278, 41.89459900114533, 0.0 ], [ 12.481911006120269, 41.894778001145298, 0.0 ], [ 12.481952006120263, 41.894901001145307, 0.0 ] ] } },
{ "type": "Feature", "properties": { "EntityHand": "2049F", "length_m": 536.03585987572058, "coverage_pct": 68.328239709908175 }, "geometry": { "type": "LineString", "coordinates": [ [ 12.454942006132448, 41.916727001144785, 0.0 ], [ 12.454606006132588, 41.916879001144814, 0.0 ], [ 12.454543006132614, 41.916908001144833, 0.0 ], [ 12.454493006132639, 41.916931001144803, 0.0 ], [ 12.454415006132649, 41.916870001144829, 0.0 ], [ 12.454252006132695, 41.916734001144825, 0.0 ], [ 12.454053006132753, 41.916569001144865, 0.0 ], [ 12.453998006132771, 41.91652300114486, 0.0 ], [ 12.453553006132891, 41.916164001144899, 0.0 ], [ 12.453326006132947, 41.915959001144941, 0.0 ], [ 12.453291006132957, 41.915906001144933, 0.0 ], [ 12.453401006132928, 41.915958001144936, 0.0 ], [ 12.454469006132628, 41.916846001144805, 0.0 ], [ 12.454543006132614, 41.916908001144833, 0.0 ], [ 12.454612006132592, 41.916964001144798, 0.0 ], [ 12.454824006132528, 41.917128001144761, 0.0 ], [ 12.454858006132522, 41.917153001144754, 0.0 ], [ 12.454892006132512, 41.917182001144717, 0.0 ], [ 12.454961006132498, 41.917243001144747, 0.0 ] ] } },
{ "type": "Feature", "properties": { "EntityHand": "204C5", "length_m": 143.33566540045595, "coverage_pct": 56.199234872174308 }, "geometry": { "type": "LineString", "coordinates": [ [ 12.481901006118271, 41.876248001146827, 0.0 ], [ 12.481881006118256, 41.876022001146822, 0.0 ], [ 12.48187200611825, 41.875909001146866, 0.0 ], [ 12.481865006118246, 41.875836001146872, 0.0 ], [ 12.481786006118268, 41.875811001146872, 0.0 ], [ 12.481798006118291, 41.876029001146868, 0.0 ], [ 12.481825006118315, 41.87629200114683, 0.0 ] ] } },
{ "type": "Feature", "properties": { "EntityHand": "204D5", "length_m": 1320.0060885478092, "coverage_pct": 56.917272949292119 }, "geometry": { "type": "LineString", "coordinates": [ [ 12.493225006114725, 41.881657001145854, 0.0 ], [ 12.493301006114697, 41.88161000114588, 0.0 ], [ 12.495022006113945, 41.880564001145856, 0.0 ], [ 12.495229006113865, 41.88046300114587, 0.0 ], [ 12.495368006113805, 41.880384001145856, 0.0 ], [ 12.495676006113666, 41.880142001145892, 0.0 ], [ 12.495996006113526, 41.879866001145871, 0.0 ], [ 12.496115006113484, 41.879950001145872, 0.0 ], [ 12.496280006113434, 41.880058001145855, 0.0 ], [ 12.496092006113514, 41.880109001145833, 0.0 ], [ 12.495876006113598, 41.880205001145868, 0.0 ], [ 12.495677006113686, 41.880351001145847, 0.0 ], [ 12.495485006113777, 41.88052100114583, 0.0 ], [ 12.495091006113952, 41.880769001145858, 0.0 ], [ 12.493817006114503, 41.881548001145845, 0.0 ], [ 12.493490006114637, 41.881730001145833, 0.0 ], [ 12.493345006114698, 41.881812001145839, 0.0 ], [ 12.492659006114993, 41.882228001145826, 0.0 ], [ 12.490961006115727, 41.883268001145822, 0.0 ], [ 12.490573006115891, 41.883458001145833, 0.0 ], [ 12.490190006116048, 41.883650001145845, 0.0 ] ] } },
{ "type": "Feature", "properties": { "EntityHand": "204EF", "length_m": 275.13378381961297, "coverage_pct": 69.956249330558535 }, "geometry": { "type": "LineString", "coordinates": [ [ 12.47584700612383, 41.907349001144553, 0.0 ], [ 12.475822006123822, 41.907190001144599, 0.0 ], [ 12.475783006123809, 41.906937001144627, 0.0 ], [ 12.475728006123795, 41.906591001144655, 0.0 ], [ 12.475882006123735, 41.90657900114465, 0.0 ], [ 12.476882006123363, 41.906501001144591, 0.0 ], [ 12.476949006123343, 41.906495001144613, 0.0 ], [ 12.477167006123258, 41.906486001144614, 0.0 ] ] } },
{ "type": "Feature", "properties": { "EntityHand": "20520", "length_m": 95.219801956582046, "coverage_pct": 20.028036016359987 }, "geometry": { "type": "LineString", "coordinates": [ [ 12.490504006115852, 41.882878001145869, 0.0 ], [ 12.490285006115961, 41.883171001145861, 0.0 ], [ 12.49018600611601, 41.883325001145863, 0.0 ], [ 12.490164006116036, 41.88340100114587, 0.0 ], [ 12.490167006116035, 41.883454001145864, 0.0 ] ] } },
{ "type": "Feature", "properties": { "EntityHand": "20535", "length_m": 713.12273489778124, "coverage_pct": 56.151324453825701 }, "geometry": { "type": "LineString", "coordinates": [ [ 12.502906006111616, 41.885612001145098, 0.0 ], [ 12.503071006111563, 41.885729001145044, 0.0 ], [ 12.503308006111501, 41.885895001145059, 0.0 ], [ 12.503824006111346, 41.886264001145008, 0.0 ], [ 12.503912006111321, 41.886325001144968, 0.0 ], [ 12.50397600611131, 41.886389001144956, 0.0 ], [ 12.504289006111216, 41.886625001144942, 0.0 ], [ 12.504513006111157, 41.886836001144907, 0.0 ], [ 12.50463400611112, 41.886921001144906, 0.0 ], [ 12.504764006111085, 41.886984001144903, 0.0 ], [ 12.504954006111014, 41.887018001144881, 0.0 ], [ 12.504992006110998, 41.887024001144873, 0.0 ], [ 12.505190006110933, 41.88705600114487, 0.0 ], [ 12.505418006110853, 41.887095001144843, 0.0 ], [ 12.505618006110776, 41.887122001144832, 0.0 ], [ 12.505845006110698, 41.887122001144832, 0.0 ], [ 12.506011006110638, 41.887101001144821, 0.0 ], [ 12.506104006110599, 41.887078001144815, 0.0 ], [ 12.506302006110522, 41.887022001144835, 0.0 ], [ 12.506105006110603, 41.887130001144847, 0.0 ], [ 12.505962006110664, 41.887191001144821, 0.0 ], [ 12.50580300611073, 41.88724600114481, 0.0 ], [ 12.505649006110797, 41.88729100114481, 0.0 ], [ 12.505555006110823, 41.887305001144817, 0.0 ], [ 12.505456006110863, 41.887310001144833, 0.0 ], [ 12.505728006110777, 41.887397001144819, 0.0 ], [ 12.505823006110745, 41.887425001144798, 0.0 ], [ 12.505911006110709, 41.887448001144826, 0.0 ], [ 12.506523006110502, 41.887600001144762, 0.0 ], [ 12.506637006110463, 41.887629001144752, 0.0 ] ] } },
{ "type": "Feature", "properties": { "EntityHand": "20537", "length_m": 515.75600587574786, "coverage_pct": 77.757911176418304 }, "geometry": { "type": "LineString", "coordinates": [ [ 12.466207006126677, 41.901196001145529, 0.0 ], [ 12.466115006126705, 41.901192001145539, 0.0 ], [ 12.466069006126723, 41.901188001145542, 0.0 ], [ 12.465989006126748, 41.901179001145522, 0.0 ], [ 12.465946006126774, 41.901172001145582, 0.0 ], [ 12.465845006126807, 41.901154001145557, 0.0 ], [ 12.465750006126836, 41.901136001145552, 0.0 ], [ 12.465713006126848, 41.901127001145568, 0.0 ], [ 12.465658006126871, 41.901115001145563, 0.0 ], [ 12.46558200612689, 41.901096001145582, 0.0 ], [ 12.465545006126906, 41.901085001145596, 0.0 ], [ 12.465499006126926, 41.901072001145586, 0.0 ], [ 12.465442006126942, 41.901053001145584, 0.0 ], [ 12.465413006126951, 41.901043001145581, 0.0 ], [ 12.465371006126965, 41.901027001145586, 0.0 ], [ 12.465321006126979, 41.901004001145601, 0.0 ], [ 12.465290006126986, 41.900989001145597, 0.0 ], [ 12.465263006127, 41.900977001145627, 0.0 ], [ 12.465232006127016, 41.90096100114561, 0.0 ], [ 12.465198006127011, 41.900944001145596, 0.0 ], [ 12.465139006127043, 41.900909001145628, 0.0 ], [ 12.465096006127052, 41.900882001145632, 0.0 ], [ 12.465008006127071, 41.900820001145654, 0.0 ], [ 12.464884006127107, 41.900732001145634, 0.0 ], [ 12.464796006127129, 41.900666001145652, 0.0 ], [ 12.464757006127147, 41.900635001145652, 0.0 ], [ 12.464701006127157, 41.900590001145645, 0.0 ], [ 12.464651006127179, 41.900551001145679, 0.0 ], [ 12.464573006127191, 41.900488001145703, 0.0 ], [ 12.464529006127202, 41.900436001145664, 0.0 ], [ 12.464444006127225, 41.900336001145682, 0.0 ], [ 12.464418006127238, 41.900296001145705, 0.0 ], [ 12.464368006127247, 41.900219001145722, 0.0 ], [ 12.464316006127246, 41.900099001145712, 0.0 ], [ 12.464282006127245, 41.899977001145714, 0.0 ], [ 12.464254006127234, 41.899794001145743, 0.0 ], [ 12.464360006127203, 41.899800001145742, 0.0 ], [ 12.464826006127028, 41.899835001145689, 0.0 ], [ 12.465031006126964, 41.899855001145703, 0.0 ], [ 12.465219006126897, 41.899871001145705, 0.0 ], [ 12.465322006126859, 41.89987400114569, 0.0 ], [ 12.46535600612685, 41.899914001145689, 0.0 ], [ 12.465504006126807, 41.90007500114568, 0.0 ], [ 12.465560006126797, 41.900129001145636, 0.0 ], [ 12.465594006126794, 41.900161001145648, 0.0 ], [ 12.465642006126769, 41.900131001145667, 0.0 ], [ 12.46569100612674, 41.900094001145646, 0.0 ] ] } },
{ "type": "Feature", "properties": { "EntityHand": "2054B", "length_m": 356.38330617508439, "coverage_pct": 39.141052926082438 }, "geometry": { "type": "LineString", "coordinates": [ [ 12.496781006112473, 41.87276200114642, 0.0 ], [ 12.496798006112494, 41.872971001146396, 0.0 ], [ 12.496810006112492, 41.873108001146406, 0.0 ], [ 12.496821006112508, 41.873266001146391, 0.0 ], [ 12.496833006112521, 41.873464001146331, 0.0 ], [ 12.496760006112577, 41.873657001146363, 0.0 ], [ 12.496771006112617, 41.874039001146315, 0.0 ], [ 12.496755006112652, 41.874392001146283, 0.0 ], [ 12.496709006112702, 41.874666001146281, 0.0 ], [ 12.49653400611278, 41.874793001146259, 0.0 ], [ 12.496470006112801, 41.874807001146266, 0.0 ], [ 12.496395006112831, 41.874821001146273, 0.0 ], [ 12.496154006112915, 41.874813001146279, 0.0 ] ] } },
{ "type": "Feature", "properties": { "EntityHand": "2056F", "length_m": 91.33191248047585, "coverage_pct": 70.566760618368534 }, "geometry": { "type": "LineString", "coordinates": [ [ 12.493775006116996, 41.90459800114396, 0.0 ], [ 12.494026006116879, 41.904356001143981, 0.0 ], [ 12.494042006116869, 41.904324001143983, 0.0 ], [ 12.494044006116869, 41.904298001143978, 0.0 ], [ 12.494037006116869, 41.904272001143973, 0.0 ], [ 12.494019006116867, 41.904250001143986, 0.0 ], [ 12.493999006116873, 41.904232001143974, 0.0 ], [ 12.493920006116896, 41.904178001143997, 0.0 ], [ 12.493830006116921, 41.904119001144004, 0.0 ] ] } },
{ "type": "Feature", "properties": { "EntityHand": "2057B", "length_m": 589.74818615210165, "coverage_pct": 47.451379174308656 }, "geometry": { "type": "LineString", "coordinates": [ [ 12.514247006108022, 41.890837001144142, 0.0 ], [ 12.514383006107968, 41.890748001144139, 0.0 ], [ 12.514491006107917, 41.890637001144128, 0.0 ], [ 12.514559006107886, 41.890610001144132, 0.0 ], [ 12.514675006107836, 41.890586001144122, 0.0 ], [ 12.514758006107812, 41.890578001144142, 0.0 ], [ 12.51483100610778, 41.890571001144117, 0.0 ], [ 12.514978006107729, 41.890604001144112, 0.0 ], [ 12.515133006107684, 41.890701001144102, 0.0 ], [ 12.515144006107684, 41.890710001144107, 0.0 ], [ 12.515173006107673, 41.890741001144093, 0.0 ], [ 12.515291006107649, 41.89085800114411, 0.0 ], [ 12.515316006107636, 41.890904001144079, 0.0 ], [ 12.51536400610763, 41.89099100114408, 0.0 ], [ 12.515774006107538, 41.891519001144005, 0.0 ], [ 12.515797006107528, 41.891545001143996, 0.0 ], [ 12.515817006107524, 41.891567001144004, 0.0 ], [ 12.51599500610749, 41.891755001143984, 0.0 ], [ 12.516042006107472, 41.891806001144012, 0.0 ], [ 12.516085006107454, 41.891854001143969, 0.0 ], [ 12.515841006107573, 41.892032001143981, 0.0 ], [ 12.515593006107673, 41.892174001143978, 0.0 ], [ 12.515452006107733, 41.892237001143961, 0.0 ], [ 12.515386006107764, 41.892260001143967, 0.0 ], [ 12.515303006107786, 41.892278001143943, 0.0 ], [ 12.515214006107826, 41.892273001143963, 0.0 ], [ 12.515138006107856, 41.892266001143987, 0.0 ], [ 12.514929006107927, 41.892249001143981, 0.0 ], [ 12.514615006108034, 41.892172001144026, 0.0 ], [ 12.514489006108072, 41.892153001144003, 0.0 ], [ 12.51445000610809, 41.892144001144011, 0.0 ], [ 12.51439700610811, 41.892127001144019, 0.0 ], [ 12.514255006108153, 41.892017001144062, 0.0 ], [ 12.514099006108193, 41.891907001144055, 0.0 ], [ 12.514050006108201, 41.891873001144063, 0.0 ] ] } },
{ "type": "Feature", "properties": { "EntityHand": "2058F", "length_m": 230.32631947838144, "coverage_pct": 54.726462788911746 }, "geometry": { "type": "LineString", "coordinates": [ [ 12.472490006124314, 41.90044100114531, 0.0 ], [ 12.472485006124309, 41.90042700114531, 0.0 ], [ 12.472467006124301, 41.900271001145313, 0.0 ], [ 12.472511006124281, 41.900268001145307, 0.0 ], [ 12.472554006124268, 41.900265001145321, 0.0 ], [ 12.472873006124168, 41.900352001145293, 0.0 ], [ 12.473126006124071, 41.90035600114529, 0.0 ], [ 12.473170006124057, 41.900357001145288, 0.0 ], [ 12.473203006124043, 41.900358001145264, 0.0 ], [ 12.47328300612401, 41.90035800114525, 0.0 ], [ 12.47328200612402, 41.900445001145251, 0.0 ], [ 12.473279006124024, 41.900508001145255, 0.0 ], [ 12.473106006124098, 41.900501001145258, 0.0 ], [ 12.472814006124198, 41.900480001145276, 0.0 ], [ 12.472686006124238, 41.900442001145279, 0.0 ], [ 12.472490006124314, 41.90044100114531, 0.0 ] ] } },
{ "type": "Feature", "properties": { "EntityHand": "205BF", "length_m": 147.36612386168821, "coverage_pct": 64.032230798295544 }, "geometry": { "type": "LineString", "coordinates": [ [ 12.466701006126319, 41.899595001145649, 0.0 ], [ 12.466596006126357, 41.899558001145643, 0.0 ], [ 12.466434006126438, 41.89967500114566, 0.0 ], [ 12.466309006126489, 41.899767001145655, 0.0 ], [ 12.466278006126506, 41.899808001145658, 0.0 ], [ 12.466530006126423, 41.89984200114565, 0.0 ], [ 12.466638006126376, 41.89981800114564, 0.0 ], [ 12.466730006126337, 41.899802001145616, 0.0 ], [ 12.466708006126332, 41.899644001145646, 0.0 ], [ 12.466701006126319, 41.899595001145649, 0.0 ] ] } },
{ "type": "Feature", "properties": { "EntityHand": "205C1", "length_m": 790.43430201151466, "coverage_pct": 52.298035094440586 }, "geometry": { "type": "LineString", "coordinates": [ [ 12.501946006113947, 41.904032001143641, 0.0 ], [ 12.50191600611396, 41.904057001143649, 0.0 ], [ 12.50189400611397, 41.904088001143656, 0.0 ], [ 12.501882006113982, 41.904138001143657, 0.0 ], [ 12.501892006113993, 41.904238001143639, 0.0 ], [ 12.50194500611398, 41.904328001143632, 0.0 ], [ 12.502081006113936, 41.904416001143574, 0.0 ], [ 12.502246006113891, 41.904508001143562, 0.0 ], [ 12.502284006113875, 41.904529001143544, 0.0 ], [ 12.502452006113833, 41.904649001143547, 0.0 ], [ 12.502545006113802, 41.904705001143554, 0.0 ], [ 12.502612006113777, 41.904743001143544, 0.0 ], [ 12.502706006113749, 41.904767001143547, 0.0 ], [ 12.502792006113717, 41.904770001143561, 0.0 ], [ 12.502887006113689, 41.904754001143523, 0.0 ], [ 12.502999006113633, 41.904699001143499, 0.0 ], [ 12.503069006113599, 41.904635001143532, 0.0 ], [ 12.503083006113588, 41.904546001143537, 0.0 ], [ 12.503070006113589, 41.904492001143538, 0.0 ], [ 12.50304300611359, 41.904453001143565, 0.0 ], [ 12.502964006113613, 41.904384001143555, 0.0 ], [ 12.502822006113655, 41.904308001143562, 0.0 ], [ 12.502660006113704, 41.90421100114358, 0.0 ], [ 12.502400006113781, 41.904034001143621, 0.0 ], [ 12.502319006113805, 41.903983001143615, 0.0 ], [ 12.502228006113841, 41.903962001143597, 0.0 ], [ 12.502143006113869, 41.903955001143622, 0.0 ], [ 12.502081006113894, 41.903963001143616, 0.0 ], [ 12.502022006113917, 41.903982001143646, 0.0 ], [ 12.501984006113933, 41.904003001143614, 0.0 ], [ 12.501946006113947, 41.904032001143641, 0.0 ], [ 12.502184006113881, 41.90418200114361, 0.0 ], [ 12.502475006113791, 41.904366001143593, 0.0 ], [ 12.502999006113633, 41.904699001143499, 0.0 ], [ 12.503088006113607, 41.904755001143535, 0.0 ], [ 12.502947006113667, 41.904825001143543, 0.0 ], [ 12.502872006113696, 41.904841001143517, 0.0 ], [ 12.502794006113733, 41.904850001143551, 0.0 ], [ 12.502708006113755, 41.904846001143532, 0.0 ], [ 12.502486006113827, 41.904748001143531, 0.0 ], [ 12.502219006113906, 41.904586001143571, 0.0 ], [ 12.502137006113935, 41.904538001143571, 0.0 ], [ 12.501916006114001, 41.904389001143628, 0.0 ], [ 12.501761006114041, 41.904262001143621, 0.0 ], [ 12.501728006114048, 41.904189001143649, 0.0 ], [ 12.501727006114042, 41.904127001143635, 0.0 ], [ 12.501816006113993, 41.904044001143639, 0.0 ], [ 12.501889006113966, 41.903996001143653, 0.0 ], [ 12.501946006113947, 41.904032001143641, 0.0 ] ] } },
{ "type": "Feature", "properties": { "EntityHand": "205D2", "length_m": 544.21962450542719, "coverage_pct": 79.188578007492339 }, "geometry": { "type": "LineString", "coordinates": [ [ 12.458515006131607, 41.920926001144309, 0.0 ], [ 12.45844200613146, 41.919374001144405, 0.0 ], [ 12.458436006131453, 41.919278001144427, 0.0 ], [ 12.458407006131427, 41.918892001144478, 0.0 ], [ 12.45839200613141, 41.918741001144461, 0.0 ], [ 12.458316006131309, 41.91756700114459, 0.0 ], [ 12.458307006131301, 41.917450001144566, 0.0 ], [ 12.458300006131289, 41.917292001144595, 0.0 ] ] } },
{ "type": "Feature", "properties": { "EntityHand": "205DC", "length_m": 690.61875585316454, "coverage_pct": 27.377573993828797 }, "geometry": { "type": "LineString", "coordinates": [ [ 12.47547900612367, 41.904612001144812, 0.0 ], [ 12.475424006123687, 41.904592001144835, 0.0 ], [ 12.475414006123687, 41.904543001144809, 0.0 ], [ 12.47536000612369, 41.904456001144851, 0.0 ], [ 12.475279006123664, 41.903868001144886, 0.0 ], [ 12.475266006123654, 41.903752001144923, 0.0 ], [ 12.47526000612366, 41.90369700114492, 0.0 ], [ 12.475176006123625, 41.903150001144979, 0.0 ], [ 12.474872006123725, 41.903048001144981, 0.0 ], [ 12.47443200612387, 41.902899001145002, 0.0 ], [ 12.474148006123963, 41.90280500114504, 0.0 ], [ 12.473772006124085, 41.90267500114507, 0.0 ], [ 12.473561006124154, 41.902596001145085, 0.0 ], [ 12.472853006124383, 41.902364001145116, 0.0 ], [ 12.472091006124641, 41.902101001145184, 0.0 ], [ 12.471985006124672, 41.902048001145197, 0.0 ], [ 12.471889006124702, 41.902013001145193, 0.0 ], [ 12.471803006124725, 41.901978001145217, 0.0 ], [ 12.471733006124744, 41.901945001145201, 0.0 ], [ 12.471701006124768, 41.9019930011452, 0.0 ], [ 12.471673006124782, 41.902046001145223, 0.0 ], [ 12.471654006124796, 41.9021170011452, 0.0 ], [ 12.471582006124818, 41.902093001145218, 0.0 ], [ 12.471536006124834, 41.902077001145216, 0.0 ] ] } },
{ "type": "Feature", "properties": { "EntityHand": "205DD", "length_m": 302.38906107554726, "coverage_pct": 73.413593846876964 }, "geometry": { "type": "LineString", "coordinates": [ [ 12.493798006116913, 41.903932001144014, 0.0 ], [ 12.493694006116961, 41.903949001144042, 0.0 ], [ 12.493639006116972, 41.903948001144045, 0.0 ], [ 12.493538006117008, 41.903916001144033, 0.0 ], [ 12.493830006116921, 41.904119001144004, 0.0 ], [ 12.493798006116933, 41.904076001144013, 0.0 ], [ 12.49376900611694, 41.90403100114402, 0.0 ], [ 12.493769006116937, 41.903989001144026, 0.0 ], [ 12.493780006116923, 41.903960001144029, 0.0 ], [ 12.493798006116913, 41.903932001144014, 0.0 ], [ 12.493846006116893, 41.903924001144013, 0.0 ], [ 12.493916006116867, 41.903929001144022, 0.0 ], [ 12.494022006116841, 41.90397000114401, 0.0 ], [ 12.494095006116817, 41.904017001144013, 0.0 ], [ 12.494295006116751, 41.90414300114395, 0.0 ], [ 12.494316006116751, 41.904156001143988, 0.0 ], [ 12.494442006116707, 41.904236001143964, 0.0 ], [ 12.494070006116864, 41.904423001143968, 0.0 ], [ 12.493775006116996, 41.90459800114396, 0.0 ], [ 12.493659006117049, 41.904677001143952, 0.0 ] ] } },
{ "type": "Feature", "properties": { "EntityHand": "205DF", "length_m": 94.004405635534098, "coverage_pct": 63.800634897889331 }, "geometry": { "type": "LineString", "coordinates": [ [ 12.472830006123802, 41.896887001145558, 0.0 ], [ 12.472890006123786, 41.896950001145555, 0.0 ], [ 12.47291100612378, 41.896971001145566, 0.0 ], [ 12.472911006123782, 41.896989001145563, 0.0 ], [ 12.472886006123799, 41.897020001145563, 0.0 ], [ 12.47283900612382, 41.897063001145547, 0.0 ], [ 12.472706006123886, 41.897186001145563, 0.0 ], [ 12.472594006123906, 41.897044001145588, 0.0 ], [ 12.472535006123922, 41.896962001145589, 0.0 ] ] } },
{ "type": "Feature", "properties": { "EntityHand": "205E1", "length_m": 178.0579666605874, "coverage_pct": 40.26615856265979 }, "geometry": { "type": "LineString", "coordinates": [ [ 12.509638006109171, 41.885836001144753, 0.0 ], [ 12.509524006109215, 41.885866001144755, 0.0 ], [ 12.509488006109235, 41.885890001144759, 0.0 ], [ 12.50943800610926, 41.885938001144758, 0.0 ], [ 12.509412006109269, 41.885977001144745, 0.0 ], [ 12.509214006109351, 41.886090001144765, 0.0 ], [ 12.508900006109497, 41.886327001144757, 0.0 ], [ 12.508791006109545, 41.886412001144755, 0.0 ], [ 12.508723006109575, 41.886470001144737, 0.0 ], [ 12.508594006109647, 41.886698001144751, 0.0 ] ] } },
{ "type": "Feature", "properties": { "EntityHand": "205E5", "length_m": 308.7479296977948, "coverage_pct": 29.374310029739114 }, "geometry": { "type": "LineString", "coordinates": [ [ 12.509412006109269, 41.885977001144745, 0.0 ], [ 12.509400006109274, 41.886016001144746, 0.0 ], [ 12.509394006109282, 41.886056001144759, 0.0 ], [ 12.509396006109288, 41.88608500114475, 0.0 ], [ 12.50940500610929, 41.886116001144742, 0.0 ], [ 12.50899900610947, 41.886388001144745, 0.0 ], [ 12.508723006109575, 41.886470001144737, 0.0 ], [ 12.508765006109543, 41.88636200114474, 0.0 ], [ 12.50886300610949, 41.886160001144759, 0.0 ], [ 12.508996006109427, 41.88599700114478, 0.0 ], [ 12.509118006109368, 41.885831001144787, 0.0 ], [ 12.509270006109283, 41.885610001144798, 0.0 ], [ 12.509427006109219, 41.885515001144796, 0.0 ], [ 12.509631006109132, 41.885401001144778, 0.0 ] ] } },
{ "type": "Feature", "properties": { "EntityHand": "205EE", "length_m": 169.77364873144714, "coverage_pct": 69.993644455830534 }, "geometry": { "type": "LineString", "coordinates": [ [ 12.495832006113028, 41.874774001146307, 0.0 ], [ 12.496150006112934, 41.874978001146268, 0.0 ], [ 12.496219006112918, 41.875068001146268, 0.0 ], [ 12.496271006112892, 41.874939001146274, 0.0 ], [ 12.496395006112831, 41.874821001146273, 0.0 ], [ 12.496404006112845, 41.874972001146261, 0.0 ], [ 12.496351006112889, 41.87525300114622, 0.0 ] ] } },
{ "type": "Feature", "properties": { "EntityHand": "20600", "length_m": 200.22664921125067, "coverage_pct": 52.479841931411762 }, "geometry": { "type": "LineString", "coordinates": [ [ 12.469692006126818, 41.914209001144307, 0.0 ], [ 12.469730006126801, 41.914246001144292, 0.0 ], [ 12.469800006126784, 41.914310001144301, 0.0 ], [ 12.46966900612683, 41.914318001144302, 0.0 ], [ 12.469682006126826, 41.914250001144325, 0.0 ], [ 12.469615006126851, 41.914215001144321, 0.0 ], [ 12.469564006126856, 41.914182001144283, 0.0 ], [ 12.469391006126914, 41.914095001144332, 0.0 ], [ 12.469218006126967, 41.914005001144353, 0.0 ], [ 12.46905200612702, 41.913944001144365, 0.0 ], [ 12.468439006127227, 41.913790001144413, 0.0 ] ] } },
{ "type": "Feature", "properties": { "EntityHand": "20606", "length_m": 706.11403633269947, "coverage_pct": 48.847649497626264 }, "geometry": { "type": "LineString", "coordinates": [ [ 12.488304006117792, 41.893413001145149, 0.0 ], [ 12.488236006117811, 41.893445001145139, 0.0 ], [ 12.488172006117845, 41.893458001145149, 0.0 ], [ 12.488112006117863, 41.893448001145146, 0.0 ], [ 12.488082006117867, 41.893430001145155, 0.0 ], [ 12.488057006117877, 41.893404001145143, 0.0 ], [ 12.488053006117878, 41.893385001145148, 0.0 ], [ 12.488055006117872, 41.89335800114516, 0.0 ], [ 12.488259006117804, 41.893404001145136, 0.0 ], [ 12.488304006117792, 41.893413001145149, 0.0 ], [ 12.488463006117732, 41.893448001145138, 0.0 ], [ 12.48854900611771, 41.893468001145123, 0.0 ], [ 12.489169006117498, 41.893626001145087, 0.0 ], [ 12.489586006117353, 41.893736001145065, 0.0 ], [ 12.489656006117329, 41.893753001145043, 0.0 ], [ 12.490654006116992, 41.894005001144969, 0.0 ], [ 12.49074100611697, 41.894063001144964, 0.0 ], [ 12.490883006116924, 41.894097001144971, 0.0 ], [ 12.491007006116881, 41.894101001144968, 0.0 ], [ 12.491105006116845, 41.894124001144952, 0.0 ], [ 12.491155006116822, 41.894136001144922, 0.0 ], [ 12.492150006116495, 41.894377001144896, 0.0 ], [ 12.493128006116162, 41.894637001144815, 0.0 ], [ 12.493246006116117, 41.894667001144811, 0.0 ], [ 12.493536006116042, 41.894966001144788, 0.0 ] ] } },
{ "type": "Feature", "properties": { "EntityHand": "2060A", "length_m": 1775.2757604153694, "coverage_pct": 74.761989380553345 }, "geometry": { "type": "LineString", "coordinates": [ [ 12.487369006118092, 41.893110001145196, 0.0 ], [ 12.487286006118129, 41.893153001145222, 0.0 ], [ 12.487147006118194, 41.893242001145204, 0.0 ], [ 12.486787006118343, 41.893442001145182, 0.0 ], [ 12.487026006118251, 41.893374001145204, 0.0 ], [ 12.487188006118187, 41.893338001145196, 0.0 ], [ 12.48739700611811, 41.893314001145178, 0.0 ], [ 12.487506006118068, 41.893318001145168, 0.0 ], [ 12.487610006118034, 41.893330001145159, 0.0 ], [ 12.487804006117965, 41.893348001145178, 0.0 ], [ 12.488055006117872, 41.89335800114516, 0.0 ], [ 12.487850006117938, 41.893305001145158, 0.0 ], [ 12.487776006117958, 41.893236001145169, 0.0 ], [ 12.487719006117977, 41.893160001145191, 0.0 ], [ 12.487703006117981, 41.893113001145203, 0.0 ], [ 12.487709006117969, 41.893054001145188, 0.0 ], [ 12.487732006117954, 41.8930100011452, 0.0 ], [ 12.487765006117932, 41.892947001145188, 0.0 ], [ 12.487837006117896, 41.89284000114521, 0.0 ], [ 12.487991006117825, 41.892755001145197, 0.0 ], [ 12.488510006117613, 41.892510001145212, 0.0 ], [ 12.488770006117505, 41.892382001145194, 0.0 ], [ 12.490415006116811, 41.891452001145204, 0.0 ], [ 12.49050200611677, 41.891413001145182, 0.0 ], [ 12.490584006116736, 41.89137600114519, 0.0 ], [ 12.490712006116684, 41.891332001145209, 0.0 ], [ 12.491032006116567, 41.89128100114516, 0.0 ], [ 12.491255006116479, 41.891251001145186, 0.0 ], [ 12.491686006116311, 41.891193001145119, 0.0 ], [ 12.49220400611612, 41.891128001145148, 0.0 ], [ 12.492436006116034, 41.891096001145122, 0.0 ], [ 12.492547006115986, 41.891081001145125, 0.0 ], [ 12.492662006115941, 41.891060001145121, 0.0 ], [ 12.492756006115908, 41.89103600114511, 0.0 ], [ 12.492841006115876, 41.891012001145107, 0.0 ], [ 12.49293000611584, 41.890983001145123, 0.0 ], [ 12.493252006115704, 41.890870001145103, 0.0 ], [ 12.493392006115648, 41.890815001145107, 0.0 ], [ 12.493495006115605, 41.890768001145091, 0.0 ], [ 12.493752006115505, 41.890663001145128, 0.0 ], [ 12.493934006115431, 41.890602001145098, 0.0 ], [ 12.494127006115352, 41.890544001145095, 0.0 ], [ 12.494246006115306, 41.89051000114511, 0.0 ], [ 12.494442006115234, 41.89046700114509, 0.0 ], [ 12.494484006115213, 41.890480001145072, 0.0 ], [ 12.494540006115201, 41.890490001145075, 0.0 ], [ 12.494597006115173, 41.890488001145094, 0.0 ], [ 12.494667006115149, 41.890478001145084, 0.0 ], [ 12.496921006114281, 41.890064001144992, 0.0 ], [ 12.497196006114175, 41.890011001144998, 0.0 ], [ 12.498013006113858, 41.889854001144975, 0.0 ], [ 12.498294006113746, 41.88979800114496, 0.0 ], [ 12.498386006113714, 41.889781001144947, 0.0 ], [ 12.498502006113672, 41.889760001144985, 0.0 ], [ 12.498730006113583, 41.889717001144952, 0.0 ], [ 12.499818006113165, 41.8895150011449, 0.0 ] ] } },
{ "type": "Feature", "properties": { "EntityHand": "20612", "length_m": 124.66503392287933, "coverage_pct": 31.130687754768665 }, "geometry": { "type": "LineString", "coordinates": [ [ 12.486989006118895, 41.899215001144725, 0.0 ], [ 12.486807006118974, 41.899292001144737, 0.0 ], [ 12.486693006119012, 41.899311001144724, 0.0 ], [ 12.486586006119055, 41.899307001144727, 0.0 ], [ 12.486463006119095, 41.899278001144737, 0.0 ], [ 12.486377006119119, 41.899229001144739, 0.0 ], [ 12.486328006119129, 41.899108001144754, 0.0 ], [ 12.486325006119106, 41.898900001144767, 0.0 ] ] } },
{ "type": "Feature", "properties": { "EntityHand": "20630", "length_m": 11.597062161452296, "coverage_pct": 58.262627115245245 }, "geometry": { "type": "LineString", "coordinates": [ [ 12.481903006120245, 41.894539001145347, 0.0 ], [ 12.481837006120278, 41.89459900114533, 0.0 ] ] } },
{ "type": "Feature", "properties": { "EntityHand": "20634", "length_m": 330.0945629697423, "coverage_pct": 42.788611523496591 }, "geometry": { "type": "LineString", "coordinates": [ [ 12.45677000613253, 41.92362600114415, 0.0 ], [ 12.456859006132504, 41.923691001144121, 0.0 ], [ 12.456920006132485, 41.923752001144123, 0.0 ], [ 12.456969006132477, 41.923801001144142, 0.0 ], [ 12.457261006132372, 41.923770001144113, 0.0 ], [ 12.457553006132256, 41.923738001144109, 0.0 ], [ 12.457567006132253, 41.923780001144124, 0.0 ], [ 12.456853006132578, 41.924360001144095, 0.0 ], [ 12.4567830061326, 41.9243240011441, 0.0 ], [ 12.456843006132551, 41.924106001144111, 0.0 ], [ 12.456908006132506, 41.923867001144124, 0.0 ], [ 12.456908006132508, 41.923835001144141, 0.0 ], [ 12.456870006132512, 41.923816001144125, 0.0 ], [ 12.456745006132548, 41.923754001144133, 0.0 ] ] } },
{ "type": "Feature", "properties": { "EntityHand": "20639", "length_m": 1042.8554950082255, "coverage_pct": 20.389627333145814 }, "geometry": { "type": "LineString", "coordinates": [ [ 12.458106006130691, 41.911111001145088, 0.0 ], [ 12.458100006130691, 41.911072001145108, 0.0 ], [ 12.458097006130687, 41.911008001145099, 0.0 ], [ 12.458039006130599, 41.91004000114517, 0.0 ], [ 12.458022006130582, 41.909825001145215, 0.0 ], [ 12.458016006130562, 41.909648001145236, 0.0 ], [ 12.458004006130553, 41.909461001145253, 0.0 ], [ 12.457996006130541, 41.909364001145249, 0.0 ], [ 12.457951006130568, 41.909402001145267, 0.0 ], [ 12.457927006130577, 41.909448001145257, 0.0 ], [ 12.457927006130584, 41.909472001145232, 0.0 ], [ 12.457927006130584, 41.909512001145245, 0.0 ], [ 12.457932006130598, 41.909696001145221, 0.0 ], [ 12.457940006130622, 41.909829001145255, 0.0 ], [ 12.457945006130624, 41.909927001145235, 0.0 ], [ 12.457983006130641, 41.910248001145192, 0.0 ], [ 12.458040006130704, 41.910994001145134, 0.0 ], [ 12.458044006130713, 41.911045001145119, 0.0 ], [ 12.458055006130705, 41.911106001145129, 0.0 ], [ 12.458109006130696, 41.911210001145101, 0.0 ], [ 12.458130006130686, 41.911152001145112, 0.0 ], [ 12.458166006130664, 41.911068001145118, 0.0 ], [ 12.458170006130658, 41.911024001145122, 0.0 ], [ 12.458101006130549, 41.909821001145197, 0.0 ], [ 12.458079006130527, 41.909501001145223, 0.0 ], [ 12.458119006130516, 41.909519001145227, 0.0 ], [ 12.45814900613051, 41.909549001145237, 0.0 ], [ 12.458180006130506, 41.909588001145224, 0.0 ], [ 12.458184006130516, 41.909719001145227, 0.0 ], [ 12.458210006130516, 41.909816001145231, 0.0 ], [ 12.458281006130617, 41.911014001145112, 0.0 ], [ 12.458284006130622, 41.911048001145119, 0.0 ], [ 12.458291006130628, 41.911100001145101, 0.0 ] ] } },
{ "type": "Feature", "properties": { "EntityHand": "2063B", "length_m": 737.96384902508817, "coverage_pct": 68.50546680929709 }, "geometry": { "type": "LineString", "coordinates": [ [ 12.475443006123712, 41.904899001144813, 0.0 ], [ 12.475090006123843, 41.904923001144802, 0.0 ], [ 12.475105006123854, 41.905012001144797, 0.0 ], [ 12.475170006123872, 41.90539100114475, 0.0 ], [ 12.475208006123886, 41.905746001144742, 0.0 ], [ 12.475145006124, 41.906518001144669, 0.0 ], [ 12.475050006124068, 41.906842001144668, 0.0 ], [ 12.475140006124027, 41.906773001144686, 0.0 ], [ 12.475243006123982, 41.906708001144665, 0.0 ], [ 12.475353006123941, 41.906654001144673, 0.0 ], [ 12.475484006123891, 41.906613001144656, 0.0 ], [ 12.475620006123837, 41.906594001144647, 0.0 ], [ 12.475728006123795, 41.906591001144655, 0.0 ], [ 12.475696006123782, 41.906377001144662, 0.0 ], [ 12.475617006123754, 41.905853001144713, 0.0 ], [ 12.47559700612374, 41.905720001144715, 0.0 ], [ 12.475587006123744, 41.905666001144738, 0.0 ], [ 12.475504006123728, 41.905215001144768, 0.0 ], [ 12.475462006123722, 41.904998001144783, 0.0 ], [ 12.475443006123712, 41.904899001144813, 0.0 ], [ 12.475428006123714, 41.904850001144794, 0.0 ], [ 12.475423006123718, 41.904832001144804, 0.0 ], [ 12.475386006123708, 41.904647001144809, 0.0 ], [ 12.475368006123707, 41.904533001144841, 0.0 ], [ 12.47536000612369, 41.904456001144851, 0.0 ] ] } },
{ "type": "Feature", "properties": { "EntityHand": "2063F", "length_m": 111.47571969365794, "coverage_pct": 29.285988596606032 }, "geometry": { "type": "LineString", "coordinates": [ [ 12.481786006118268, 41.875811001146872, 0.0 ], [ 12.481711006118292, 41.875788001146873, 0.0 ], [ 12.481595006118333, 41.875753001146869, 0.0 ], [ 12.481380006118407, 41.875685001146906, 0.0 ], [ 12.481249006118446, 41.875641001146889, 0.0 ], [ 12.481139006118493, 41.875747001146891, 0.0 ], [ 12.481108006118514, 41.875800001146921, 0.0 ], [ 12.481084006118541, 41.875918001146893, 0.0 ] ] } },
{ "type": "Feature", "properties": { "EntityHand": "2064A", "length_m": 157.20285001348915, "coverage_pct": 43.210636409858388 }, "geometry": { "type": "LineString", "coordinates": [ [ 12.48151800612046, 41.895254001145311, 0.0 ], [ 12.481496006120476, 41.895313001145318, 0.0 ], [ 12.481480006120488, 41.895354001145293, 0.0 ], [ 12.481372006120559, 41.895625001145298, 0.0 ], [ 12.481399006120546, 41.895671001145288, 0.0 ], [ 12.481695006120455, 41.895729001145263, 0.0 ], [ 12.482070006120319, 41.895802001145228, 0.0 ], [ 12.482198006120282, 41.895825001145226, 0.0 ] ] } },
{ "type": "Feature", "properties": { "EntityHand": "20666", "length_m": 275.36028934555696, "coverage_pct": 70.053998992300365 }, "geometry": { "type": "LineString", "coordinates": [ [ 12.448213006134004, 41.908485001145756, 0.0 ], [ 12.448290006133972, 41.908471001145784, 0.0 ], [ 12.448590006133868, 41.908544001145749, 0.0 ], [ 12.448668006133845, 41.90860000114575, 0.0 ], [ 12.448691006133846, 41.908675001145738, 0.0 ], [ 12.448694006133859, 41.908776001145739, 0.0 ], [ 12.44868000613387, 41.9088730011457, 0.0 ], [ 12.448649006133889, 41.908914001145725, 0.0 ], [ 12.448591006133912, 41.908950001145712, 0.0 ], [ 12.448514006133941, 41.908969001145749, 0.0 ], [ 12.448396006133988, 41.908983001145749, 0.0 ], [ 12.448523006133946, 41.909093001145713, 0.0 ], [ 12.448601006133929, 41.909165001145695, 0.0 ], [ 12.448567006133976, 41.909492001145686, 0.0 ], [ 12.448558006133984, 41.909526001145693, 0.0 ], [ 12.448673006133943, 41.909550001145661, 0.0 ], [ 12.448856006133889, 41.909588001145671, 0.0 ], [ 12.448929006133861, 41.909610001145644, 0.0 ], [ 12.448986006133845, 41.909635001145645, 0.0 ] ] } },
{ "type": "Feature", "properties": { "EntityHand": "20676", "length_m": 258.88629503108024, "coverage_pct": 79.103358240421315 }, "geometry": { "type": "LineString", "coordinates": [ [ 12.508814006110812, 41.898277001143775, 0.0 ], [ 12.508898006110792, 41.89826500114377, 0.0 ], [ 12.509000006110744, 41.898278001143758, 0.0 ], [ 12.509075006110718, 41.898313001143769, 0.0 ], [ 12.509144006110702, 41.898345001143767, 0.0 ], [ 12.509248006110665, 41.898410001143738, 0.0 ], [ 12.50927900611066, 41.898427001143737, 0.0 ], [ 12.509328006110632, 41.898351001143752, 0.0 ], [ 12.509359006110603, 41.898235001143753, 0.0 ], [ 12.509364006110609, 41.898217001143792, 0.0 ], [ 12.509367006110599, 41.898205001143758, 0.0 ], [ 12.509381006110587, 41.898153001143733, 0.0 ], [ 12.509411006110573, 41.898082001143763, 0.0 ], [ 12.509497006110527, 41.89791500114378, 0.0 ], [ 12.509359006110591, 41.898067001143794, 0.0 ], [ 12.509301006110622, 41.898144001143763, 0.0 ], [ 12.509274006110632, 41.898194001143757, 0.0 ], [ 12.509272006110633, 41.898205001143758, 0.0 ], [ 12.509269006110646, 41.898218001143753, 0.0 ], [ 12.509253006110654, 41.898331001143738, 0.0 ], [ 12.508814006110812, 41.898277001143775, 0.0 ] ] } },
{ "type": "Feature", "properties": { "EntityHand": "20677", "length_m": 234.22076979275698, "coverage_pct": 52.156901505748088 }, "geometry": { "type": "LineString", "coordinates": [ [ 12.508814006110812, 41.898277001143775, 0.0 ], [ 12.509053006110719, 41.89813900114379, 0.0 ], [ 12.509070006110695, 41.898129001143758, 0.0 ], [ 12.50908900611069, 41.898118001143771, 0.0 ], [ 12.509230006110636, 41.89803700114377, 0.0 ], [ 12.509307006110605, 41.898023001143784, 0.0 ], [ 12.509210006110653, 41.898106001143788, 0.0 ], [ 12.509175006110677, 41.898183001143785, 0.0 ], [ 12.509169006110669, 41.898198001143754, 0.0 ], [ 12.509165006110676, 41.898205001143758, 0.0 ], [ 12.509132006110699, 41.898268001143776, 0.0 ], [ 12.509075006110718, 41.898313001143769, 0.0 ], [ 12.509051006110735, 41.898332001143778, 0.0 ], [ 12.508974006110769, 41.898359001143781, 0.0 ], [ 12.508899006110791, 41.898371001143786, 0.0 ], [ 12.50883400611081, 41.898371001143786, 0.0 ], [ 12.50875900611085, 41.898383001143777, 0.0 ], [ 12.508519006110948, 41.898487001143778, 0.0 ], [ 12.50857500611092, 41.8984080011438, 0.0 ], [ 12.508656006110879, 41.898344001143805, 0.0 ], [ 12.508814006110812, 41.898277001143775, 0.0 ] ] } },
{ "type": "Feature", "properties": { "EntityHand": "20698", "length_m": 177.64447713560389, "coverage_pct": 78.28963858592742 }, "geometry": { "type": "LineString", "coordinates": [ [ 12.510725006109906, 41.896365001143863, 0.0 ], [ 12.510762006109891, 41.896345001143828, 0.0 ], [ 12.51082300610987, 41.896335001143846, 0.0 ], [ 12.511072006109774, 41.896298001143833, 0.0 ], [ 12.511136006109753, 41.896302001143845, 0.0 ], [ 12.511165006109739, 41.896318001143825, 0.0 ], [ 12.511173006109736, 41.896339001143836, 0.0 ], [ 12.511031006109809, 41.896501001143839, 0.0 ], [ 12.511001006109826, 41.896536001143808, 0.0 ], [ 12.510975006109838, 41.896566001143825, 0.0 ], [ 12.510825006109879, 41.896442001143839, 0.0 ], [ 12.510775006109892, 41.896401001143822, 0.0 ], [ 12.510746006109901, 41.896384001143858, 0.0 ], [ 12.510754006109911, 41.896414001143853, 0.0 ], [ 12.510784006109901, 41.89646700114384, 0.0 ], [ 12.510801006109897, 41.896512001143847, 0.0 ], [ 12.5108120061099, 41.896568001143834, 0.0 ], [ 12.510813006109906, 41.896614001143817, 0.0 ], [ 12.510812006109914, 41.896678001143812, 0.0 ] ] } },
{ "type": "Feature", "properties": { "EntityHand": "2069A", "length_m": 774.26335581482897, "coverage_pct": 66.212531779373492 }, "geometry": { "type": "LineString", "coordinates": [ [ 12.5096320061092, 41.885994001144745, 0.0 ], [ 12.509598006109211, 41.886038001144726, 0.0 ], [ 12.509570006109218, 41.886059001144751, 0.0 ], [ 12.509545006109231, 41.886074001144742, 0.0 ], [ 12.509518006109239, 41.886086001144719, 0.0 ], [ 12.509483006109258, 41.886097001144748, 0.0 ], [ 12.509448006109269, 41.886107001144737, 0.0 ], [ 12.50940500610929, 41.886116001144742, 0.0 ], [ 12.509553006109222, 41.885971001144739, 0.0 ], [ 12.509583006109201, 41.885929001144767, 0.0 ], [ 12.509599006109189, 41.885900001144748, 0.0 ], [ 12.50960800610919, 41.885884001144738, 0.0 ], [ 12.509638006109171, 41.885836001144753, 0.0 ], [ 12.50965000610916, 41.885756001144763, 0.0 ], [ 12.509669006109139, 41.885666001144735, 0.0 ], [ 12.509675006109134, 41.885647001144768, 0.0 ], [ 12.509684006109131, 41.885628001144752, 0.0 ], [ 12.50970400610912, 41.88560300114478, 0.0 ], [ 12.509716006109121, 41.885591001144782, 0.0 ], [ 12.509728006109112, 41.88557900114477, 0.0 ], [ 12.509740006109105, 41.885568001144762, 0.0 ], [ 12.509963006109007, 41.885392001144773, 0.0 ], [ 12.510120006108957, 41.885466001144749, 0.0 ], [ 12.510224006108922, 41.885510001144766, 0.0 ], [ 12.510309006108891, 41.885539001144743, 0.0 ], [ 12.510354006108887, 41.885552001144745, 0.0 ], [ 12.510396006108865, 41.885562001144734, 0.0 ], [ 12.51045200610884, 41.885573001144756, 0.0 ], [ 12.510502006108831, 41.885582001144755, 0.0 ], [ 12.511560006108457, 41.885728001144663, 0.0 ], [ 12.511774006108377, 41.885763001144653, 0.0 ], [ 12.512807006108027, 41.885924001144609, 0.0 ], [ 12.514455006107456, 41.886199001144512, 0.0 ], [ 12.515308006107148, 41.886332001144439, 0.0 ] ] } },
{ "type": "Feature", "properties": { "EntityHand": "206A0", "length_m": 242.16498234760979, "coverage_pct": 60.278592773037666 }, "geometry": { "type": "LineString", "coordinates": [ [ 12.514050006108201, 41.891873001144063, 0.0 ], [ 12.514002006108223, 41.891822001144057, 0.0 ], [ 12.513976006108217, 41.891761001144076, 0.0 ], [ 12.513975006108163, 41.891201001144111, 0.0 ], [ 12.51395200610817, 41.891163001144143, 0.0 ], [ 12.51392800610817, 41.891096001144106, 0.0 ], [ 12.513931006108162, 41.891058001144138, 0.0 ], [ 12.513941006108157, 41.891043001144126, 0.0 ], [ 12.513956006108151, 41.891024001144139, 0.0 ], [ 12.513979006108139, 41.890991001144144, 0.0 ], [ 12.514247006108022, 41.890837001144142, 0.0 ], [ 12.514202006108048, 41.890896001144121, 0.0 ], [ 12.51418400610806, 41.890942001144126, 0.0 ], [ 12.51417600610807, 41.891016001144102, 0.0 ], [ 12.514181006108066, 41.891043001144119, 0.0 ], [ 12.514186006108071, 41.891065001144135, 0.0 ], [ 12.514142006108111, 41.891279001144106, 0.0 ] ] } },
{ "type": "Feature", "properties": { "EntityHand": "206F9", "length_m": 141.56764632239268, "coverage_pct": 40.126369095721245 }, "geometry": { "type": "LineString", "coordinates": [ [ 12.52047200611052, 41.935168001140241, 0.0 ], [ 12.520473006110493, 41.934951001140263, 0.0 ], [ 12.520462006110481, 41.934852001140257, 0.0 ], [ 12.520447006110468, 41.934638001140264, 0.0 ], [ 12.520377006110477, 41.934461001140285, 0.0 ], [ 12.520279006110492, 41.934298001140306, 0.0 ], [ 12.520248006110494, 41.934251001140296, 0.0 ] ] } },
{ "type": "Feature", "properties": { "EntityHand": "206FC", "length_m": 242.83218637179269, "coverage_pct": 34.162193187375401 }, "geometry": { "type": "LineString", "coordinates": [ [ 12.508752006115031, 41.9371310011406, 0.0 ], [ 12.50870600611503, 41.936956001140651, 0.0 ], [ 12.508682006115029, 41.936899001140638, 0.0 ], [ 12.508649006115041, 41.936848001140639, 0.0 ], [ 12.508584006115051, 41.936788001140684, 0.0 ], [ 12.508541006115069, 41.936763001140669, 0.0 ], [ 12.508488006115082, 41.936744001140667, 0.0 ], [ 12.508431006115091, 41.936734001140678, 0.0 ], [ 12.508379006115121, 41.936732001140662, 0.0 ], [ 12.50833200611514, 41.936733001140674, 0.0 ], [ 12.508280006115159, 41.936740001140684, 0.0 ], [ 12.508232006115175, 41.936753001140687, 0.0 ], [ 12.50817500611519, 41.936777001140676, 0.0 ], [ 12.507841006115342, 41.936988001140669, 0.0 ], [ 12.507693006115408, 41.937122001140672, 0.0 ], [ 12.50765500611544, 41.937207001140649, 0.0 ], [ 12.507690006115439, 41.937322001140643, 0.0 ], [ 12.507763006115415, 41.937402001140654, 0.0 ], [ 12.507884006115386, 41.937481001140611, 0.0 ] ] } },
{ "type": "Feature", "properties": { "EntityHand": "206FF", "length_m": 340.04226510683873, "coverage_pct": 25.354207730824712 }, "geometry": { "type": "LineString", "coordinates": [ [ 12.491142006121709, 41.939334001141269, 0.0 ], [ 12.49100600612176, 41.939347001141257, 0.0 ], [ 12.490859006121811, 41.93936300114126, 0.0 ], [ 12.49074000612185, 41.939382001141276, 0.0 ], [ 12.490602006121907, 41.939412001141285, 0.0 ], [ 12.490501006121949, 41.939442001141266, 0.0 ], [ 12.490419006121982, 41.939474001141264, 0.0 ], [ 12.490364006122006, 41.939502001141285, 0.0 ], [ 12.490270006122055, 41.939560001141274, 0.0 ], [ 12.490187006122085, 41.939633001141267, 0.0 ], [ 12.490150006122102, 41.939681001141274, 0.0 ], [ 12.490122006122117, 41.939732001141273, 0.0 ], [ 12.490108006122135, 41.939776001141269, 0.0 ], [ 12.490101006122144, 41.939820001141264, 0.0 ], [ 12.490100006122137, 41.939863001141248, 0.0 ], [ 12.490109006122143, 41.939904001141251, 0.0 ], [ 12.490127006122147, 41.939945001141254, 0.0 ], [ 12.490181006122134, 41.94001700114125, 0.0 ], [ 12.490242006122124, 41.94007900114125, 0.0 ], [ 12.490280006122111, 41.940106001141253, 0.0 ], [ 12.490322006122087, 41.940132001141237, 0.0 ], [ 12.490362006122078, 41.940149001141222, 0.0 ], [ 12.490406006122061, 41.940166001141222, 0.0 ], [ 12.490491006122044, 41.940187001141233, 0.0 ], [ 12.490538006122019, 41.940192001141206, 0.0 ], [ 12.490583006122005, 41.940194001141222, 0.0 ], [ 12.490635006121988, 41.940193001141218, 0.0 ], [ 12.490684006121963, 41.940190001141211, 0.0 ], [ 12.490765006121929, 41.9401720011412, 0.0 ], [ 12.4908380061219, 41.940146001141194, 0.0 ], [ 12.490912006121873, 41.940111001141204, 0.0 ], [ 12.491002006121832, 41.940052001141225, 0.0 ], [ 12.491115006121781, 41.939930001141214, 0.0 ], [ 12.491181006121744, 41.939850001141217, 0.0 ], [ 12.491230006121715, 41.939748001141233, 0.0 ] ] } },
{ "type": "Feature", "properties": { "EntityHand": "20720", "length_m": 56.196156715734183, "coverage_pct": 70.048818941600416 }, "geometry": { "type": "LineString", "coordinates": [ [ 12.471875006128245, 41.934821001142517, 0.0 ], [ 12.471860006128244, 41.934727001142541, 0.0 ], [ 12.47182800612824, 41.934609001142562, 0.0 ], [ 12.471744006128269, 41.934560001142557, 0.0 ], [ 12.471647006128292, 41.934523001142594, 0.0 ] ] } },
{ "type": "Feature", "properties": { "EntityHand": "20723", "length_m": 58.254074585363526, "coverage_pct": 65.544779527968743 }, "geometry": { "type": "LineString", "coordinates": [ [ 12.472135006128102, 41.934383001142528, 0.0 ], [ 12.472154006128102, 41.934435001142546, 0.0 ], [ 12.472202006128096, 41.93451800114255, 0.0 ], [ 12.472292006128066, 41.934565001142531, 0.0 ], [ 12.472393006128028, 41.934596001142516, 0.0 ], [ 12.472502006127989, 41.934608001142493, 0.0 ] ] } },
{ "type": "Feature", "properties": { "EntityHand": "2075D", "length_m": 67.626076220836197, "coverage_pct": 60.088868066853799 }, "geometry": { "type": "LineString", "coordinates": [ [ 12.467834006129353, 41.93147800114297, 0.0 ], [ 12.46790300612933, 41.931493001143004, 0.0 ], [ 12.468415006129156, 41.931610001142971, 0.0 ] ] } },
{ "type": "Feature", "properties": { "EntityHand": "20771", "length_m": 895.94663493624364, "coverage_pct": 77.530354023172336 }, "geometry": { "type": "LineString", "coordinates": [ [ 12.47349400612768, 41.935047001142429, 0.0 ], [ 12.473860006127566, 41.935254001142383, 0.0 ], [ 12.474088006127497, 41.935355001142398, 0.0 ], [ 12.474335006127411, 41.935426001142368, 0.0 ], [ 12.473846006127586, 41.935391001142392, 0.0 ], [ 12.473535006127703, 41.935390001142387, 0.0 ], [ 12.472467006128076, 41.935277001142452, 0.0 ], [ 12.472267006128144, 41.935260001142474, 0.0 ], [ 12.472216006128162, 41.935256001142449, 0.0 ], [ 12.47147900612843, 41.935194001142513, 0.0 ], [ 12.471278006128498, 41.935177001142549, 0.0 ], [ 12.47085200612865, 41.935146001142556, 0.0 ], [ 12.47046600612879, 41.935111001142587, 0.0 ], [ 12.470226006128875, 41.935091001142595, 0.0 ], [ 12.469758006129039, 41.935049001142616, 0.0 ], [ 12.469786006129025, 41.935030001142593, 0.0 ], [ 12.469877006128984, 41.934966001142605, 0.0 ], [ 12.470044006128916, 41.934878001142629, 0.0 ], [ 12.470896006128573, 41.934570001142596, 0.0 ], [ 12.471085006128503, 41.934520001142587, 0.0 ], [ 12.471292006128426, 41.934499001142576, 0.0 ], [ 12.471600006128313, 41.934522001142554, 0.0 ], [ 12.471647006128292, 41.934523001142594, 0.0 ], [ 12.471771006128249, 41.93449700114256, 0.0 ], [ 12.471842006128213, 41.934461001142566, 0.0 ], [ 12.47188900612819, 41.934415001142568, 0.0 ], [ 12.471934006128174, 41.934368001142566, 0.0 ] ] } },
{ "type": "Feature", "properties": { "EntityHand": "20786", "length_m": 239.40752391011389, "coverage_pct": 73.17617693323642 }, "geometry": { "type": "LineString", "coordinates": [ [ 12.507844006115418, 41.937697001140613, 0.0 ], [ 12.507648006115506, 41.9378260011406, 0.0 ], [ 12.507598006115529, 41.937900001140612, 0.0 ], [ 12.507583006115556, 41.938016001140618, 0.0 ], [ 12.507613006115552, 41.938094001140598, 0.0 ], [ 12.507668006115535, 41.938166001140601, 0.0 ], [ 12.507856006115473, 41.938262001140586, 0.0 ], [ 12.508155006115384, 41.938392001140521, 0.0 ], [ 12.508225006115355, 41.938413001140539, 0.0 ], [ 12.508294006115333, 41.938424001140525, 0.0 ], [ 12.508382006115296, 41.938428001140522, 0.0 ], [ 12.508427006115287, 41.938424001140525, 0.0 ], [ 12.508478006115268, 41.938416001140517, 0.0 ], [ 12.508542006115238, 41.938396001140525, 0.0 ], [ 12.50859400611521, 41.938367001140492, 0.0 ], [ 12.508646006115198, 41.938332001140544, 0.0 ], [ 12.508689006115178, 41.938284001140531, 0.0 ], [ 12.508720006115155, 41.938220001140536, 0.0 ], [ 12.508751006115139, 41.938133001140564, 0.0 ] ] } },
{ "type": "Feature", "properties": { "EntityHand": "2079F", "length_m": 73.552012615807001, "coverage_pct": 44.247492951243657 }, "geometry": { "type": "LineString", "coordinates": [ [ 12.49299100611924, 41.922724001142527, 0.0 ], [ 12.492889006119265, 41.922658001142537, 0.0 ], [ 12.492854006119268, 41.922594001142542, 0.0 ], [ 12.492831006119276, 41.922519001142547, 0.0 ], [ 12.492849006119259, 41.922399001142566, 0.0 ], [ 12.492860006119237, 41.922275001142587, 0.0 ] ] } },
{ "type": "Feature", "properties": { "EntityHand": "207A1", "length_m": 63.865823534212112, "coverage_pct": 54.163094601433336 }, "geometry": { "type": "LineString", "coordinates": [ [ 12.505902006113574, 41.914025001142633, 0.0 ], [ 12.505330006113791, 41.914058001142664, 0.0 ] ] } },
{ "type": "Feature", "properties": { "EntityHand": "207A2", "length_m": 57.007958255516137, "coverage_pct": 54.012104802023821 }, "geometry": { "type": "LineString", "coordinates": [ [ 12.505234006113817, 41.913986001142668, 0.0 ], [ 12.505223006113788, 41.913605001142699, 0.0 ] ] } },
{ "type": "Feature", "properties": { "EntityHand": "207C7", "length_m": 427.8005747303576, "coverage_pct": 64.26103579303259 }, "geometry": { "type": "LineString", "coordinates": [ [ 12.475093006127146, 41.935505001142303, 0.0 ], [ 12.474921006127213, 41.935542001142345, 0.0 ], [ 12.474496006127371, 41.935519001142346, 0.0 ], [ 12.473793006127615, 41.935450001142399, 0.0 ], [ 12.473535006127703, 41.935390001142387, 0.0 ], [ 12.473607006127667, 41.935309001142421, 0.0 ], [ 12.473616006127651, 41.935264001142414, 0.0 ], [ 12.47360700612766, 41.935204001142438, 0.0 ], [ 12.473575006127664, 41.935159001142431, 0.0 ], [ 12.473517006127675, 41.935106001142408, 0.0 ], [ 12.47349400612768, 41.935047001142429, 0.0 ], [ 12.473174006127776, 41.934855001142488, 0.0 ], [ 12.473005006127824, 41.934746001142486, 0.0 ], [ 12.472792006127888, 41.934660001142497, 0.0 ], [ 12.472502006127989, 41.934608001142493, 0.0 ], [ 12.472370006128045, 41.934610001142516, 0.0 ], [ 12.472291006128073, 41.934615001142532, 0.0 ], [ 12.472215006128101, 41.934629001142532, 0.0 ], [ 12.472138006128128, 41.934666001142546, 0.0 ], [ 12.472078006128164, 41.934719001142547, 0.0 ], [ 12.472040006128182, 41.934782001142523, 0.0 ] ] } },
{ "type": "Feature", "properties": { "EntityHand": "207D4", "length_m": 133.9001764540721, "coverage_pct": 26.43591455082797 }, "geometry": { "type": "LineString", "coordinates": [ [ 12.514443006111998, 41.928394001141051, 0.0 ], [ 12.514629006112013, 41.929162001140995, 0.0 ], [ 12.514654006112014, 41.929275001140972, 0.0 ] ] } },
{ "type": "Feature", "properties": { "EntityHand": "207D5", "length_m": 137.27832549045542, "coverage_pct": 25.482493703534693 }, "geometry": { "type": "LineString", "coordinates": [ [ 12.513713006112271, 41.928481001141073, 0.0 ], [ 12.513916006112295, 41.929289001141044, 0.0 ], [ 12.513945006112294, 41.929382001141015, 0.0 ] ] } },
{ "type": "Feature", "properties": { "EntityHand": "207DA", "length_m": 75.222204450976122, "coverage_pct": 44.908926358395078 }, "geometry": { "type": "LineString", "coordinates": [ [ 12.525381006107999, 41.92850800114055, 0.0 ], [ 12.525571006107931, 41.928545001140535, 0.0 ], [ 12.525865006107839, 41.92864100114052, 0.0 ], [ 12.525987006107799, 41.928716001140494, 0.0 ] ] } },
{ "type": "Feature", "properties": { "EntityHand": "207DE", "length_m": 346.28899688851072, "coverage_pct": 30.296827290906688 }, "geometry": { "type": "LineString", "coordinates": [ [ 12.528945006104529, 41.908488001142011, 0.0 ], [ 12.529390006104366, 41.908481001141965, 0.0 ], [ 12.529459006104339, 41.908480001142003, 0.0 ], [ 12.529820006104208, 41.908452001141981, 0.0 ], [ 12.530114006104094, 41.908414001141978, 0.0 ], [ 12.53138100610361, 41.908238001141925, 0.0 ], [ 12.531682006103496, 41.908203001141906, 0.0 ], [ 12.532023006103367, 41.908186001141907, 0.0 ] ] } },
{ "type": "Feature", "properties": { "EntityHand": "207EC", "length_m": 399.63135457182204, "coverage_pct": 59.638021377339676 }, "geometry": { "type": "LineString", "coordinates": [ [ 12.491931006119597, 41.922518001142585, 0.0 ], [ 12.492037006119547, 41.922415001142582, 0.0 ], [ 12.492108006119523, 41.922331001142624, 0.0 ], [ 12.492116006119499, 41.922177001142607, 0.0 ], [ 12.49215600611948, 41.922179001142631, 0.0 ], [ 12.492327006119419, 41.922184001142618, 0.0 ], [ 12.492426006119377, 41.92218800114258, 0.0 ], [ 12.492500006119354, 41.922202001142601, 0.0 ], [ 12.492549006119345, 41.922220001142598, 0.0 ], [ 12.492774006119257, 41.922142001142596, 0.0 ], [ 12.492860006119237, 41.922275001142587, 0.0 ], [ 12.492945006119221, 41.922413001142573, 0.0 ], [ 12.49291600611925, 41.922568001142537, 0.0 ], [ 12.493054006119209, 41.922656001142556, 0.0 ], [ 12.49299100611924, 41.922724001142527, 0.0 ], [ 12.492869006119292, 41.922767001142525, 0.0 ], [ 12.492596006119395, 41.922864001142528, 0.0 ], [ 12.492486006119439, 41.922904001142534, 0.0 ], [ 12.492391006119476, 41.922936001142546, 0.0 ], [ 12.492380006119463, 41.922728001142559, 0.0 ], [ 12.492249006119508, 41.922696001142555, 0.0 ], [ 12.492106006119549, 41.922622001142585, 0.0 ], [ 12.491931006119597, 41.922518001142585, 0.0 ] ] } },
{ "type": "Feature", "properties": { "EntityHand": "207FE", "length_m": 241.74871187163319, "coverage_pct": 21.233083065354847 }, "geometry": { "type": "LineString", "coordinates": [ [ 12.525677006107923, 41.928836001140489, 0.0 ], [ 12.525720006107894, 41.928738001140502, 0.0 ], [ 12.525799006107862, 41.928697001140506, 0.0 ], [ 12.525987006107799, 41.928716001140494, 0.0 ], [ 12.526263006107721, 41.928973001140484, 0.0 ], [ 12.526493006107668, 41.929216001140432, 0.0 ], [ 12.526631006107623, 41.929286001140426, 0.0 ], [ 12.526753006107574, 41.929302001140421, 0.0 ], [ 12.52681900610755, 41.929290001140409, 0.0 ], [ 12.526922006107513, 41.929242001140423, 0.0 ], [ 12.527276006107364, 41.929067001140432, 0.0 ] ] } },
{ "type": "Feature", "properties": { "EntityHand": "20828", "length_m": 93.66032493042151, "coverage_pct": 38.813421001208646 }, "geometry": { "type": "LineString", "coordinates": [ [ 12.529784006104334, 41.909506001141899, 0.0 ], [ 12.529830006104303, 41.90942600114191, 0.0 ], [ 12.529933006104262, 41.909351001141886, 0.0 ], [ 12.52996100610426, 41.909333001141917, 0.0 ], [ 12.529991006104236, 41.909317001141886, 0.0 ], [ 12.530042006104217, 41.909292001141907, 0.0 ], [ 12.530093006104197, 41.909271001141896, 0.0 ], [ 12.53023900610413, 41.909218001141902, 0.0 ], [ 12.530290006104112, 41.90920300114189, 0.0 ], [ 12.530331006104099, 41.909193001141908, 0.0 ], [ 12.530372006104081, 41.909188001141899, 0.0 ], [ 12.530407006104069, 41.909187001141895, 0.0 ], [ 12.530457006104049, 41.909189001141883, 0.0 ] ] } },
{ "type": "Feature", "properties": { "EntityHand": "20835", "length_m": 160.32785707450594, "coverage_pct": 74.455824727120955 }, "geometry": { "type": "LineString", "coordinates": [ [ 12.505612006114021, 41.917180001142384, 0.0 ], [ 12.505141006114181, 41.917045001142412, 0.0 ], [ 12.505255006114121, 41.916830001142444, 0.0 ], [ 12.50566400611398, 41.916932001142406, 0.0 ], [ 12.50584600611392, 41.916981001142418, 0.0 ] ] } },
{ "type": "Feature", "properties": { "EntityHand": "2085E", "length_m": 371.04595271698605, "coverage_pct": 24.406017255444343 }, "geometry": { "type": "LineString", "coordinates": [ [ 12.532137006103294, 41.907897001141912, 0.0 ], [ 12.532121006103301, 41.907923001141917, 0.0 ], [ 12.532100006103317, 41.907947001141899, 0.0 ], [ 12.532088006103324, 41.907959001141926, 0.0 ], [ 12.532073006103328, 41.907971001141895, 0.0 ], [ 12.532056006103334, 41.907981001141913, 0.0 ], [ 12.532035006103349, 41.90799200114192, 0.0 ], [ 12.532019006103351, 41.907998001141927, 0.0 ], [ 12.531997006103351, 41.908004001141911, 0.0 ], [ 12.531982006103359, 41.908008001141894, 0.0 ], [ 12.531961006103367, 41.908010001141903, 0.0 ], [ 12.531670006103482, 41.908014001141929, 0.0 ], [ 12.531635006103491, 41.908011001141944, 0.0 ], [ 12.531607006103499, 41.908006001141906, 0.0 ], [ 12.531587006103511, 41.907998001141927, 0.0 ], [ 12.531565006103515, 41.907986001141914, 0.0 ], [ 12.531545006103523, 41.907972001141928, 0.0 ], [ 12.531529006103524, 41.907956001141919, 0.0 ], [ 12.531518006103529, 41.907939001141926, 0.0 ], [ 12.531512006103519, 41.907913001141942, 0.0 ], [ 12.531517006103524, 41.907887001141965, 0.0 ], [ 12.531764006103407, 41.907618001141941, 0.0 ], [ 12.531918006103325, 41.907423001141964, 0.0 ], [ 12.532046006103252, 41.907224001141962, 0.0 ], [ 12.532215006103153, 41.906860001141993, 0.0 ], [ 12.532326006103087, 41.906608001142011, 0.0 ], [ 12.532392006103036, 41.906391001142012, 0.0 ], [ 12.532448006102999, 41.906155001142061, 0.0 ] ] } },
{ "type": "Feature", "properties": { "EntityHand": "20893", "length_m": 154.53625233541933, "coverage_pct": 74.250922915718604 }, "geometry": { "type": "LineString", "coordinates": [ [ 12.469145006128553, 41.928470001143189, 0.0 ], [ 12.469674006128372, 41.928578001143144, 0.0 ], [ 12.469755006128326, 41.928375001143159, 0.0 ], [ 12.469226006128505, 41.928250001143198, 0.0 ] ] } },
{ "type": "Feature", "properties": { "EntityHand": "208AF", "length_m": 59.510584260020977, "coverage_pct": 48.611728534372027 }, "geometry": { "type": "LineString", "coordinates": [ [ 12.5132260061126, 41.929810001141, 0.0 ], [ 12.513042006112636, 41.929567001141024, 0.0 ], [ 12.513087006112613, 41.929453001141027, 0.0 ] ] } },
{ "type": "Feature", "properties": { "EntityHand": "20930", "length_m": 1335.3707627510757, "coverage_pct": 46.782371100617702 }, "geometry": { "type": "LineString", "coordinates": [ [ 12.527899006104928, 41.908627001142051, 0.0 ], [ 12.527506006105076, 41.908610001142065, 0.0 ], [ 12.527384006105118, 41.90859600114208, 0.0 ], [ 12.52729600610515, 41.908582001142101, 0.0 ], [ 12.527142006105199, 41.908551001142122, 0.0 ], [ 12.526988006105253, 41.908515001142099, 0.0 ], [ 12.526538006105406, 41.90838700114216, 0.0 ], [ 12.526072006105553, 41.908221001142145, 0.0 ], [ 12.525674006105692, 41.908087001142206, 0.0 ], [ 12.525408006105778, 41.907997001142192, 0.0 ], [ 12.524835006105963, 41.907797001142271, 0.0 ], [ 12.524294006106141, 41.907543001142308, 0.0 ], [ 12.523896006106259, 41.907313001142363, 0.0 ], [ 12.523685006106319, 41.907160001142337, 0.0 ], [ 12.52331400610643, 41.906890001142386, 0.0 ], [ 12.523155006106476, 41.906756001142433, 0.0 ], [ 12.523004006106515, 41.90663000114246, 0.0 ], [ 12.522728006106588, 41.90637000114247, 0.0 ], [ 12.522224006106715, 41.905886001142555, 0.0 ], [ 12.522134006106741, 41.905799001142547, 0.0 ], [ 12.521657006106865, 41.905350001142601, 0.0 ], [ 12.521016006107029, 41.904698001142691, 0.0 ], [ 12.520734006107102, 41.904406001142725, 0.0 ], [ 12.520436006107179, 41.90405200114278, 0.0 ], [ 12.520314006107204, 41.903905001142775, 0.0 ], [ 12.520282006107216, 41.903867001142793, 0.0 ], [ 12.520114006107244, 41.903571001142829, 0.0 ], [ 12.519936006107288, 41.903396001142845, 0.0 ], [ 12.51963600610736, 41.903026001142884, 0.0 ], [ 12.519620006107365, 41.90300600114287, 0.0 ], [ 12.519541006107389, 41.902931001142917, 0.0 ], [ 12.519494006107395, 41.902886001142896, 0.0 ], [ 12.519401006107426, 41.902815001142919, 0.0 ] ] } },
{ "type": "Feature", "properties": { "EntityHand": "2093F", "length_m": 66.420608221267742, "coverage_pct": 37.707496650225799 }, "geometry": { "type": "LineString", "coordinates": [ [ 12.512210006110701, 41.908872001142754, 0.0 ], [ 12.512175006110727, 41.908920001142754, 0.0 ], [ 12.512124006110751, 41.908959001142776, 0.0 ], [ 12.512074006110769, 41.908982001142753, 0.0 ], [ 12.512000006110807, 41.908997001142765, 0.0 ], [ 12.511923006110832, 41.909004001142783, 0.0 ], [ 12.511852006110857, 41.908995001142756, 0.0 ], [ 12.511794006110877, 41.908982001142775, 0.0 ], [ 12.511700006110905, 41.90894800114279, 0.0 ] ] } },
{ "type": "Feature", "properties": { "EntityHand": "2095F", "length_m": 271.3032648547167, "coverage_pct": 79.883013162696002 }, "geometry": { "type": "LineString", "coordinates": [ [ 12.518901006107541, 41.902194001142988, 0.0 ], [ 12.519174006107479, 41.902558001142957, 0.0 ], [ 12.519320006107449, 41.902783001142922, 0.0 ], [ 12.519123006107503, 41.90258600114295, 0.0 ], [ 12.518892006107549, 41.902286001142969, 0.0 ], [ 12.518830006107573, 41.902206001143007, 0.0 ], [ 12.518790006107572, 41.902148001143019, 0.0 ], [ 12.518752006107576, 41.901987001143027, 0.0 ], [ 12.518901006107541, 41.902194001142988, 0.0 ] ] } },
{ "type": "Feature", "properties": { "EntityHand": "209A7", "length_m": 427.60039256737042, "coverage_pct": 64.58398682237835 }, "geometry": { "type": "LineString", "coordinates": [ [ 12.506035006114427, 41.922352001141945, 0.0 ], [ 12.506809006114221, 41.923124001141865, 0.0 ], [ 12.50669700611428, 41.923213001141875, 0.0 ], [ 12.506642006114312, 41.923320001141825, 0.0 ], [ 12.506639006114318, 41.923404001141819, 0.0 ], [ 12.506678006114313, 41.92350500114182, 0.0 ], [ 12.506716006114312, 41.923552001141829, 0.0 ], [ 12.506760006114295, 41.923589001141835, 0.0 ], [ 12.506848006114268, 41.923638001141789, 0.0 ], [ 12.506949006114235, 41.923667001141794, 0.0 ], [ 12.507088006114181, 41.923673001141779, 0.0 ], [ 12.507194006114137, 41.923654001141777, 0.0 ], [ 12.507298006114107, 41.923610001141803, 0.0 ], [ 12.507387006114062, 41.923536001141791, 0.0 ], [ 12.507441006114034, 41.923443001141806, 0.0 ], [ 12.507439006114009, 41.923294001141798, 0.0 ], [ 12.507363006114035, 41.923190001141826, 0.0 ], [ 12.507221006114071, 41.923098001141838, 0.0 ], [ 12.507042006114137, 41.92306800114185, 0.0 ], [ 12.506918006114176, 41.923083001141848, 0.0 ], [ 12.506809006114221, 41.923124001141865, 0.0 ] ] } },
{ "type": "Feature", "properties": { "EntityHand": "209A9", "length_m": 211.62049876522121, "coverage_pct": 65.059159558401433 }, "geometry": { "type": "LineString", "coordinates": [ [ 12.51905500610753, 41.902676001142929, 0.0 ], [ 12.518785006107603, 41.902339001142991, 0.0 ], [ 12.518678006107622, 41.902205001143024, 0.0 ], [ 12.518511006107664, 41.902005001143031, 0.0 ], [ 12.518450006107681, 41.90195200114303, 0.0 ], [ 12.518364006107703, 41.901910001143044, 0.0 ], [ 12.518561006107632, 41.901889001143026, 0.0 ], [ 12.518681006107579, 41.901841001143005, 0.0 ], [ 12.518718006107569, 41.901823001143036, 0.0 ], [ 12.518764006107546, 41.901803001143044, 0.0 ], [ 12.518817006107525, 41.901775001143022, 0.0 ], [ 12.518894006107484, 41.901676001143045, 0.0 ] ] } },
{ "type": "Feature", "properties": { "EntityHand": "209CD", "length_m": 268.20502340242865, "coverage_pct": 69.156859284707011 }, "geometry": { "type": "LineString", "coordinates": [ [ 12.519841006110633, 41.934053001140363, 0.0 ], [ 12.520090006110516, 41.933872001140344, 0.0 ], [ 12.520308006110429, 41.933762001140344, 0.0 ], [ 12.520281006110443, 41.933831001140355, 0.0 ], [ 12.520260006110457, 41.933887001140342, 0.0 ], [ 12.520260006110474, 41.93406600114033, 0.0 ], [ 12.520363006110447, 41.934168001140321, 0.0 ], [ 12.520565006110386, 41.934225001140348, 0.0 ], [ 12.520739006110317, 41.934207001140273, 0.0 ], [ 12.520913006110243, 41.934124001140297, 0.0 ], [ 12.521067006110176, 41.934009001140325, 0.0 ], [ 12.521256006110093, 41.933862001140305, 0.0 ], [ 12.521346006110052, 41.9338020011403, 0.0 ] ] } },
{ "type": "Feature", "properties": { "EntityHand": "20A25", "length_m": 1874.9782348017789, "coverage_pct": 64.479409301282317 }, "geometry": { "type": "LineString", "coordinates": [ [ 12.528140006105291, 41.912819001141692, 0.0 ], [ 12.528177006105244, 41.912502001141732, 0.0 ], [ 12.528205006105212, 41.912312001141729, 0.0 ], [ 12.528269006105168, 41.912120001141737, 0.0 ], [ 12.528437006105083, 41.911840001141783, 0.0 ], [ 12.529044006104762, 41.910960001141802, 0.0 ], [ 12.529377006104584, 41.91045100114183, 0.0 ], [ 12.529757006104388, 41.909898001141855, 0.0 ], [ 12.529940006104299, 41.909715001141862, 0.0 ], [ 12.530060006104248, 41.909635001141879, 0.0 ], [ 12.53023000610418, 41.909530001141867, 0.0 ], [ 12.530786006103936, 41.909177001141892, 0.0 ], [ 12.531016006103824, 41.908995001141882, 0.0 ], [ 12.531189006103746, 41.908833001141879, 0.0 ], [ 12.531458006103612, 41.908514001141896, 0.0 ], [ 12.53152900610357, 41.908407001141882, 0.0 ], [ 12.532017006103315, 41.907671001141964, 0.0 ], [ 12.532181006103221, 41.907397001141938, 0.0 ], [ 12.53229100610316, 41.907174001141968, 0.0 ], [ 12.532459006103062, 41.906837001141994, 0.0 ], [ 12.532532006103029, 41.906727001141988, 0.0 ], [ 12.53275800610289, 41.906269001142014, 0.0 ], [ 12.53276900610288, 41.906223001142024, 0.0 ], [ 12.53278000610287, 41.906177001142012, 0.0 ], [ 12.532825006102835, 41.905928001142051, 0.0 ], [ 12.532842006102783, 41.905606001142061, 0.0 ], [ 12.532824006102764, 41.905274001142061, 0.0 ], [ 12.532767006102734, 41.904897001142118, 0.0 ], [ 12.532716006102728, 41.904661001142145, 0.0 ], [ 12.532650006102733, 41.904434001142185, 0.0 ], [ 12.532563006102732, 41.904184001142191, 0.0 ], [ 12.532444006102752, 41.903909001142218, 0.0 ], [ 12.532368006102766, 41.903778001142243, 0.0 ], [ 12.532258006102788, 41.903614001142266, 0.0 ], [ 12.532144006102811, 41.903466001142291, 0.0 ], [ 12.53189600610288, 41.903167001142322, 0.0 ], [ 12.532163006102822, 41.903629001142242, 0.0 ], [ 12.532293006102812, 41.903921001142223, 0.0 ], [ 12.532442006102798, 41.904294001142219, 0.0 ], [ 12.532499006102785, 41.904450001142159, 0.0 ], [ 12.532550006102786, 41.90456400114217, 0.0 ], [ 12.532584006102773, 41.904635001142154, 0.0 ], [ 12.532635006102774, 41.904720001142131, 0.0 ], [ 12.53271200610275, 41.904817001142135, 0.0 ] ] } },
{ "type": "Feature", "properties": { "EntityHand": "20A27", "length_m": 243.95144298197118, "coverage_pct": 66.747133195817625 }, "geometry": { "type": "LineString", "coordinates": [ [ 12.474027006125466, 41.916359001143924, 0.0 ], [ 12.473977006125493, 41.91643200114391, 0.0 ], [ 12.473944006125514, 41.916513001143919, 0.0 ], [ 12.473926006125525, 41.916553001143924, 0.0 ], [ 12.473891006125534, 41.916580001143899, 0.0 ], [ 12.473861006125556, 41.916588001143907, 0.0 ], [ 12.47382100612557, 41.91659300114393, 0.0 ], [ 12.473784006125586, 41.916598001143917, 0.0 ], [ 12.473704006125613, 41.916584001143931, 0.0 ], [ 12.473574006125657, 41.916563001143942, 0.0 ], [ 12.473361006125725, 41.916511001143952, 0.0 ], [ 12.473272006125761, 41.916470001143978, 0.0 ], [ 12.473373006125716, 41.916487001143949, 0.0 ], [ 12.473514006125669, 41.916512001143921, 0.0 ], [ 12.473619006125633, 41.916528001143959, 0.0 ], [ 12.473676006125611, 41.916521001143934, 0.0 ], [ 12.473716006125596, 41.916490001143941, 0.0 ], [ 12.473771006125558, 41.916360001143957, 0.0 ], [ 12.47382700612553, 41.91628500114394, 0.0 ], [ 12.47383000612554, 41.916362001143938, 0.0 ], [ 12.473785006125574, 41.916499001143954, 0.0 ], [ 12.473759006125583, 41.916547001143918, 0.0 ], [ 12.473704006125613, 41.916584001143931, 0.0 ] ] } },
{ "type": "Feature", "properties": { "EntityHand": "20A3B", "length_m": 147.20119056932077, "coverage_pct": 79.214315873127887 }, "geometry": { "type": "LineString", "coordinates": [ [ 12.501801006114638, 41.909947001143166, 0.0 ], [ 12.501524006114741, 41.909919001143173, 0.0 ], [ 12.501367006114789, 41.909867001143176, 0.0 ], [ 12.501217006114832, 41.909738001143211, 0.0 ], [ 12.500820006114997, 41.909943001143212, 0.0 ], [ 12.500686006115039, 41.909880001143215, 0.0 ] ] } },
{ "type": "Feature", "properties": { "EntityHand": "20A52", "length_m": 78.359194727878247, "coverage_pct": 59.265207688862354 }, "geometry": { "type": "LineString", "coordinates": [ [ 12.474894006124666, 41.911902001144249, 0.0 ], [ 12.474908006124657, 41.911864001144245, 0.0 ], [ 12.474921006124658, 41.911834001144264, 0.0 ], [ 12.475027006124582, 41.911600001144286, 0.0 ], [ 12.475057006124571, 41.911534001144283, 0.0 ], [ 12.475082006124556, 41.911499001144257, 0.0 ], [ 12.475128006124541, 41.911477001144284, 0.0 ], [ 12.475202006124508, 41.911467001144274, 0.0 ] ] } },
{ "type": "Feature", "properties": { "EntityHand": "20A67", "length_m": 501.08052571197544, "coverage_pct": 30.958290677836175 }, "geometry": { "type": "LineString", "coordinates": [ [ 12.53246500610296, 41.905895001142063, 0.0 ], [ 12.532522006102941, 41.905843001142053, 0.0 ], [ 12.53259100610291, 41.905828001142069, 0.0 ], [ 12.532685006102875, 41.90585400114206, 0.0 ], [ 12.532713006102863, 41.905873001142062, 0.0 ], [ 12.532736006102855, 41.905920001142064, 0.0 ], [ 12.532751006102867, 41.90599700114204, 0.0 ], [ 12.532744006102879, 41.906127001142018, 0.0 ], [ 12.53275800610289, 41.906269001142014, 0.0 ], [ 12.532702006102927, 41.906497001141986, 0.0 ], [ 12.532593006103008, 41.906820001141988, 0.0 ], [ 12.5324510061031, 41.907144001141958, 0.0 ], [ 12.532236006103222, 41.907629001141927, 0.0 ], [ 12.532137006103294, 41.907897001141912, 0.0 ], [ 12.532141006103297, 41.907936001141913, 0.0 ], [ 12.532152006103299, 41.907966001141915, 0.0 ], [ 12.532164006103299, 41.90799400114193, 0.0 ], [ 12.532184006103293, 41.908019001141881, 0.0 ], [ 12.532203006103282, 41.908037001141885, 0.0 ], [ 12.532222006103275, 41.908050001141895, 0.0 ], [ 12.532252006103274, 41.908067001141916, 0.0 ], [ 12.532272006103264, 41.9080760011419, 0.0 ], [ 12.532297006103256, 41.908086001141911, 0.0 ], [ 12.532344006103239, 41.908102001141884, 0.0 ], [ 12.532384006103225, 41.908112001141859, 0.0 ], [ 12.532511006103183, 41.908144001141892, 0.0 ], [ 12.532152006103322, 41.908176001141882, 0.0 ], [ 12.532023006103367, 41.908186001141907, 0.0 ], [ 12.532106006103342, 41.908197001141886, 0.0 ], [ 12.532146006103332, 41.90820500114188, 0.0 ], [ 12.532174006103316, 41.908211001141886, 0.0 ], [ 12.532232006103293, 41.908227001141867, 0.0 ], [ 12.532354006103253, 41.90826400114188, 0.0 ] ] } },
{ "type": "Feature", "properties": { "EntityHand": "20AAA", "length_m": 83.423300846605514, "coverage_pct": 22.827325922970338 }, "geometry": { "type": "LineString", "coordinates": [ [ 12.467795006129688, 41.93442300114274, 0.0 ], [ 12.467863006129647, 41.93434600114275, 0.0 ], [ 12.46797200612961, 41.934304001142756, 0.0 ], [ 12.468097006129568, 41.934279001142762, 0.0 ], [ 12.468138006129546, 41.934291001142732, 0.0 ], [ 12.468282006129499, 41.934307001142741, 0.0 ], [ 12.468465006129426, 41.934295001142736, 0.0 ] ] } },
{ "type": "Feature", "properties": { "EntityHand": "20AB0", "length_m": 231.0463940043779, "coverage_pct": 66.391892177552066 }, "geometry": { "type": "LineString", "coordinates": [ [ 12.5041400061136, 41.90823000114321, 0.0 ], [ 12.504241006113563, 41.908263001143197, 0.0 ], [ 12.504158006113597, 41.90830200114317, 0.0 ], [ 12.504082006113636, 41.908379001143182, 0.0 ], [ 12.504060006113656, 41.908428001143193, 0.0 ], [ 12.504064006113659, 41.908480001143182, 0.0 ], [ 12.504105006113644, 41.908537001143166, 0.0 ], [ 12.504179006113626, 41.908586001143192, 0.0 ], [ 12.504279006113592, 41.908622001143144, 0.0 ], [ 12.504396006113556, 41.908642001143143, 0.0 ], [ 12.504489006113511, 41.908635001143125, 0.0 ], [ 12.504569006113478, 41.908608001143129, 0.0 ], [ 12.504625006113457, 41.90855600114314, 0.0 ], [ 12.504652006113442, 41.908500001143103, 0.0 ], [ 12.504545006113478, 41.908427001143167, 0.0 ], [ 12.504353006113526, 41.908301001143165, 0.0 ], [ 12.504779006113372, 41.908346001143173, 0.0 ] ] } },
{ "type": "Feature", "properties": { "EntityHand": "20ABD", "length_m": 122.2183446753442, "coverage_pct": 71.762240583860375 }, "geometry": { "type": "LineString", "coordinates": [ [ 12.520665006110226, 41.933139001140404, 0.0 ], [ 12.520754006110208, 41.933246001140382, 0.0 ], [ 12.520774006110205, 41.933263001140361, 0.0 ], [ 12.520517006110314, 41.933425001140378, 0.0 ], [ 12.520387006110354, 41.933318001140407, 0.0 ], [ 12.520665006110226, 41.933139001140404, 0.0 ] ] } },
{ "type": "Feature", "properties": { "EntityHand": "20ACD", "length_m": 146.64682105051506, "coverage_pct": 68.715355169213467 }, "geometry": { "type": "LineString", "coordinates": [ [ 12.516125006110965, 41.924469001141297, 0.0 ], [ 12.51605900611098, 41.924469001141297, 0.0 ], [ 12.515995006111009, 41.924454001141342, 0.0 ], [ 12.51594200611102, 41.924425001141309, 0.0 ], [ 12.515903006111028, 41.924385001141324, 0.0 ], [ 12.515882006111033, 41.924338001141344, 0.0 ], [ 12.515883006111032, 41.924288001141342, 0.0 ], [ 12.515904006111013, 41.924242001141337, 0.0 ], [ 12.515944006110995, 41.924202001141339, 0.0 ], [ 12.515978006110981, 41.924182001141325, 0.0 ], [ 12.516017006110966, 41.924168001141346, 0.0 ], [ 12.516060006110949, 41.924159001141319, 0.0 ], [ 12.516116006110931, 41.924159001141334, 0.0 ], [ 12.516172006110914, 41.924170001141334, 0.0 ], [ 12.516221006110896, 41.924191001141295, 0.0 ], [ 12.516268006110879, 41.924230001141325, 0.0 ], [ 12.516295006110877, 41.92427800114131, 0.0 ], [ 12.516300006110876, 41.924330001141286, 0.0 ], [ 12.516281006110891, 41.924381001141285, 0.0 ], [ 12.516241006110914, 41.924424001141311, 0.0 ], [ 12.516188006110932, 41.924453001141302, 0.0 ], [ 12.516125006110965, 41.924469001141297, 0.0 ] ] } },
{ "type": "Feature", "properties": { "EntityHand": "20B05", "length_m": 788.05098524854145, "coverage_pct": 72.007469479170325 }, "geometry": { "type": "LineString", "coordinates": [ [ 12.544829006105662, 41.973144001136006, 0.0 ], [ 12.544554006105768, 41.973190001136011, 0.0 ], [ 12.544408006105826, 41.973200001136007, 0.0 ], [ 12.544263006105872, 41.973180001136008, 0.0 ], [ 12.544160006105907, 41.973140001136031, 0.0 ], [ 12.544076006105936, 41.973083001136047, 0.0 ], [ 12.543846006105991, 41.972843001136056, 0.0 ], [ 12.543995006105973, 41.973164001136027, 0.0 ], [ 12.544025006105979, 41.973237001136056, 0.0 ], [ 12.544003006105987, 41.973328001136039, 0.0 ], [ 12.543964006106002, 41.973370001136011, 0.0 ], [ 12.543912006106028, 41.973410001136045, 0.0 ], [ 12.54382400610606, 41.973431001136028, 0.0 ], [ 12.543743006106094, 41.973438001136032, 0.0 ], [ 12.543668006106115, 41.97341500113604, 0.0 ], [ 12.543618006106136, 41.973387001136032, 0.0 ], [ 12.543563006106146, 41.973344001136041, 0.0 ], [ 12.543542006106152, 41.973281001136066, 0.0 ], [ 12.543436006106164, 41.972992001136085, 0.0 ], [ 12.543395006106159, 41.972841001136104, 0.0 ], [ 12.54333200610616, 41.972708001136098, 0.0 ], [ 12.543242006106173, 41.972471001136128, 0.0 ], [ 12.54303300610621, 41.972064001136175, 0.0 ], [ 12.542696006106276, 41.971488001136237, 0.0 ], [ 12.542640006106271, 41.971316001136266, 0.0 ], [ 12.542641006106262, 41.971210001136257, 0.0 ], [ 12.542699006106222, 41.971093001136282, 0.0 ], [ 12.54280200610618, 41.971027001136278, 0.0 ], [ 12.543139006106053, 41.970952001136254, 0.0 ], [ 12.543326006105969, 41.970897001136258, 0.0 ], [ 12.543438006105923, 41.970826001136253, 0.0 ], [ 12.543546006105876, 41.970714001136265, 0.0 ], [ 12.54373000610579, 41.970512001136278, 0.0 ], [ 12.543751006105765, 41.970477001136231, 0.0 ], [ 12.543762006105768, 41.970438001136287, 0.0 ] ] } },
{ "type": "Feature", "properties": { "EntityHand": "20B0A", "length_m": 796.59739920060667, "coverage_pct": 24.947498790188103 }, "geometry": { "type": "LineString", "coordinates": [ [ 12.509790006114722, 41.937846001140507, 0.0 ], [ 12.509890006114684, 41.937808001140525, 0.0 ], [ 12.509963006114651, 41.937771001140511, 0.0 ], [ 12.510030006114619, 41.937725001140507, 0.0 ], [ 12.510070006114603, 41.937671001140515, 0.0 ], [ 12.510092006114588, 41.937618001140549, 0.0 ], [ 12.510093006114582, 41.937563001140518, 0.0 ], [ 12.510084006114582, 41.937506001140527, 0.0 ], [ 12.510064006114577, 41.937454001140544, 0.0 ], [ 12.510031006114582, 41.937400001140524, 0.0 ], [ 12.509968006114605, 41.937354001140548, 0.0 ], [ 12.509475006114766, 41.937162001140607, 0.0 ], [ 12.509409006114783, 41.937140001140563, 0.0 ], [ 12.50933900611482, 41.93713000114063, 0.0 ], [ 12.50926600611484, 41.937130001140616, 0.0 ], [ 12.509192006114869, 41.937143001140612, 0.0 ], [ 12.509141006114884, 41.937159001140593, 0.0 ], [ 12.509093006114906, 41.937181001140594, 0.0 ], [ 12.509031006114931, 41.937223001140616, 0.0 ], [ 12.508994006114955, 41.937264001140612, 0.0 ], [ 12.508953006114977, 41.937328001140614, 0.0 ], [ 12.508928006114989, 41.937396001140598, 0.0 ], [ 12.50893300611501, 41.937547001140594, 0.0 ], [ 12.508947006115038, 41.937980001140524, 0.0 ], [ 12.50895100611506, 41.93810300114054, 0.0 ], [ 12.509025006115069, 41.938468001140492, 0.0 ], [ 12.50909000611508, 41.938762001140461, 0.0 ], [ 12.509160006115085, 41.93907400114044, 0.0 ], [ 12.5092040061151, 41.939383001140406, 0.0 ], [ 12.509178006115141, 41.939660001140403, 0.0 ], [ 12.509126006115183, 41.939786001140384, 0.0 ], [ 12.508896006115327, 41.940398001140352, 0.0 ], [ 12.508713006115443, 41.940885001140302, 0.0 ], [ 12.508632006115489, 41.941052001140299, 0.0 ] ] } },
{ "type": "Feature", "properties": { "EntityHand": "20B11", "length_m": 104.69351031706795, "coverage_pct": 36.668846750991321 }, "geometry": { "type": "LineString", "coordinates": [ [ 12.520678006118889, 42.013275001133849, 0.0 ], [ 12.521023006118771, 42.013398001133822, 0.0 ], [ 12.521079006118752, 42.013408001133811, 0.0 ], [ 12.521134006118729, 42.013407001133807, 0.0 ], [ 12.521218006118696, 42.013386001133796, 0.0 ], [ 12.521392006118621, 42.013283001133814, 0.0 ], [ 12.521439006118603, 42.013276001133811, 0.0 ], [ 12.521525006118567, 42.013272001133799, 0.0 ] ] } },
{ "type": "Feature", "properties": { "EntityHand": "20BCA", "length_m": 1100.4928987031669, "coverage_pct": 70.988461558182294 }, "geometry": { "type": "LineString", "coordinates": [ [ 12.526913006109307, 41.945890001139055, 0.0 ], [ 12.52686400610931, 41.945819001139078, 0.0 ], [ 12.526854006109319, 41.945694001139088, 0.0 ], [ 12.526832006109291, 41.945428001139099, 0.0 ], [ 12.526854006109263, 41.945243001139126, 0.0 ], [ 12.52665600610935, 41.945422001139114, 0.0 ], [ 12.526226006109543, 41.945682001139104, 0.0 ], [ 12.525974006109644, 41.945813001139122, 0.0 ], [ 12.525764006109741, 41.945946001139106, 0.0 ], [ 12.526190006109584, 41.945941001139111, 0.0 ], [ 12.526702006109391, 41.945906001139072, 0.0 ], [ 12.526913006109307, 41.945890001139055, 0.0 ], [ 12.527038006109269, 41.945884001139042, 0.0 ], [ 12.527876006108952, 41.94580600113904, 0.0 ], [ 12.528831006108589, 41.945732001138978, 0.0 ], [ 12.529407006108377, 41.94570000113896, 0.0 ], [ 12.529593006108307, 41.945687001138936, 0.0 ], [ 12.529638006108284, 41.945685001138926, 0.0 ], [ 12.5298810061082, 41.945674001138912, 0.0 ], [ 12.530365006108013, 41.945652001138932, 0.0 ], [ 12.531280006107666, 41.945604001138875, 0.0 ], [ 12.531747006107494, 41.945536001138869, 0.0 ], [ 12.53232900610727, 41.945436001138845, 0.0 ], [ 12.532795006107095, 41.945326001138845, 0.0 ], [ 12.53321900610692, 41.945206001138835, 0.0 ] ] } },
{ "type": "Feature", "properties": { "EntityHand": "20BD5", "length_m": 216.9729105728938, "coverage_pct": 73.713865574587771 }, "geometry": { "type": "LineString", "coordinates": [ [ 12.527297006108391, 41.938663001139638, 0.0 ], [ 12.527425006108354, 41.938787001139623, 0.0 ], [ 12.527485006108341, 41.938836001139613, 0.0 ], [ 12.527646006108299, 41.938982001139571, 0.0 ], [ 12.527737006108277, 41.939059001139583, 0.0 ], [ 12.527801006108252, 41.939104001139576, 0.0 ], [ 12.527879006108229, 41.93914200113953, 0.0 ], [ 12.527980006108198, 41.939176001139543, 0.0 ], [ 12.528043006108172, 41.939186001139554, 0.0 ], [ 12.528247006108097, 41.93920400113953, 0.0 ], [ 12.528639006107962, 41.939232001139523, 0.0 ], [ 12.528940006107851, 41.939253001139512, 0.0 ] ] } },
{ "type": "Feature", "properties": { "EntityHand": "20BDD", "length_m": 1498.833073652841, "coverage_pct": 31.706936396880785 }, "geometry": { "type": "LineString", "coordinates": [ [ 12.537376006108905, 41.977714001135986, 0.0 ], [ 12.537377006108889, 41.977618001135973, 0.0 ], [ 12.537388006108879, 41.977536001136009, 0.0 ], [ 12.537422006108844, 41.977426001135967, 0.0 ], [ 12.537470006108824, 41.977339001136016, 0.0 ], [ 12.537512006108804, 41.97727900113599, 0.0 ], [ 12.537594006108762, 41.977194001135999, 0.0 ], [ 12.538349006108406, 41.976502001136041, 0.0 ], [ 12.538398006108382, 41.976424001136031, 0.0 ], [ 12.539018006108096, 41.975872001136068, 0.0 ], [ 12.53932100610796, 41.975647001136068, 0.0 ], [ 12.539649006107817, 41.975443001136036, 0.0 ], [ 12.540000006107672, 41.975261001136047, 0.0 ], [ 12.540370006107519, 41.975102001136044, 0.0 ], [ 12.540760006107353, 41.974953001136043, 0.0 ], [ 12.541191006107178, 41.974790001136014, 0.0 ], [ 12.541833006106923, 41.974544001136024, 0.0 ], [ 12.542504006106636, 41.974230001136014, 0.0 ], [ 12.543792006106106, 41.973644001136002, 0.0 ], [ 12.544829006105662, 41.973144001136006, 0.0 ], [ 12.545239006105483, 41.972943001135995, 0.0 ], [ 12.545589006105354, 41.972841001135997, 0.0 ], [ 12.545799006105266, 41.97281100113598, 0.0 ], [ 12.546080006105155, 41.972786001135972, 0.0 ], [ 12.546246006105095, 41.972793001135962, 0.0 ], [ 12.546513006105009, 41.972818001135948, 0.0 ], [ 12.546777006104922, 41.972892001135946, 0.0 ], [ 12.546952006104862, 41.972949001135923, 0.0 ], [ 12.547068006104814, 41.972990001135905, 0.0 ], [ 12.547184006104782, 41.973043001135899, 0.0 ], [ 12.547289006104746, 41.973094001135884, 0.0 ], [ 12.547389006104726, 41.973157001135874, 0.0 ], [ 12.547594006104665, 41.973352001135851, 0.0 ], [ 12.547747006104631, 41.97353300113582, 0.0 ], [ 12.54780900610462, 41.973613001135845, 0.0 ] ] } },
{ "type": "Feature", "properties": { "EntityHand": "20BFE", "length_m": 426.28031539105268, "coverage_pct": 56.402602937478029 }, "geometry": { "type": "LineString", "coordinates": [ [ 12.547879006101425, 41.944289001138202, 0.0 ], [ 12.547902006101392, 41.944021001138246, 0.0 ], [ 12.547905006101375, 41.943958001138249, 0.0 ], [ 12.547910006101359, 41.943826001138248, 0.0 ], [ 12.547915006101354, 41.943798001138255, 0.0 ], [ 12.547917006101352, 41.943739001138276, 0.0 ], [ 12.547918006101353, 41.94372000113826, 0.0 ], [ 12.547924006101317, 41.943477001138312, 0.0 ], [ 12.547921006101321, 41.943451001138286, 0.0 ], [ 12.547676006101405, 41.943434001138286, 0.0 ], [ 12.54745500610149, 41.943450001138295, 0.0 ], [ 12.547378006101519, 41.943454001138313, 0.0 ], [ 12.547090006101628, 41.943470001138309, 0.0 ], [ 12.547084006101667, 41.943820001138285, 0.0 ], [ 12.547077006101684, 41.943930001138298, 0.0 ], [ 12.547083006101724, 41.944266001138253, 0.0 ], [ 12.547526006101554, 41.944284001138236, 0.0 ], [ 12.5476840061015, 41.944288001138204, 0.0 ], [ 12.547879006101425, 41.944289001138202, 0.0 ] ] } },
{ "type": "Feature", "properties": { "EntityHand": "20C0E", "length_m": 375.63816815268103, "coverage_pct": 52.585946132923731 }, "geometry": { "type": "LineString", "coordinates": [ [ 12.534883006105309, 41.935991001139492, 0.0 ], [ 12.534953006105296, 41.936044001139507, 0.0 ], [ 12.535037006105266, 41.936089001139486, 0.0 ], [ 12.535103006105247, 41.936116001139503, 0.0 ], [ 12.535158006105227, 41.936133001139495, 0.0 ], [ 12.535209006105216, 41.936144001139489, 0.0 ], [ 12.535272006105188, 41.936150001139467, 0.0 ], [ 12.535348006105163, 41.936153001139466, 0.0 ], [ 12.535430006105134, 41.936156001139445, 0.0 ], [ 12.535444006105125, 41.93612800113948, 0.0 ], [ 12.535436006105126, 41.936126001139485, 0.0 ], [ 12.535554006105068, 41.935916001139482, 0.0 ], [ 12.53562000610504, 41.935932001139449, 0.0 ], [ 12.535644006105017, 41.935855001139444, 0.0 ], [ 12.535645006105018, 41.935851001139469, 0.0 ], [ 12.53569100610499, 41.935772001139469, 0.0 ], [ 12.535786006104944, 41.93561000113948, 0.0 ], [ 12.535816006104929, 41.935605001139493, 0.0 ], [ 12.535826006104925, 41.935590001139474, 0.0 ], [ 12.535712006104959, 41.935554001139515, 0.0 ], [ 12.535742006104941, 41.93545900113952, 0.0 ], [ 12.535598006104991, 41.935449001139496, 0.0 ], [ 12.535593006104994, 41.935463001139489, 0.0 ], [ 12.535566006105006, 41.935457001139532, 0.0 ], [ 12.535560006105014, 41.935469001139516, 0.0 ], [ 12.535525006105022, 41.935483001139509, 0.0 ], [ 12.53551200610503, 41.935480001139503, 0.0 ], [ 12.535498006105039, 41.935504001139499, 0.0 ], [ 12.535202006105136, 41.935419001139536, 0.0 ], [ 12.535161006105151, 41.935407001139538, 0.0 ], [ 12.535112006105186, 41.935484001139542, 0.0 ], [ 12.534984006105235, 41.935669001139502, 0.0 ], [ 12.534882006105301, 41.93587000113952, 0.0 ], [ 12.534945006105277, 41.935886001139501, 0.0 ], [ 12.534920006105295, 41.935935001139477, 0.0 ], [ 12.534900006105309, 41.935974001139499, 0.0 ], [ 12.534883006105309, 41.935991001139492, 0.0 ] ] } },
{ "type": "Feature", "properties": { "EntityHand": "20C21", "length_m": 122.0653377938422, "coverage_pct": 70.222351774551797 }, "geometry": { "type": "LineString", "coordinates": [ [ 12.557090006093475, 41.901993001141236, 0.0 ], [ 12.557246006093397, 41.901799001141242, 0.0 ], [ 12.557367006093344, 41.901735001141255, 0.0 ], [ 12.55751700609329, 41.901740001141228, 0.0 ], [ 12.557651006093248, 41.901798001141223, 0.0 ], [ 12.557704006093237, 41.901875001141242, 0.0 ], [ 12.557763006093225, 41.902035001141208, 0.0 ] ] } },
{ "type": "Feature", "properties": { "EntityHand": "20C22", "length_m": 1804.8395246447531, "coverage_pct": 59.548195537333612 }, "geometry": { "type": "LineString", "coordinates": [ [ 12.527802006105656, 41.915056001141529, 0.0 ], [ 12.527867006105609, 41.914768001141525, 0.0 ], [ 12.527918006105558, 41.914528001141562, 0.0 ], [ 12.527952006105521, 41.914295001141596, 0.0 ], [ 12.527960006105516, 41.914232001141592, 0.0 ], [ 12.527993006105451, 41.913778001141615, 0.0 ], [ 12.528005006105406, 41.91345300114164, 0.0 ], [ 12.528062006105323, 41.912801001141688, 0.0 ], [ 12.528088006105277, 41.912476001141705, 0.0 ], [ 12.528117006105244, 41.912257001141732, 0.0 ], [ 12.528210006105178, 41.912025001141771, 0.0 ], [ 12.528355006105107, 41.91179900114178, 0.0 ], [ 12.52910400610471, 41.910694001141827, 0.0 ], [ 12.529635006104437, 41.909924001141881, 0.0 ], [ 12.52975100610437, 41.909766001141868, 0.0 ], [ 12.529825006104339, 41.909676001141882, 0.0 ], [ 12.52991700610429, 41.909600001141861, 0.0 ], [ 12.529979006104263, 41.909548001141857, 0.0 ], [ 12.530067006104225, 41.909488001141881, 0.0 ], [ 12.530184006104177, 41.909415001141909, 0.0 ], [ 12.530454006104057, 41.909258001141886, 0.0 ], [ 12.530716006103946, 41.909116001141896, 0.0 ], [ 12.530774006103924, 41.909081001141885, 0.0 ], [ 12.530812006103911, 41.909055001141887, 0.0 ], [ 12.530853006103888, 41.909024001141901, 0.0 ], [ 12.530980006103826, 41.908898001141893, 0.0 ], [ 12.531109006103767, 41.90877500114189, 0.0 ], [ 12.531364006103638, 41.908448001141906, 0.0 ], [ 12.531912006103356, 41.907642001141966, 0.0 ], [ 12.5321850061032, 41.907155001141966, 0.0 ], [ 12.532309006103118, 41.906859001141981, 0.0 ], [ 12.532438006103035, 41.906495001142005, 0.0 ], [ 12.532456006103022, 41.90638100114203, 0.0 ], [ 12.532448006102999, 41.906155001142061, 0.0 ], [ 12.53246500610296, 41.905895001142063, 0.0 ], [ 12.532467006102932, 41.905645001142105, 0.0 ], [ 12.532468006102919, 41.905476001142084, 0.0 ], [ 12.532475006102878, 41.905159001142103, 0.0 ], [ 12.532444006102859, 41.904846001142133, 0.0 ], [ 12.532390006102837, 41.904452001142161, 0.0 ], [ 12.532320006102843, 41.904270001142194, 0.0 ], [ 12.53218300610285, 41.903967001142213, 0.0 ] ] } },
{ "type": "Feature", "properties": { "EntityHand": "20C30", "length_m": 155.12106992008566, "coverage_pct": 54.878777121027632 }, "geometry": { "type": "LineString", "coordinates": [ [ 12.568665006091512, 41.92348600113894, 0.0 ], [ 12.568724006091504, 41.923599001138925, 0.0 ], [ 12.568773006091496, 41.923715001138945, 0.0 ], [ 12.568762006091511, 41.923811001138915, 0.0 ], [ 12.568735006091535, 41.923897001138911, 0.0 ], [ 12.568706006091547, 41.923946001138908, 0.0 ], [ 12.568622006091587, 41.924017001138928, 0.0 ], [ 12.568558006091605, 41.924065001138892, 0.0 ], [ 12.568400006091684, 41.924093001138914, 0.0 ], [ 12.568251006091735, 41.924103001138924, 0.0 ], [ 12.568035006091812, 41.924088001138919, 0.0 ] ] } },
{ "type": "Feature", "properties": { "EntityHand": "20C45", "length_m": 1505.0400121760363, "coverage_pct": 73.131851230024651 }, "geometry": { "type": "LineString", "coordinates": [ [ 12.530164006104211, 41.909655001141871, 0.0 ], [ 12.529963006104317, 41.909960001141847, 0.0 ], [ 12.529920006104341, 41.910021001141871, 0.0 ], [ 12.529872006104362, 41.910092001141841, 0.0 ], [ 12.52950000610455, 41.910596001141812, 0.0 ], [ 12.529396006104605, 41.910725001141842, 0.0 ], [ 12.529352006104629, 41.910769001141801, 0.0 ], [ 12.529261006104672, 41.910871001141821, 0.0 ], [ 12.529245006104681, 41.910890001141794, 0.0 ], [ 12.529113006104746, 41.911046001141791, 0.0 ], [ 12.528980006104813, 41.911229001141791, 0.0 ], [ 12.528894006104856, 41.91134800114181, 0.0 ], [ 12.528740006104943, 41.911576001141782, 0.0 ], [ 12.528349006105151, 41.912190001141774, 0.0 ], [ 12.52823500610522, 41.912493001141719, 0.0 ], [ 12.528140006105291, 41.912819001141692, 0.0 ], [ 12.528114006105344, 41.913258001141642, 0.0 ], [ 12.528100006105372, 41.913484001141661, 0.0 ], [ 12.528086006105408, 41.913724001141624, 0.0 ], [ 12.528090006105415, 41.913784001141622, 0.0 ], [ 12.528056006105482, 41.914240001141586, 0.0 ], [ 12.527962006105568, 41.914757001141538, 0.0 ], [ 12.527886006105629, 41.915091001141512, 0.0 ], [ 12.527795006105702, 41.915485001141477, 0.0 ], [ 12.527757006105738, 41.91565400114149, 0.0 ], [ 12.527641006105826, 41.91609900114144, 0.0 ], [ 12.527448006105997, 41.916973001141393, 0.0 ], [ 12.52734000610609, 41.91744600114135, 0.0 ], [ 12.527136006106264, 41.918399001141282, 0.0 ], [ 12.527050006106345, 41.91885100114127, 0.0 ], [ 12.526940006106432, 41.919286001141202, 0.0 ] ] } },
{ "type": "Feature", "properties": { "EntityHand": "20C58", "length_m": 166.76355139244768, "coverage_pct": 48.200554595304922 }, "geometry": { "type": "LineString", "coordinates": [ [ 12.587858006083266, 41.912804001138944, 0.0 ], [ 12.58768500608333, 41.912814001138933, 0.0 ], [ 12.587513006083395, 41.912831001138947, 0.0 ], [ 12.587393006083435, 41.912839001138927, 0.0 ], [ 12.587095006083562, 41.912912001138956, 0.0 ], [ 12.587151006083534, 41.912873001138962, 0.0 ], [ 12.587239006083497, 41.91280400113898, 0.0 ], [ 12.587320006083456, 41.912750001138953, 0.0 ], [ 12.587393006083417, 41.912635001138973, 0.0 ], [ 12.587485006083366, 41.912476001138991, 0.0 ] ] } },
{ "type": "Feature", "properties": { "EntityHand": "20C5B", "length_m": 197.92508072753861, "coverage_pct": 32.951722479080672 }, "geometry": { "type": "LineString", "coordinates": [ [ 12.564326006092696, 41.91954900113948, 0.0 ], [ 12.564441006092641, 41.919419001139488, 0.0 ], [ 12.564490006092619, 41.919371001139496, 0.0 ], [ 12.564544006092584, 41.919329001139488, 0.0 ], [ 12.564614006092564, 41.91928600113949, 0.0 ], [ 12.564691006092525, 41.919257001139485, 0.0 ], [ 12.564766006092498, 41.91923800113949, 0.0 ], [ 12.564842006092469, 41.919226001139471, 0.0 ], [ 12.564934006092432, 41.919225001139452, 0.0 ], [ 12.565024006092408, 41.919234001139458, 0.0 ], [ 12.565098006092381, 41.919246001139442, 0.0 ], [ 12.565163006092352, 41.919267001139445, 0.0 ], [ 12.565247006092322, 41.919307001139437, 0.0 ], [ 12.565320006092303, 41.919352001139451, 0.0 ], [ 12.56560400609224, 41.919704001139394, 0.0 ] ] } },
{ "type": "Feature", "properties": { "EntityHand": "20CA6", "length_m": 83.632553839721197, "coverage_pct": 20.984199300071076 }, "geometry": { "type": "LineString", "coordinates": [ [ 12.532068006103357, 41.908270001141894, 0.0 ], [ 12.531971006103403, 41.908280001141918, 0.0 ], [ 12.531327006103645, 41.908362001141924, 0.0 ] ] } },
{ "type": "Feature", "properties": { "EntityHand": "20D05", "length_m": 1080.3931825483639, "coverage_pct": 50.896298137833931 }, "geometry": { "type": "LineString", "coordinates": [ [ 12.567387006092021, 41.923817001138971, 0.0 ], [ 12.567258006092063, 41.923726001139002, 0.0 ], [ 12.566454006092297, 41.923126001139089, 0.0 ], [ 12.566392006092313, 41.923077001139106, 0.0 ], [ 12.565850006092468, 41.922665001139173, 0.0 ], [ 12.565331006092613, 41.922193001139213, 0.0 ], [ 12.565106006092666, 41.922010001139228, 0.0 ], [ 12.564602006092802, 41.921510001139282, 0.0 ], [ 12.564502006092821, 41.921423001139296, 0.0 ], [ 12.56434200609287, 41.921270001139334, 0.0 ], [ 12.564208006092906, 41.921119001139353, 0.0 ], [ 12.564110006092925, 41.921005001139349, 0.0 ], [ 12.564063006092944, 41.920942001139359, 0.0 ], [ 12.564019006092947, 41.92085500113938, 0.0 ], [ 12.563998006092948, 41.920768001139393, 0.0 ], [ 12.563963006092948, 41.920613001139408, 0.0 ], [ 12.563952006092933, 41.920517001139402, 0.0 ], [ 12.56395400609293, 41.92039500113944, 0.0 ], [ 12.563962006092909, 41.920311001139424, 0.0 ], [ 12.563995006092879, 41.920143001139436, 0.0 ], [ 12.564024006092854, 41.920052001139446, 0.0 ], [ 12.564326006092696, 41.91954900113948, 0.0 ], [ 12.56439500609264, 41.919322001139498, 0.0 ], [ 12.564438006092605, 41.919151001139504, 0.0 ], [ 12.564447006092584, 41.918977001139538, 0.0 ], [ 12.56442100609258, 41.918830001139526, 0.0 ], [ 12.564330006092581, 41.918564001139551, 0.0 ], [ 12.56423900609261, 41.918428001139581, 0.0 ], [ 12.564118006092636, 41.91827500113957, 0.0 ], [ 12.563960006092671, 41.918082001139595, 0.0 ], [ 12.563859006092704, 41.917973001139636, 0.0 ], [ 12.563639006092753, 41.917756001139644, 0.0 ] ] } },
{ "type": "Feature", "properties": { "EntityHand": "20D0E", "length_m": 890.71534122675541, "coverage_pct": 73.530757080965543 }, "geometry": { "type": "LineString", "coordinates": [ [ 12.567865006091296, 41.918724001139381, 0.0 ], [ 12.567785006091345, 41.91887300113936, 0.0 ], [ 12.567733006091373, 41.918961001139351, 0.0 ], [ 12.567536006091487, 41.919330001139393, 0.0 ], [ 12.567366006091577, 41.919641001139354, 0.0 ], [ 12.567264006091639, 41.919883001139311, 0.0 ], [ 12.567080006091755, 41.920318001139279, 0.0 ], [ 12.566927006091861, 41.920725001139232, 0.0 ], [ 12.566894006091886, 41.920867001139257, 0.0 ], [ 12.566838006091933, 41.921104001139241, 0.0 ], [ 12.566695006092058, 41.921711001139187, 0.0 ], [ 12.56655000609214, 41.922109001139162, 0.0 ], [ 12.566381006092236, 41.922392001139144, 0.0 ], [ 12.566158006092349, 41.922627001139134, 0.0 ], [ 12.56589000609247, 41.922833001139132, 0.0 ], [ 12.56555300609261, 41.923061001139125, 0.0 ], [ 12.565259006092742, 41.923239001139137, 0.0 ], [ 12.565210006092769, 41.923264001139131, 0.0 ], [ 12.565159006092786, 41.923285001139156, 0.0 ], [ 12.565107006092804, 41.923298001139109, 0.0 ], [ 12.565053006092832, 41.923307001139158, 0.0 ], [ 12.565007006092843, 41.923309001139138, 0.0 ], [ 12.564960006092862, 41.923299001139149, 0.0 ], [ 12.564903006092875, 41.923268001139128, 0.0 ], [ 12.564849006092894, 41.923214001139144, 0.0 ], [ 12.564850006092895, 41.92318600113915, 0.0 ], [ 12.564857006092884, 41.92315700113916, 0.0 ], [ 12.564865006092877, 41.923131001139147, 0.0 ], [ 12.564883006092874, 41.923109001139146, 0.0 ], [ 12.564901006092864, 41.923090001139158, 0.0 ], [ 12.564967006092823, 41.923033001139139, 0.0 ], [ 12.565123006092756, 41.922919001139149, 0.0 ], [ 12.565310006092682, 41.922801001139177, 0.0 ] ] } },
{ "type": "Feature", "properties": { "EntityHand": "20D22", "length_m": 392.40227830178145, "coverage_pct": 59.12344495364308 }, "geometry": { "type": "LineString", "coordinates": [ [ 12.569160006091408, 41.92422400113886, 0.0 ], [ 12.568986006091473, 41.924185001138881, 0.0 ], [ 12.5689190060915, 41.9241520011389, 0.0 ], [ 12.568864006091509, 41.924122001138876, 0.0 ], [ 12.568825006091519, 41.924082001138913, 0.0 ], [ 12.568804006091527, 41.924034001138907, 0.0 ], [ 12.568806006091515, 41.923984001138891, 0.0 ], [ 12.568828006091504, 41.923936001138905, 0.0 ], [ 12.568869006091477, 41.923896001138907, 0.0 ], [ 12.56892500609146, 41.923868001138892, 0.0 ], [ 12.568990006091434, 41.923855001138911, 0.0 ], [ 12.569058006091408, 41.923857001138899, 0.0 ], [ 12.569366006091302, 41.923923001138881, 0.0 ], [ 12.569536006091242, 41.923948001138868, 0.0 ], [ 12.570741006090827, 41.924249001138783, 0.0 ], [ 12.570823006090805, 41.924270001138794, 0.0 ], [ 12.57124200609066, 41.924402001138752, 0.0 ], [ 12.571387006090616, 41.924447001138759, 0.0 ], [ 12.571563006090559, 41.924502001138748, 0.0 ] ] } },
{ "type": "Feature", "properties": { "EntityHand": "20D5A", "length_m": 180.38605922042885, "coverage_pct": 71.544987212166276 }, "geometry": { "type": "LineString", "coordinates": [ [ 12.571767006090532, 41.924945001138674, 0.0 ], [ 12.571645006090561, 41.924846001138697, 0.0 ], [ 12.571486006090597, 41.924718001138686, 0.0 ], [ 12.571444006090621, 41.924691001138719, 0.0 ], [ 12.571434006090623, 41.924682001138713, 0.0 ], [ 12.571425006090632, 41.924672001138724, 0.0 ], [ 12.571420006090625, 41.924662001138749, 0.0 ], [ 12.571418006090619, 41.924652001138732, 0.0 ], [ 12.571417006090629, 41.924640001138734, 0.0 ], [ 12.571418006090619, 41.924630001138731, 0.0 ], [ 12.571436006090611, 41.924589001138727, 0.0 ], [ 12.571456006090594, 41.924535001138736, 0.0 ], [ 12.57146200609059, 41.924528001138761, 0.0 ], [ 12.571470006090586, 41.924523001138731, 0.0 ], [ 12.571482006090582, 41.924516001138727, 0.0 ], [ 12.571495006090581, 41.924511001138733, 0.0 ], [ 12.571511006090574, 41.924506001138731, 0.0 ], [ 12.571526006090567, 41.924505001138741, 0.0 ], [ 12.571563006090559, 41.924502001138748, 0.0 ], [ 12.571955006090427, 41.924613001138717, 0.0 ], [ 12.572296006090316, 41.924749001138693, 0.0 ] ] } },
{ "type": "Feature", "properties": { "EntityHand": "20D82", "length_m": 949.20056576247316, "coverage_pct": 62.883438688930113 }, "geometry": { "type": "LineString", "coordinates": [ [ 12.557854006093024, 41.900390001141332, 0.0 ], [ 12.557750006093132, 41.901078001141265, 0.0 ], [ 12.557736006093187, 41.901500001141258, 0.0 ], [ 12.557763006093225, 41.902035001141208, 0.0 ], [ 12.55778400609324, 41.902244001141192, 0.0 ], [ 12.557775006093287, 41.902586001141152, 0.0 ], [ 12.557689006093405, 41.903413001141089, 0.0 ], [ 12.557589006093503, 41.903925001141047, 0.0 ], [ 12.557283006093702, 41.904757001140993, 0.0 ], [ 12.557170006093774, 41.905068001140975, 0.0 ], [ 12.557077006093836, 41.905336001140959, 0.0 ], [ 12.556976006093912, 41.905658001140949, 0.0 ], [ 12.5567460060941, 41.906649001140877, 0.0 ] ] } },
{ "type": "Feature", "properties": { "EntityHand": "20DC4", "length_m": 1212.4455732638439, "coverage_pct": 36.957085633710648 }, "geometry": { "type": "LineString", "coordinates": [ [ 12.565106006092666, 41.922010001139228, 0.0 ], [ 12.564897006092737, 41.921910001139253, 0.0 ], [ 12.564759006092784, 41.921914001139264, 0.0 ], [ 12.564608006092847, 41.921978001139287, 0.0 ], [ 12.564495006092899, 41.922065001139252, 0.0 ], [ 12.564357006092971, 41.922214001139267, 0.0 ], [ 12.564262006093022, 41.922389001139251, 0.0 ], [ 12.564233006093053, 41.922594001139224, 0.0 ], [ 12.564239006093068, 41.922683001139227, 0.0 ], [ 12.564274006093052, 41.922767001139199, 0.0 ], [ 12.564338006093037, 41.92283300113921, 0.0 ], [ 12.564420006093021, 41.922885001139207, 0.0 ], [ 12.564526006092978, 41.922928001139198, 0.0 ], [ 12.564631006092943, 41.922952001139173, 0.0 ], [ 12.564699006092928, 41.922961001139193, 0.0 ], [ 12.564773006092896, 41.92296200113919, 0.0 ], [ 12.564870006092859, 41.922955001139165, 0.0 ], [ 12.564961006092823, 41.922937001139175, 0.0 ], [ 12.565042006092792, 41.922910001139179, 0.0 ], [ 12.56516100609274, 41.922865001139144, 0.0 ], [ 12.565310006092682, 41.922801001139177, 0.0 ], [ 12.565754006092488, 41.922523001139155, 0.0 ], [ 12.565841006092448, 41.922460001139157, 0.0 ], [ 12.565960006092388, 41.922345001139185, 0.0 ], [ 12.566098006092316, 41.922166001139161, 0.0 ], [ 12.566251006092237, 41.921870001139204, 0.0 ], [ 12.566317006092181, 41.921624001139193, 0.0 ], [ 12.566338006092156, 41.921478001139235, 0.0 ], [ 12.566449006092068, 41.92105200113928, 0.0 ], [ 12.566521006092017, 41.920813001139265, 0.0 ], [ 12.566615006091949, 41.920502001139297, 0.0 ], [ 12.566760006091856, 41.920126001139302, 0.0 ], [ 12.566908006091767, 41.919794001139323, 0.0 ], [ 12.566808006091804, 41.919869001139325, 0.0 ], [ 12.566655006091901, 41.92017000113934, 0.0 ], [ 12.566564006091941, 41.920264001139323, 0.0 ], [ 12.566424006092001, 41.920302001139348, 0.0 ], [ 12.566287006092049, 41.920299001139313, 0.0 ], [ 12.566147006092095, 41.920227001139331, 0.0 ], [ 12.565948006092146, 41.919981001139398, 0.0 ], [ 12.565766006092188, 41.91980700113939, 0.0 ], [ 12.56560400609224, 41.919704001139394, 0.0 ], [ 12.565887006092172, 41.920027001139388, 0.0 ], [ 12.566031006092137, 41.920207001139346, 0.0 ], [ 12.566170006092108, 41.920395001139298, 0.0 ], [ 12.566265006092095, 41.920637001139298, 0.0 ] ] } },
{ "type": "Feature", "properties": { "EntityHand": "20DD4", "length_m": 552.21018869721115, "coverage_pct": 79.844038010028797 }, "geometry": { "type": "LineString", "coordinates": [ [ 12.628728006070903, 41.939010001134925, 0.0 ], [ 12.628512006070981, 41.938985001134931, 0.0 ], [ 12.62806000607114, 41.938885001134949, 0.0 ], [ 12.627227006071434, 41.938761001134999, 0.0 ], [ 12.626921006071539, 41.938710001135036, 0.0 ], [ 12.626136006071819, 41.938574001135088, 0.0 ], [ 12.625286006072129, 41.938408001135123, 0.0 ], [ 12.62465700607234, 41.938294001135148, 0.0 ], [ 12.624582006072371, 41.938286001135182, 0.0 ], [ 12.624532006072389, 41.938289001135139, 0.0 ], [ 12.624477006072407, 41.93829800113518, 0.0 ], [ 12.624536006072383, 41.938235001135155, 0.0 ], [ 12.624593006072351, 41.938154001135175, 0.0 ], [ 12.624623006072319, 41.938020001135158, 0.0 ], [ 12.624592006072326, 41.937885001135179, 0.0 ] ] } },
{ "type": "Feature", "properties": { "EntityHand": "20DE4", "length_m": 1000.1827559685976, "coverage_pct": 26.47979391630053 }, "geometry": { "type": "LineString", "coordinates": [ [ 12.563097006092876, 41.917035001139745, 0.0 ], [ 12.563256006092825, 41.917171001139721, 0.0 ], [ 12.563551006092757, 41.917472001139686, 0.0 ], [ 12.564078006092622, 41.918044001139606, 0.0 ], [ 12.564417006092546, 41.918456001139553, 0.0 ], [ 12.56460100609249, 41.918658001139519, 0.0 ], [ 12.564963006092411, 41.919103001139483, 0.0 ], [ 12.565235006092346, 41.919438001139412, 0.0 ], [ 12.565348006092309, 41.919546001139423, 0.0 ], [ 12.565959006092168, 41.920252001139346, 0.0 ], [ 12.566265006092095, 41.920637001139298, 0.0 ], [ 12.566383006092067, 41.920776001139281, 0.0 ], [ 12.566503006092034, 41.920918001139242, 0.0 ], [ 12.566591006092011, 41.921021001139238, 0.0 ], [ 12.566999006091917, 41.92150100113917, 0.0 ], [ 12.567527006091785, 41.92213300113913, 0.0 ], [ 12.567734006091737, 41.922381001139108, 0.0 ], [ 12.567971006091682, 41.922646001139057, 0.0 ] ] } },
{ "type": "Feature", "properties": { "EntityHand": "20DE6", "length_m": 975.66030740438396, "coverage_pct": 53.596668748902601 }, "geometry": { "type": "LineString", "coordinates": [ [ 12.621096006073635, 41.93804400113536, 0.0 ], [ 12.621344006073544, 41.938057001135341, 0.0 ], [ 12.621489006073496, 41.938065001135321, 0.0 ], [ 12.622753006073033, 41.938146001135244, 0.0 ], [ 12.623168006072884, 41.938161001135235, 0.0 ], [ 12.623404006072786, 41.938173001135205, 0.0 ], [ 12.623454006072773, 41.938179001135232, 0.0 ], [ 12.623498006072758, 41.938186001135222, 0.0 ], [ 12.62353900607275, 41.938200001135243, 0.0 ], [ 12.623575006072736, 41.938220001135235, 0.0 ], [ 12.62353300607275, 41.938148001135211, 0.0 ], [ 12.623515006072747, 41.938091001135234, 0.0 ], [ 12.62350800607274, 41.938025001135223, 0.0 ], [ 12.62351400607273, 41.937954001135239, 0.0 ], [ 12.623531006072721, 41.937897001135241, 0.0 ], [ 12.6235680060727, 41.937828001135237, 0.0 ], [ 12.623617006072671, 41.937771001135246, 0.0 ], [ 12.623686006072637, 41.937717001135248, 0.0 ], [ 12.623758006072613, 41.937677001135235, 0.0 ], [ 12.623839006072577, 41.937644001135254, 0.0 ], [ 12.623929006072544, 41.937620001135265, 0.0 ], [ 12.624017006072501, 41.937607001135248, 0.0 ], [ 12.624108006072472, 41.937607001135248, 0.0 ], [ 12.624221006072428, 41.937618001135228, 0.0 ], [ 12.624307006072401, 41.937644001135247, 0.0 ], [ 12.624368006072382, 41.937673001135217, 0.0 ], [ 12.624442006072355, 41.937717001135191, 0.0 ], [ 12.624504006072344, 41.937765001135233, 0.0 ], [ 12.624551006072332, 41.937820001135208, 0.0 ], [ 12.624592006072326, 41.937885001135179, 0.0 ], [ 12.624627006072314, 41.937920001135168, 0.0 ], [ 12.6246700060723, 41.937952001135187, 0.0 ], [ 12.624716006072282, 41.937978001135185, 0.0 ], [ 12.624775006072268, 41.938003001135179, 0.0 ], [ 12.626052006071822, 41.938278001135089, 0.0 ], [ 12.626691006071608, 41.938424001135068, 0.0 ], [ 12.626996006071494, 41.938497001135033, 0.0 ], [ 12.627254006071404, 41.938545001135019, 0.0 ], [ 12.628227006071063, 41.938747001134971, 0.0 ], [ 12.628308006071036, 41.938768001134967, 0.0 ], [ 12.628384006071013, 41.938793001134954, 0.0 ], [ 12.628518006070966, 41.938840001134963, 0.0 ], [ 12.628748006070889, 41.938935001134908, 0.0 ] ] } },
{ "type": "Feature", "properties": { "EntityHand": "20DEC", "length_m": 169.91930078039394, "coverage_pct": 50.408886092427508 }, "geometry": { "type": "LineString", "coordinates": [ [ 12.557897006090339, 41.875522001143352, 0.0 ], [ 12.557982006090336, 41.875891001143337, 0.0 ], [ 12.558122006090363, 41.876646001143264, 0.0 ] ] } },
{ "type": "Feature", "properties": { "EntityHand": "20E09", "length_m": 107.60801263961798, "coverage_pct": 41.357021523267896 }, "geometry": { "type": "LineString", "coordinates": [ [ 12.561742006090224, 41.887804001142186, 0.0 ], [ 12.561595006090323, 41.888212001142136, 0.0 ], [ 12.561509006090375, 41.888391001142125, 0.0 ], [ 12.561409006090422, 41.888468001142144, 0.0 ] ] } },
{ "type": "Feature", "properties": { "EntityHand": "20F1B", "length_m": 89.26857143066087, "coverage_pct": 20.157688147952324 }, "geometry": { "type": "LineString", "coordinates": [ [ 12.540886006098352, 41.891865001142833, 0.0 ], [ 12.540841006098381, 41.891917001142843, 0.0 ], [ 12.540816006098392, 41.892019001142806, 0.0 ], [ 12.540789006098434, 41.892254001142781, 0.0 ], [ 12.540756006098466, 41.892448001142789, 0.0 ] ] } },
{ "type": "Feature", "properties": { "EntityHand": "20F21", "length_m": 37.566444663670282, "coverage_pct": 41.85610945527354 }, "geometry": { "type": "LineString", "coordinates": [ [ 12.52843800610286, 41.89120800114344, 0.0 ], [ 12.528561006102819, 41.891271001143423, 0.0 ], [ 12.528684006102784, 41.891377001143404, 0.0 ] ] } },
{ "type": "Feature", "properties": { "EntityHand": "20F60", "length_m": 233.00337093339994, "coverage_pct": 57.280056402017486 }, "geometry": { "type": "LineString", "coordinates": [ [ 12.527348006103244, 41.891089001143492, 0.0 ], [ 12.527164006103314, 41.891061001143505, 0.0 ], [ 12.526938006103382, 41.891002001143526, 0.0 ], [ 12.526564006103515, 41.890909001143555, 0.0 ], [ 12.525965006103716, 41.890750001143616, 0.0 ], [ 12.525741006103791, 41.890695001143627, 0.0 ], [ 12.525689006103837, 41.890990001143592, 0.0 ] ] } },
{ "type": "Feature", "properties": { "EntityHand": "20F75", "length_m": 1296.9816557314289, "coverage_pct": 61.55337527353467 }, "geometry": { "type": "LineString", "coordinates": [ [ 12.564366006088024, 41.876311001142994, 0.0 ], [ 12.563473006088303, 41.875808001143042, 0.0 ], [ 12.564375006087969, 41.875815001143025, 0.0 ], [ 12.564453006087941, 41.875816001143029, 0.0 ], [ 12.564503006087888, 41.875496001143055, 0.0 ], [ 12.564535006087857, 41.875288001143076, 0.0 ], [ 12.564537006087857, 41.875268001143056, 0.0 ], [ 12.564525006087839, 41.875149001143079, 0.0 ], [ 12.564510006087843, 41.87509400114309, 0.0 ], [ 12.564500006087844, 41.875058001143088, 0.0 ], [ 12.564454006087852, 41.875020001143113, 0.0 ], [ 12.564377006087875, 41.874967001143091, 0.0 ], [ 12.56425100608792, 41.874907001143121, 0.0 ], [ 12.563960006088024, 41.874881001143152, 0.0 ], [ 12.563482006088195, 41.874852001143168, 0.0 ], [ 12.563101006088335, 41.874872001143146, 0.0 ], [ 12.562782006088462, 41.874914001143175, 0.0 ], [ 12.561672006088886, 41.875063001143225, 0.0 ], [ 12.561457006088972, 41.875091001143211, 0.0 ], [ 12.560220006089434, 41.875255001143287, 0.0 ], [ 12.559473006089728, 41.875336001143289, 0.0 ], [ 12.559066006089886, 41.875382001143308, 0.0 ], [ 12.558747006090003, 41.875420001143347, 0.0 ], [ 12.557897006090339, 41.875522001143352, 0.0 ], [ 12.557589006090444, 41.875572001143375, 0.0 ], [ 12.557451006090497, 41.875595001143367, 0.0 ], [ 12.557454006090513, 41.875677001143373, 0.0 ], [ 12.55759500609048, 41.875951001143335, 0.0 ], [ 12.557679006090469, 41.87616900114331, 0.0 ], [ 12.557706006090481, 41.876309001143298, 0.0 ], [ 12.557743006090499, 41.876542001143271, 0.0 ] ] } },
{ "type": "Feature", "properties": { "EntityHand": "20F8D", "length_m": 322.7246117315633, "coverage_pct": 79.139062130654452 }, "geometry": { "type": "LineString", "coordinates": [ [ 12.541010006098301, 41.891794001142806, 0.0 ], [ 12.541505006098122, 41.891833001142778, 0.0 ], [ 12.541864006097986, 41.891857001142775, 0.0 ], [ 12.541926006097988, 41.891964001142746, 0.0 ], [ 12.541931006098007, 41.892256001142734, 0.0 ], [ 12.541924006098052, 41.892615001142715, 0.0 ], [ 12.541739006098116, 41.892589001142717, 0.0 ], [ 12.541552006098183, 41.892560001142719, 0.0 ], [ 12.540933006098403, 41.892471001142759, 0.0 ] ] } },
{ "type": "Feature", "properties": { "EntityHand": "20F9E", "length_m": 1718.9300944499923, "coverage_pct": 78.617451076932525 }, "geometry": { "type": "LineString", "coordinates": [ [ 12.550423006093274, 41.877332001143543, 0.0 ], [ 12.550790006093139, 41.877257001143541, 0.0 ], [ 12.550900006093091, 41.877235001143539, 0.0 ], [ 12.550973006093065, 41.877220001143542, 0.0 ], [ 12.551313006092935, 41.877152001143536, 0.0 ], [ 12.551634006092808, 41.877082001143521, 0.0 ], [ 12.551836006092728, 41.877038001143504, 0.0 ], [ 12.552095006092626, 41.876969001143507, 0.0 ], [ 12.552897006092296, 41.876713001143507, 0.0 ], [ 12.553021006092248, 41.87667300114348, 0.0 ], [ 12.554192006091776, 41.876297001143513, 0.0 ], [ 12.554299006091737, 41.876262001143445, 0.0 ], [ 12.554341006091722, 41.876247001143447, 0.0 ], [ 12.55542200609128, 41.875924001143431, 0.0 ], [ 12.555604006091206, 41.875878001143413, 0.0 ], [ 12.55633300609092, 41.875693001143418, 0.0 ], [ 12.557051006090646, 41.875520001143414, 0.0 ], [ 12.557147006090606, 41.875497001143387, 0.0 ], [ 12.557378006090513, 41.875442001143369, 0.0 ], [ 12.558601006090027, 41.87511800114337, 0.0 ], [ 12.559344006089727, 41.874939001143332, 0.0 ], [ 12.559632006089616, 41.874876001143335, 0.0 ], [ 12.559967006089492, 41.874815001143318, 0.0 ], [ 12.560657006089224, 41.874747001143312, 0.0 ], [ 12.561515006088907, 41.874678001143266, 0.0 ], [ 12.562433006088554, 41.87459100114323, 0.0 ], [ 12.562550006088511, 41.874580001143222, 0.0 ], [ 12.562680006088462, 41.874570001143212, 0.0 ], [ 12.56307100608832, 41.874542001143197, 0.0 ], [ 12.564178006087905, 41.874564001143149, 0.0 ], [ 12.565248006087517, 41.874580001143087, 0.0 ] ] } },
{ "type": "Feature", "properties": { "EntityHand": "20FCF", "length_m": 277.58622049681924, "coverage_pct": 24.827534074219372 }, "geometry": { "type": "LineString", "coordinates": [ [ 12.478218006116334, 41.84575100114948, 0.0 ], [ 12.477972006116413, 41.845672001149502, 0.0 ], [ 12.477759006116489, 41.845631001149513, 0.0 ], [ 12.477573006116547, 41.845604001149503, 0.0 ], [ 12.477407006116612, 41.845598001149519, 0.0 ], [ 12.477184006116698, 41.845616001149537, 0.0 ], [ 12.476936006116794, 41.845677001149561, 0.0 ], [ 12.476716006116884, 41.845761001149562, 0.0 ], [ 12.476508006116966, 41.845880001149538, 0.0 ], [ 12.476286006117075, 41.846080001149552, 0.0 ], [ 12.476124006117153, 41.84627400114956, 0.0 ] ] } },
{ "type": "Feature", "properties": { "EntityHand": "20FD0", "length_m": 177.41152917327901, "coverage_pct": 41.460440852588285 }, "geometry": { "type": "LineString", "coordinates": [ [ 12.475940006116897, 41.843230001149799, 0.0 ], [ 12.476090006116854, 41.84336500114977, 0.0 ], [ 12.476229006116823, 41.843497001149771, 0.0 ], [ 12.476395006116773, 41.843639001149732, 0.0 ], [ 12.476842006116646, 41.843965001149691, 0.0 ], [ 12.476952006116617, 41.844034001149666, 0.0 ], [ 12.477047006116578, 41.844077001149678, 0.0 ] ] } },
{ "type": "Feature", "properties": { "EntityHand": "20FD4", "length_m": 400.04483987247579, "coverage_pct": 28.524799720990934 }, "geometry": { "type": "LineString", "coordinates": [ [ 12.474518006117192, 41.84121000115001, 0.0 ], [ 12.474324006117275, 41.841301001150043, 0.0 ], [ 12.47418200611734, 41.841403001150013, 0.0 ], [ 12.474125006117367, 41.841474001150011, 0.0 ], [ 12.474073006117392, 41.841568001150009, 0.0 ], [ 12.474051006117413, 41.841636001150029, 0.0 ], [ 12.474036006117421, 41.841709001150029, 0.0 ], [ 12.474036006117435, 41.841782001150001, 0.0 ], [ 12.474055006117434, 41.841856001149985, 0.0 ], [ 12.474122006117426, 41.841996001149965, 0.0 ], [ 12.474230006117415, 41.842223001149961, 0.0 ], [ 12.474444006117373, 41.842595001149924, 0.0 ], [ 12.474489006117363, 41.842630001149892, 0.0 ], [ 12.47455600611733, 41.842660001149902, 0.0 ], [ 12.474622006117317, 41.842681001149892, 0.0 ], [ 12.47470600611728, 41.842698001149856, 0.0 ], [ 12.474779006117256, 41.842701001149891, 0.0 ], [ 12.474854006117228, 41.842692001149864, 0.0 ], [ 12.474911006117212, 41.842684001149905, 0.0 ], [ 12.474977006117184, 41.842665001149868, 0.0 ], [ 12.475070006117141, 41.842605001149884, 0.0 ], [ 12.475107006117124, 41.842548001149893, 0.0 ], [ 12.475129006117109, 41.842473001149884, 0.0 ], [ 12.4751250061171, 41.84240000114989, 0.0 ], [ 12.475113006117097, 41.8423230011499, 0.0 ], [ 12.475040006117098, 41.842054001149926, 0.0 ] ] } },
{ "type": "Feature", "properties": { "EntityHand": "20FD8", "length_m": 1098.026987243155, "coverage_pct": 74.812912344403955 }, "geometry": { "type": "LineString", "coordinates": [ [ 12.487517006123058, 41.939571001141417, 0.0 ], [ 12.487614006123019, 41.939559001141376, 0.0 ], [ 12.487967006122888, 41.939514001141418, 0.0 ], [ 12.488133006122819, 41.939495001141388, 0.0 ], [ 12.488227006122786, 41.939484001141416, 0.0 ], [ 12.489128006122442, 41.939381001141349, 0.0 ], [ 12.489705006122231, 41.939346001141352, 0.0 ], [ 12.489992006122124, 41.939329001141346, 0.0 ], [ 12.491142006121709, 41.939334001141269, 0.0 ], [ 12.491411006121609, 41.939352001141252, 0.0 ], [ 12.491750006121487, 41.939387001141242, 0.0 ], [ 12.491906006121434, 41.93943400114123, 0.0 ], [ 12.492035006121396, 41.939487001141202, 0.0 ], [ 12.492129006121363, 41.939536001141185, 0.0 ], [ 12.492202006121337, 41.939592001141186, 0.0 ], [ 12.492257006121337, 41.939650001141182, 0.0 ], [ 12.492308006121323, 41.939711001141184, 0.0 ], [ 12.492341006121313, 41.939774001141167, 0.0 ], [ 12.492356006121318, 41.939827001141182, 0.0 ], [ 12.492355006121318, 41.93986700114116, 0.0 ], [ 12.492340006121333, 41.939928001141141, 0.0 ], [ 12.492327006121343, 41.939963001141145, 0.0 ], [ 12.492299006121357, 41.940025001141116, 0.0 ], [ 12.492268006121373, 41.940072001141161, 0.0 ], [ 12.492231006121392, 41.940120001141146, 0.0 ], [ 12.492175006121414, 41.940162001141147, 0.0 ], [ 12.492108006121446, 41.940196001141153, 0.0 ], [ 12.492042006121469, 41.940216001141145, 0.0 ], [ 12.491979006121499, 41.940229001141162, 0.0 ], [ 12.491875006121536, 41.940235001141154, 0.0 ], [ 12.491811006121555, 41.940233001141131, 0.0 ], [ 12.491752006121578, 41.940226001141156, 0.0 ], [ 12.491680006121598, 41.940212001141184, 0.0 ], [ 12.49162300612163, 41.940193001141196, 0.0 ], [ 12.491557006121647, 41.940162001141196, 0.0 ], [ 12.491503006121659, 41.940126001141188, 0.0 ], [ 12.491418006121675, 41.940043001141184, 0.0 ], [ 12.491348006121692, 41.939953001141184, 0.0 ], [ 12.491230006121715, 41.939748001141233, 0.0 ], [ 12.491256006121676, 41.939433001141246, 0.0 ], [ 12.491269006121644, 41.939160001141282, 0.0 ], [ 12.491285006121609, 41.938968001141291, 0.0 ], [ 12.491349006121435, 41.937592001141411, 0.0 ] ] } },
{ "type": "Feature", "properties": { "EntityHand": "2111A", "length_m": 125.81735532564097, "coverage_pct": 46.761014922535537 }, "geometry": { "type": "LineString", "coordinates": [ [ 12.518666006104981, 41.877660001145003, 0.0 ], [ 12.519229006104727, 41.877171001145015, 0.0 ], [ 12.519367006104678, 41.877191001144993, 0.0 ], [ 12.519487006104633, 41.877216001144987, 0.0 ] ] } },
{ "type": "Feature", "properties": { "EntityHand": "2119B", "length_m": 56.421908706965041, "coverage_pct": 33.473225500216039 }, "geometry": { "type": "LineString", "coordinates": [ [ 12.508524006108967, 41.880182001145236, 0.0 ], [ 12.508432006109016, 41.88024600114526, 0.0 ], [ 12.508447006109025, 41.880344001145261, 0.0 ], [ 12.508481006109015, 41.880437001145253, 0.0 ], [ 12.508600006108971, 41.880438001145244, 0.0 ] ] } },
{ "type": "Feature", "properties": { "EntityHand": "211B9", "length_m": 29.743678079234833, "coverage_pct": 25.305422044258425 }, "geometry": { "type": "LineString", "coordinates": [ [ 12.57753900608027, 41.849405001144589, 0.0 ], [ 12.577330006080331, 41.849281001144575, 0.0 ] ] } },
{ "type": "Feature", "properties": { "EntityHand": "211C5", "length_m": 114.71243909569259, "coverage_pct": 51.094878022909953 }, "geometry": { "type": "LineString", "coordinates": [ [ 12.584459006077017, 41.842956001144785, 0.0 ], [ 12.584241006077113, 41.843068001144793, 0.0 ], [ 12.584186006077136, 41.843087001144809, 0.0 ], [ 12.584116006077155, 41.843100001144784, 0.0 ], [ 12.584050006077186, 41.843108001144792, 0.0 ], [ 12.584005006077206, 41.84310800114477, 0.0 ], [ 12.583954006077224, 41.843107001144787, 0.0 ], [ 12.583910006077236, 41.843104001144795, 0.0 ], [ 12.58386800607725, 41.84309400114482, 0.0 ], [ 12.583830006077267, 41.843073001144823, 0.0 ], [ 12.583753006077284, 41.842973001144834, 0.0 ], [ 12.583743006077276, 41.842930001144836, 0.0 ], [ 12.583747006077278, 41.84290000114482, 0.0 ], [ 12.583760006077265, 41.842871001144829, 0.0 ], [ 12.583783006077258, 41.842847001144811, 0.0 ] ] } },
{ "type": "Feature", "properties": { "EntityHand": "211E2", "length_m": 219.51173920030104, "coverage_pct": 50.382303697385836 }, "geometry": { "type": "LineString", "coordinates": [ [ 12.510224006108922, 41.885510001144766, 0.0 ], [ 12.511304006108505, 41.88528400114474, 0.0 ], [ 12.511426006108458, 41.885259001144718, 0.0 ], [ 12.511628006108401, 41.885398001144686, 0.0 ], [ 12.511560006108457, 41.885728001144663, 0.0 ] ] } },
{ "type": "Feature", "properties": { "EntityHand": "21202", "length_m": 122.25503119663389, "coverage_pct": 63.33122895314569 }, "geometry": { "type": "LineString", "coordinates": [ [ 12.508182006109086, 41.880077001145288, 0.0 ], [ 12.508175006109113, 41.880232001145281, 0.0 ], [ 12.50815900610913, 41.880446001145259, 0.0 ], [ 12.508320006109082, 41.880511001145251, 0.0 ], [ 12.508367006109063, 41.880530001145232, 0.0 ], [ 12.508513006109018, 41.880592001145232, 0.0 ], [ 12.508605006108967, 41.88046200114524, 0.0 ] ] } },
{ "type": "Feature", "properties": { "EntityHand": "21263", "length_m": 4080.1396275203733, "coverage_pct": 51.780659625622746 }, "geometry": { "type": "LineString", "coordinates": [ [ 12.572304006083639, 41.862801001143723, 0.0 ], [ 12.573128006083357, 41.862940001143677, 0.0 ], [ 12.573326006083283, 41.86297100114367, 0.0 ], [ 12.573514006083219, 41.862982001143664, 0.0 ], [ 12.573689006083146, 41.862934001143635, 0.0 ], [ 12.575005006082572, 41.862052001143681, 0.0 ], [ 12.575078006082524, 41.861909001143658, 0.0 ], [ 12.575085006082512, 41.861860001143661, 0.0 ], [ 12.575066006082515, 41.861818001143668, 0.0 ], [ 12.575022006082527, 41.861786001143678, 0.0 ], [ 12.574915006082561, 41.861694001143697, 0.0 ], [ 12.574806006082596, 41.861621001143725, 0.0 ], [ 12.574633006082642, 41.861490001143736, 0.0 ], [ 12.574629006082635, 41.861442001143729, 0.0 ], [ 12.574644006082629, 41.861398001143748, 0.0 ], [ 12.574693006082599, 41.861371001143723, 0.0 ], [ 12.574739006082588, 41.861376001143718, 0.0 ], [ 12.574820006082563, 41.861395001143713, 0.0 ], [ 12.575117006082467, 41.8615180011437, 0.0 ], [ 12.575189006082441, 41.861546001143722, 0.0 ], [ 12.575387006082375, 41.861580001143693, 0.0 ], [ 12.57547400608234, 41.861566001143693, 0.0 ], [ 12.57561300608228, 41.861509001143652, 0.0 ], [ 12.576565006081852, 41.860774001143689, 0.0 ], [ 12.5769060060817, 41.860522001143707, 0.0 ], [ 12.577006006081652, 41.860447001143683, 0.0 ], [ 12.577113006081612, 41.860359001143735, 0.0 ], [ 12.57729700608153, 41.860261001143712, 0.0 ], [ 12.577552006081422, 41.860153001143708, 0.0 ], [ 12.577976006081252, 41.860000001143682, 0.0 ], [ 12.578492006081037, 41.859815001143694, 0.0 ], [ 12.57899900608083, 41.859645001143654, 0.0 ], [ 12.579510006080621, 41.85946500114369, 0.0 ], [ 12.580573006080185, 41.859086001143659, 0.0 ], [ 12.580729006080126, 41.859020001143641, 0.0 ], [ 12.580858006080064, 41.858929001143672, 0.0 ], [ 12.580963006080012, 41.858759001143632, 0.0 ], [ 12.581029006079973, 41.858618001143675, 0.0 ], [ 12.581140006079913, 41.858470001143679, 0.0 ], [ 12.581549006079737, 41.858210001143675, 0.0 ], [ 12.581657006079691, 41.858142001143662, 0.0 ], [ 12.582555006079287, 41.857601001143678, 0.0 ], [ 12.582777006079194, 41.857465001143673, 0.0 ], [ 12.583407006078925, 41.857099001143673, 0.0 ], [ 12.583775006078771, 41.856877001143687, 0.0 ], [ 12.584004006078663, 41.856710001143675, 0.0 ], [ 12.584050006078636, 41.856627001143693, 0.0 ], [ 12.584069006078613, 41.856513001143689, 0.0 ], [ 12.584047006078602, 41.856270001143727, 0.0 ], [ 12.583977006078594, 41.856037001143733, 0.0 ], [ 12.583864006078599, 41.855596001143802, 0.0 ], [ 12.583807006078596, 41.855377001143808, 0.0 ], [ 12.583905006078552, 41.855361001143812, 0.0 ], [ 12.584060006078493, 41.855365001143788, 0.0 ], [ 12.584137006078477, 41.855433001143766, 0.0 ], [ 12.584251006078441, 41.855490001143771, 0.0 ], [ 12.584540006078344, 41.855632001143753, 0.0 ], [ 12.584827006078253, 41.855737001143723, 0.0 ], [ 12.585188006078138, 41.855881001143707, 0.0 ], [ 12.585468006078054, 41.85604400114368, 0.0 ], [ 12.585678006077988, 41.856204001143624, 0.0 ], [ 12.585823006077945, 41.856311001143631, 0.0 ], [ 12.585926006077912, 41.856400001143605, 0.0 ], [ 12.585984006077908, 41.856488001143596, 0.0 ], [ 12.58597800607793, 41.856644001143621, 0.0 ], [ 12.585948006077965, 41.856923001143564, 0.0 ], [ 12.585895006078035, 41.857405001143526, 0.0 ], [ 12.585869006078083, 41.857709001143526, 0.0 ], [ 12.585856006078098, 41.857836001143532, 0.0 ], [ 12.585631006078426, 41.860111001143331, 0.0 ], [ 12.585618006078445, 41.860239001143327, 0.0 ], [ 12.585593006078474, 41.860438001143301, 0.0 ], [ 12.58557900607849, 41.860544001143303, 0.0 ], [ 12.585570006078509, 41.860661001143271, 0.0 ], [ 12.585564006078524, 41.860756001143294, 0.0 ], [ 12.585564006078529, 41.860852001143286, 0.0 ], [ 12.585565006078539, 41.860902001143288, 0.0 ], [ 12.585567006078538, 41.860970001143258, 0.0 ], [ 12.585574006078556, 41.86109600114326, 0.0 ], [ 12.585593006078561, 41.861219001143233, 0.0 ], [ 12.585639006078569, 41.861467001143204, 0.0 ], [ 12.585655006078566, 41.861555001143188, 0.0 ], [ 12.585819006078594, 41.86232700114315, 0.0 ], [ 12.5858310060786, 41.862382001143125, 0.0 ], [ 12.585854006078591, 41.862491001143134, 0.0 ], [ 12.5858610060786, 41.862525001143119, 0.0 ], [ 12.585888006078603, 41.862652001143111, 0.0 ], [ 12.586050006078619, 41.863408001143043, 0.0 ], [ 12.586088006078628, 41.863587001143031, 0.0 ], [ 12.586187006078639, 41.864013001142993, 0.0 ], [ 12.586391006078658, 41.864899001142909, 0.0 ], [ 12.586457006078664, 41.865175001142916, 0.0 ], [ 12.586479006078665, 41.865290001142853, 0.0 ], [ 12.586512006078681, 41.865487001142867, 0.0 ], [ 12.586624006078695, 41.866009001142807, 0.0 ], [ 12.586899006078735, 41.867325001142696, 0.0 ], [ 12.586927006078728, 41.86744400114268, 0.0 ], [ 12.587106006078749, 41.868167001142609, 0.0 ], [ 12.587216006078716, 41.868264001142627, 0.0 ] ] } },
{ "type": "Feature", "properties": { "EntityHand": "2127B", "length_m": 221.56285209142038, "coverage_pct": 77.61878064308469 }, "geometry": { "type": "LineString", "coordinates": [ [ 12.508229006108996, 41.87943300114533, 0.0 ], [ 12.508193006109074, 41.879975001145297, 0.0 ], [ 12.508182006109086, 41.880077001145288, 0.0 ], [ 12.508342006109029, 41.880069001145287, 0.0 ], [ 12.508430006108993, 41.8800640011453, 0.0 ], [ 12.508486006108983, 41.880112001145271, 0.0 ], [ 12.508524006108967, 41.880182001145236, 0.0 ], [ 12.508561006108971, 41.880278001145264, 0.0 ], [ 12.508579006108972, 41.880348001145244, 0.0 ], [ 12.508600006108971, 41.880438001145244, 0.0 ], [ 12.508605006108967, 41.88046200114524, 0.0 ], [ 12.508645006108962, 41.880512001145227, 0.0 ], [ 12.508683006108955, 41.880560001145227, 0.0 ], [ 12.508732006108941, 41.880609001145238, 0.0 ], [ 12.508779006108934, 41.880646001145237, 0.0 ] ] } },
{ "type": "Feature", "properties": { "EntityHand": "2128F", "length_m": 304.55442400222523, "coverage_pct": 38.406206687606051 }, "geometry": { "type": "LineString", "coordinates": [ [ 12.509627006109147, 41.885561001144779, 0.0 ], [ 12.509631006109132, 41.885401001144778, 0.0 ], [ 12.509680006109107, 41.885372001144788, 0.0 ], [ 12.509720006109086, 41.885347001144794, 0.0 ], [ 12.509759006109071, 41.885319001144808, 0.0 ], [ 12.509788006109059, 41.885294001144786, 0.0 ], [ 12.509629006109108, 41.885184001144793, 0.0 ], [ 12.509631006109132, 41.885401001144778, 0.0 ], [ 12.509562006109169, 41.885514001144792, 0.0 ], [ 12.509456006109211, 41.885609001144786, 0.0 ], [ 12.50932000610929, 41.885730001144772, 0.0 ], [ 12.509215006109326, 41.885865001144779, 0.0 ], [ 12.509189006109343, 41.885894001144763, 0.0 ], [ 12.509064006109405, 41.88601900114476, 0.0 ], [ 12.50886300610949, 41.886160001144759, 0.0 ], [ 12.508904006109466, 41.885986001144772, 0.0 ], [ 12.508994006109413, 41.885847001144818, 0.0 ], [ 12.50903200610939, 41.88580500114476, 0.0 ] ] } },
{ "type": "Feature", "properties": { "EntityHand": "21290", "length_m": 215.35662868620042, "coverage_pct": 49.949574432547159 }, "geometry": { "type": "LineString", "coordinates": [ [ 12.506174006109184, 41.874196001145854, 0.0 ], [ 12.506116006109206, 41.874140001145868, 0.0 ], [ 12.506054006109228, 41.874130001145886, 0.0 ], [ 12.505998006109245, 41.874139001145892, 0.0 ], [ 12.505737006109358, 41.874303001145883, 0.0 ], [ 12.506025006109288, 41.874638001145833, 0.0 ], [ 12.506056006109265, 41.874498001145852, 0.0 ], [ 12.506142006109213, 41.874305001145856, 0.0 ], [ 12.506174006109184, 41.874196001145854, 0.0 ], [ 12.506177006109175, 41.87411800114586, 0.0 ], [ 12.506177006109166, 41.874025001145881, 0.0 ] ] } },
{ "type": "Feature", "properties": { "EntityHand": "21295", "length_m": 35.735767426277739, "coverage_pct": 63.535396567498168 }, "geometry": { "type": "LineString", "coordinates": [ [ 12.568720006083948, 41.853261001144659, 0.0 ], [ 12.568876006083899, 41.853382001144659, 0.0 ], [ 12.568943006083884, 41.853433001144658, 0.0 ] ] } },
{ "type": "Feature", "properties": { "EntityHand": "21296", "length_m": 104.98125262817388, "coverage_pct": 41.198303067830231 }, "geometry": { "type": "LineString", "coordinates": [ [ 12.569388006083649, 41.852821001144669, 0.0 ], [ 12.569345006083685, 41.852970001144691, 0.0 ], [ 12.569251006083727, 41.853126001144659, 0.0 ], [ 12.569108006083795, 41.853231001144664, 0.0 ], [ 12.568876006083899, 41.853382001144659, 0.0 ] ] } },
{ "type": "Feature", "properties": { "EntityHand": "212A4", "length_m": 294.54426157771786, "coverage_pct": 62.012474452306662 }, "geometry": { "type": "LineString", "coordinates": [ [ 12.514775006106815, 41.881432001144852, 0.0 ], [ 12.514837006106806, 41.88149800114487, 0.0 ], [ 12.514890006106787, 41.881570001144866, 0.0 ], [ 12.514951006106777, 41.881714001144843, 0.0 ], [ 12.514958006106802, 41.881924001144803, 0.0 ], [ 12.514952006106805, 41.881944001144824, 0.0 ], [ 12.514952006106805, 41.881973001144843, 0.0 ], [ 12.514878006106853, 41.882111001144843, 0.0 ], [ 12.514784006106899, 41.882223001144801, 0.0 ], [ 12.51462400610697, 41.8823390011448, 0.0 ], [ 12.514490006107023, 41.882396001144819, 0.0 ], [ 12.514459006107041, 41.882410001144812, 0.0 ], [ 12.514437006107048, 41.882416001144797, 0.0 ], [ 12.514327006107093, 41.882446001144785, 0.0 ], [ 12.514096006107176, 41.882465001144844, 0.0 ], [ 12.513896006107247, 41.882444001144826, 0.0 ], [ 12.513675006107318, 41.882374001144854, 0.0 ], [ 12.513469006107384, 41.882244001144862, 0.0 ] ] } },
{ "type": "Feature", "properties": { "EntityHand": "212BD", "length_m": 80.088433844776233, "coverage_pct": 28.425824825635122 }, "geometry": { "type": "LineString", "coordinates": [ [ 12.513168006107549, 41.882784001144856, 0.0 ], [ 12.513347006107503, 41.882952001144794, 0.0 ], [ 12.51323900610755, 41.883036001144802, 0.0 ], [ 12.513023006107613, 41.882909001144824, 0.0 ] ] } },
{ "type": "Feature", "properties": { "EntityHand": "212D1", "length_m": 802.76192227623653, "coverage_pct": 77.326005611001349 }, "geometry": { "type": "LineString", "coordinates": [ [ 12.59787200607067, 41.830104001145216, 0.0 ], [ 12.59776500607073, 41.830274001145199, 0.0 ], [ 12.597591006070815, 41.830457001145213, 0.0 ], [ 12.597321006070949, 41.830745001145182, 0.0 ], [ 12.597051006071071, 41.831036001145179, 0.0 ], [ 12.596758006071216, 41.831334001145152, 0.0 ], [ 12.596602006071299, 41.831510001145148, 0.0 ], [ 12.596494006071351, 41.83170500114516, 0.0 ], [ 12.596428006071394, 41.831912001145135, 0.0 ], [ 12.596353006071455, 41.832109001145135, 0.0 ], [ 12.596255006071498, 41.832267001145091, 0.0 ], [ 12.596103006071582, 41.832486001145107, 0.0 ], [ 12.595976006071645, 41.832616001145077, 0.0 ], [ 12.595834006071712, 41.8327250011451, 0.0 ], [ 12.595745006071754, 41.832802001145097, 0.0 ], [ 12.595418006071903, 41.833035001145092, 0.0 ], [ 12.595098006072041, 41.833245001145087, 0.0 ], [ 12.594913006072124, 41.833387001145077, 0.0 ], [ 12.594754006072197, 41.833538001145079, 0.0 ], [ 12.594631006072255, 41.833668001145064, 0.0 ], [ 12.594476006072336, 41.833847001145081, 0.0 ], [ 12.594202006072468, 41.834133001145062, 0.0 ], [ 12.594040006072538, 41.834263001145054, 0.0 ], [ 12.593786006072655, 41.834451001145055, 0.0 ] ] } },
{ "type": "Feature", "properties": { "EntityHand": "212F0", "length_m": 4305.5957260514933, "coverage_pct": 76.711127692219648 }, "geometry": { "type": "LineString", "coordinates": [ [ 12.640629006053951, 41.822364001143868, 0.0 ], [ 12.638300006054875, 41.822874001143944, 0.0 ], [ 12.637880006055028, 41.822968001143977, 0.0 ], [ 12.637657006055134, 41.823018001143986, 0.0 ], [ 12.637001006055385, 41.823157001143969, 0.0 ], [ 12.636673006055517, 41.823218001143992, 0.0 ], [ 12.636320006055648, 41.823272001143991, 0.0 ], [ 12.635610006055927, 41.823368001144033, 0.0 ], [ 12.635235006056067, 41.823419001144025, 0.0 ], [ 12.634812006056237, 41.823476001144066, 0.0 ], [ 12.633318006056808, 41.823665001144121, 0.0 ], [ 12.63219700605724, 41.823863001144112, 0.0 ], [ 12.632083006057291, 41.823898001144144, 0.0 ], [ 12.63187600605738, 41.823960001144144, 0.0 ], [ 12.631636006057484, 41.824073001144157, 0.0 ], [ 12.63110100605771, 41.824376001144152, 0.0 ], [ 12.630945006057782, 41.824465001144141, 0.0 ], [ 12.630636006057921, 41.824653001144164, 0.0 ], [ 12.63029900605807, 41.824859001144162, 0.0 ], [ 12.629917006058237, 41.825143001144163, 0.0 ], [ 12.629409006058467, 41.825521001144153, 0.0 ], [ 12.629194006058567, 41.825681001144147, 0.0 ], [ 12.628920006058687, 41.825885001144108, 0.0 ], [ 12.628623006058826, 41.826085001144122, 0.0 ], [ 12.628294006058962, 41.826274001144128, 0.0 ], [ 12.627663006059228, 41.826578001144107, 0.0 ], [ 12.627189006059437, 41.82676500114416, 0.0 ], [ 12.626724006059611, 41.826921001144157, 0.0 ], [ 12.625636006060056, 41.827239001144164, 0.0 ], [ 12.625216006060221, 41.82736500114418, 0.0 ], [ 12.625163006060248, 41.82738100114419, 0.0 ], [ 12.624798006060395, 41.827491001144189, 0.0 ], [ 12.624122006060659, 41.827679001144197, 0.0 ], [ 12.623932006060743, 41.82773600114421, 0.0 ], [ 12.623818006060789, 41.827775001144239, 0.0 ], [ 12.623704006060835, 41.827817001144211, 0.0 ], [ 12.62359000606088, 41.827866001144223, 0.0 ], [ 12.623478006060928, 41.827919001144224, 0.0 ], [ 12.623084006061104, 41.828143001144213, 0.0 ], [ 12.622662006061283, 41.828399001144213, 0.0 ], [ 12.622190006061491, 41.828713001144202, 0.0 ], [ 12.621705006061719, 41.829094001144192, 0.0 ], [ 12.621245006061928, 41.829469001144233, 0.0 ], [ 12.620331006062344, 41.830200001144178, 0.0 ], [ 12.620113006062446, 41.830373001144181, 0.0 ], [ 12.619856006062555, 41.830567001144161, 0.0 ], [ 12.619610006062672, 41.830744001144147, 0.0 ], [ 12.619433006062742, 41.830855001144137, 0.0 ], [ 12.619169006062865, 41.831009001144174, 0.0 ], [ 12.618928006062967, 41.831142001144158, 0.0 ], [ 12.618298006063235, 41.831467001144183, 0.0 ], [ 12.617498006063569, 41.83178600114416, 0.0 ], [ 12.61698500606377, 41.831934001144177, 0.0 ], [ 12.616692006063886, 41.832000001144181, 0.0 ], [ 12.616621006063916, 41.832014001144188, 0.0 ], [ 12.615770006064256, 41.832179001144198, 0.0 ], [ 12.615374006064396, 41.832244001144211, 0.0 ], [ 12.614921006064582, 41.832330001144229, 0.0 ], [ 12.613878006064988, 41.83251600114427, 0.0 ], [ 12.612857006065394, 41.832704001144286, 0.0 ], [ 12.611669006065855, 41.832920001144359, 0.0 ], [ 12.610507006066307, 41.833138001144391, 0.0 ], [ 12.610055006066489, 41.833222001144378, 0.0 ], [ 12.609655006066642, 41.833304001144406, 0.0 ], [ 12.609122006066855, 41.833438001144437, 0.0 ], [ 12.608673006067031, 41.833570001144437, 0.0 ], [ 12.608321006067184, 41.83368300114445, 0.0 ], [ 12.608148006067246, 41.833742001144451, 0.0 ], [ 12.60787200606736, 41.833852001144443, 0.0 ], [ 12.607474006067529, 41.834015001144465, 0.0 ], [ 12.606641006067873, 41.834369001144495, 0.0 ], [ 12.606495006067938, 41.834431001144445, 0.0 ] ] } },
{ "type": "Feature", "properties": { "EntityHand": "212F3", "length_m": 620.43671276085058, "coverage_pct": 20.347460573216242 }, "geometry": { "type": "LineString", "coordinates": [ [ 12.513347006107503, 41.882952001144794, 0.0 ], [ 12.514474006107077, 41.882906001144768, 0.0 ], [ 12.514630006107025, 41.882872001144754, 0.0 ], [ 12.516018006106489, 41.882591001144711, 0.0 ], [ 12.517808006105772, 41.881972001144689, 0.0 ], [ 12.518172006105612, 41.881816001144699, 0.0 ], [ 12.517991006105671, 41.881759001144701, 0.0 ], [ 12.517742006105758, 41.881723001144735, 0.0 ] ] } },
{ "type": "Feature", "properties": { "EntityHand": "2130F", "length_m": 331.55047283588914, "coverage_pct": 65.494509987040459 }, "geometry": { "type": "LineString", "coordinates": [ [ 12.528586006101049, 41.874840001144797, 0.0 ], [ 12.528480006101089, 41.874914001144766, 0.0 ], [ 12.528082006101268, 41.875192001144761, 0.0 ], [ 12.528008006101302, 41.875243001144788, 0.0 ], [ 12.52818300610125, 41.875377001144741, 0.0 ], [ 12.528310006101213, 41.875454001144732, 0.0 ], [ 12.52830200610123, 41.875615001144723, 0.0 ], [ 12.528003006101365, 41.875832001144715, 0.0 ], [ 12.527597006101479, 41.875520001144764, 0.0 ], [ 12.527762006101407, 41.875407001144758, 0.0 ], [ 12.528008006101302, 41.875243001144788, 0.0 ] ] } },
{ "type": "Feature", "properties": { "EntityHand": "21311", "length_m": 607.35248513990473, "coverage_pct": 51.508846205855207 }, "geometry": { "type": "LineString", "coordinates": [ [ 12.529509006100605, 41.873901001144802, 0.0 ], [ 12.530280006100273, 41.873478001144804, 0.0 ], [ 12.53041500610022, 41.873404001144799, 0.0 ], [ 12.530491006100183, 41.873344001144787, 0.0 ], [ 12.531011006099922, 41.872728001144857, 0.0 ], [ 12.531262006099849, 41.872931001144792, 0.0 ], [ 12.531393006099817, 41.873050001144783, 0.0 ], [ 12.531513006099786, 41.873173001144771, 0.0 ], [ 12.531374006099844, 41.873244001144748, 0.0 ], [ 12.530719006100124, 41.873592001144765, 0.0 ], [ 12.530597006100178, 41.873656001144774, 0.0 ], [ 12.530522006100213, 41.87370000114479, 0.0 ], [ 12.530326006100289, 41.873816001144746, 0.0 ], [ 12.529897006100478, 41.874067001144759, 0.0 ], [ 12.529779006100524, 41.874079001144764, 0.0 ], [ 12.529682006100549, 41.874040001144763, 0.0 ], [ 12.529605006100587, 41.87411400114479, 0.0 ], [ 12.52957100610061, 41.874178001144791, 0.0 ] ] } },
{ "type": "Feature", "properties": { "EntityHand": "2135C", "length_m": 931.95648294019452, "coverage_pct": 60.676684245190827 }, "geometry": { "type": "LineString", "coordinates": [ [ 12.590750006074355, 41.839887001144746, 0.0 ], [ 12.590217006074576, 41.840005001144768, 0.0 ], [ 12.589652006074784, 41.84011500114476, 0.0 ], [ 12.589086006075016, 41.840223001144793, 0.0 ], [ 12.588602006075206, 41.840338001144794, 0.0 ], [ 12.588066006075412, 41.840490001144822, 0.0 ], [ 12.58772300607556, 41.840606001144813, 0.0 ], [ 12.587446006075675, 41.840710001144835, 0.0 ], [ 12.587198006075777, 41.840815001144847, 0.0 ], [ 12.586712006075993, 41.841189001144819, 0.0 ], [ 12.586647006076024, 41.841241001144809, 0.0 ], [ 12.586423006076128, 41.841420001144819, 0.0 ], [ 12.586162006076254, 41.841711001144802, 0.0 ], [ 12.586031006076324, 41.84184900114483, 0.0 ], [ 12.585977006076345, 41.841905001144781, 0.0 ], [ 12.585876006076392, 41.841988001144806, 0.0 ], [ 12.585767006076438, 41.842063001144794, 0.0 ], [ 12.585466006076578, 41.842260001144801, 0.0 ], [ 12.585292006076649, 41.84237400114479, 0.0 ], [ 12.584897006076824, 41.84265800114477, 0.0 ], [ 12.584588006076965, 41.842868001144801, 0.0 ], [ 12.584459006077017, 41.842956001144785, 0.0 ], [ 12.584181006077145, 41.843184001144778, 0.0 ], [ 12.584125006077173, 41.843234001144786, 0.0 ], [ 12.584053006077212, 41.843294001144784, 0.0 ] ] } },
{ "type": "Feature", "properties": { "EntityHand": "21397", "length_m": 400.61420342121818, "coverage_pct": 69.099376602307572 }, "geometry": { "type": "LineString", "coordinates": [ [ 12.486129006112618, 41.837999001149761, 0.0 ], [ 12.485961006112687, 41.838094001149742, 0.0 ], [ 12.485812006112752, 41.838150001149742, 0.0 ], [ 12.485632006112819, 41.838213001149754, 0.0 ], [ 12.485517006112866, 41.83821600114976, 0.0 ], [ 12.485343006112933, 41.838219001149774, 0.0 ], [ 12.485194006112986, 41.838207001149755, 0.0 ], [ 12.485073006113026, 41.838191001149781, 0.0 ], [ 12.484934006113079, 41.838161001149786, 0.0 ], [ 12.484794006113122, 41.838124001149787, 0.0 ], [ 12.484525006113209, 41.838065001149793, 0.0 ], [ 12.484424006113251, 41.838043001149821, 0.0 ], [ 12.484268006113295, 41.838028001149809, 0.0 ], [ 12.484129006113349, 41.838027001149847, 0.0 ], [ 12.483535006113566, 41.83802300114985, 0.0 ], [ 12.48277600611384, 41.838025001149909, 0.0 ], [ 12.48264400611389, 41.838025001149894, 0.0 ] ] } },
{ "type": "Feature", "properties": { "EntityHand": "213AF", "length_m": 499.22365379322719, "coverage_pct": 79.830757735055016 }, "geometry": { "type": "LineString", "coordinates": [ [ 12.472364006118525, 41.846256001149733, 0.0 ], [ 12.472656006118443, 41.846476001149682, 0.0 ], [ 12.472930006118359, 41.846705001149644, 0.0 ], [ 12.473082006118325, 41.846835001149614, 0.0 ], [ 12.473241006118277, 41.846952001149617, 0.0 ], [ 12.473334006118254, 41.84704500114961, 0.0 ], [ 12.473431006118224, 41.84715400114959, 0.0 ], [ 12.473515006118209, 41.847254001149572, 0.0 ], [ 12.473636006118181, 41.847388001149547, 0.0 ], [ 12.473970006118117, 41.847965001149483, 0.0 ], [ 12.474059006118109, 41.848151001149482, 0.0 ], [ 12.474122006118106, 41.848359001149461, 0.0 ], [ 12.474166006118116, 41.848646001149419, 0.0 ], [ 12.474261006118102, 41.848757001149409, 0.0 ], [ 12.474367006118081, 41.8488730011494, 0.0 ], [ 12.474499006118037, 41.848949001149386, 0.0 ], [ 12.474593006117997, 41.848969001149385, 0.0 ], [ 12.474676006117971, 41.848960001149401, 0.0 ] ] } },
{ "type": "Feature", "properties": { "EntityHand": "213B5", "length_m": 185.02460970586193, "coverage_pct": 47.469350424765203 }, "geometry": { "type": "LineString", "coordinates": [ [ 12.496844006111775, 41.866482001146927, 0.0 ], [ 12.49686400611178, 41.866694001146897, 0.0 ], [ 12.496801006111838, 41.86696900114687, 0.0 ], [ 12.496711006111905, 41.86727600114687, 0.0 ], [ 12.496665006111938, 41.867440001146875, 0.0 ], [ 12.496553006112002, 41.867691001146852, 0.0 ] ] } },
{ "type": "Feature", "properties": { "EntityHand": "213BE", "length_m": 35.195390052639823, "coverage_pct": 21.500297728554685 }, "geometry": { "type": "LineString", "coordinates": [ [ 12.496668006111737, 41.865595001147014, 0.0 ], [ 12.496630006111754, 41.865547001147014, 0.0 ], [ 12.49659900611176, 41.865526001147039, 0.0 ], [ 12.49655900611177, 41.86550800114702, 0.0 ], [ 12.496411006111822, 41.865480001147034, 0.0 ] ] } },
{ "type": "Feature", "properties": { "EntityHand": "213DC", "length_m": 32.887032092438183, "coverage_pct": 28.603233767051734 }, "geometry": { "type": "LineString", "coordinates": [ [ 12.489517006114509, 41.86709500114722, 0.0 ], [ 12.489515006114489, 41.866875001147243, 0.0 ] ] } },
{ "type": "Feature", "properties": { "EntityHand": "213DD", "length_m": 33.037449764351855, "coverage_pct": 29.139027258396126 }, "geometry": { "type": "LineString", "coordinates": [ [ 12.489639006114437, 41.866875001147221, 0.0 ], [ 12.489642006114465, 41.867096001147203, 0.0 ] ] } },
{ "type": "Feature", "properties": { "EntityHand": "21424", "length_m": 154.60667618794309, "coverage_pct": 47.003834023538111 }, "geometry": { "type": "LineString", "coordinates": [ [ 12.49722500611135, 41.863809001147132, 0.0 ], [ 12.497177006111356, 41.863745001147137, 0.0 ], [ 12.497106006111377, 41.863701001147135, 0.0 ], [ 12.496953006111427, 41.863651001147119, 0.0 ], [ 12.497055006111387, 41.863638001147145, 0.0 ], [ 12.497172006111349, 41.86365400114714, 0.0 ], [ 12.497262006111313, 41.863671001147118, 0.0 ], [ 12.497378006111271, 41.863702001147153, 0.0 ], [ 12.497450006111249, 41.863724001147112, 0.0 ], [ 12.497513006111234, 41.863743001147114, 0.0 ], [ 12.497642006111185, 41.863770001147103, 0.0 ], [ 12.497762006111143, 41.863796001147101, 0.0 ], [ 12.497945006111085, 41.863827001147101, 0.0 ] ] } },
{ "type": "Feature", "properties": { "EntityHand": "2143F", "length_m": 132.98185331853401, "coverage_pct": 51.704897388749849 }, "geometry": { "type": "LineString", "coordinates": [ [ 12.47892400611787, 41.862465001148081, 0.0 ], [ 12.478985006117895, 41.862849001148049, 0.0 ], [ 12.478745006117988, 41.862874001148072, 0.0 ], [ 12.478592006118042, 41.862859001148074, 0.0 ], [ 12.478612006118041, 41.86294400114808, 0.0 ], [ 12.478745006117988, 41.862874001148072, 0.0 ] ] } },
{ "type": "Feature", "properties": { "EntityHand": "214EC", "length_m": 1713.7936086344448, "coverage_pct": 45.622082603854153 }, "geometry": { "type": "LineString", "coordinates": [ [ 12.513423006104848, 41.858535001146812, 0.0 ], [ 12.513622006104763, 41.858365001146836, 0.0 ], [ 12.514704006104264, 41.857419001146837, 0.0 ], [ 12.515880006103711, 41.856321001146867, 0.0 ], [ 12.515942006103684, 41.856263001146885, 0.0 ], [ 12.516205006103556, 41.856033001146876, 0.0 ], [ 12.516351006103489, 41.855909001146884, 0.0 ], [ 12.516742006103309, 41.855544001146889, 0.0 ], [ 12.516806006103286, 41.855488001146881, 0.0 ], [ 12.517143006103122, 41.855191001146899, 0.0 ], [ 12.517312006103042, 41.855049001146895, 0.0 ], [ 12.517743006102855, 41.854685001146905, 0.0 ], [ 12.51836900610256, 41.854124001146928, 0.0 ], [ 12.518886006102328, 41.853660001146942, 0.0 ], [ 12.519850006101883, 41.852795001146966, 0.0 ], [ 12.519891006101853, 41.852758001146952, 0.0 ], [ 12.520072006101774, 41.852595001146973, 0.0 ], [ 12.520952006101366, 41.851806001147004, 0.0 ], [ 12.521160006101278, 41.851619001147007, 0.0 ], [ 12.521263006101217, 41.851526001146986, 0.0 ], [ 12.521696006101021, 41.851147001147027, 0.0 ], [ 12.521712006101014, 41.851132001147043, 0.0 ], [ 12.522491006100653, 41.85042400114704, 0.0 ], [ 12.523204006100324, 41.849820001147066, 0.0 ], [ 12.523299006100283, 41.849740001147033, 0.0 ] ] } },
{ "type": "Feature", "properties": { "EntityHand": "214ED", "length_m": 35.590723750893858, "coverage_pct": 22.889586413585448 }, "geometry": { "type": "LineString", "coordinates": [ [ 12.497765006110836, 41.86089700114735, 0.0 ], [ 12.498077006110725, 41.86094900114729, 0.0 ] ] } },
{ "type": "Feature", "properties": { "EntityHand": "214EE", "length_m": 35.812609231786332, "coverage_pct": 23.851563367811689 }, "geometry": { "type": "LineString", "coordinates": [ [ 12.496429006111802, 41.865416001147047, 0.0 ], [ 12.496580006111753, 41.865434001147037, 0.0 ], [ 12.496627006111737, 41.865434001147008, 0.0 ], [ 12.496673006111719, 41.865425001147031, 0.0 ], [ 12.496737006111696, 41.865397001147009, 0.0 ] ] } },
{ "type": "Feature", "properties": { "EntityHand": "21501", "length_m": 1772.9931298317408, "coverage_pct": 74.215943620271744 }, "geometry": { "type": "LineString", "coordinates": [ [ 12.496240006112059, 41.867108001146917, 0.0 ], [ 12.496470006111887, 41.866272001146974, 0.0 ], [ 12.496520006111851, 41.866113001146978, 0.0 ], [ 12.496668006111737, 41.865595001147014, 0.0 ], [ 12.496737006111696, 41.865397001147009, 0.0 ], [ 12.496882006111592, 41.864925001147064, 0.0 ], [ 12.49697300611153, 41.864619001147076, 0.0 ], [ 12.497022006111486, 41.864446001147087, 0.0 ], [ 12.497217006111345, 41.863833001147128, 0.0 ], [ 12.49722500611135, 41.863809001147132, 0.0 ], [ 12.497262006111313, 41.863671001147118, 0.0 ], [ 12.497280006111309, 41.86360600114714, 0.0 ], [ 12.497489006111143, 41.862858001147195, 0.0 ], [ 12.497957006110809, 41.861317001147299, 0.0 ], [ 12.498047006110752, 41.861052001147307, 0.0 ], [ 12.498077006110725, 41.86094900114729, 0.0 ], [ 12.49808300611072, 41.860916001147338, 0.0 ], [ 12.498104006110694, 41.860758001147317, 0.0 ], [ 12.498105006110677, 41.860579001147343, 0.0 ], [ 12.498094006110669, 41.860500001147365, 0.0 ], [ 12.498077006110671, 41.860388001147371, 0.0 ], [ 12.497988006110669, 41.860150001147382, 0.0 ], [ 12.497914006110687, 41.860012001147389, 0.0 ], [ 12.49776500611071, 41.859768001147437, 0.0 ], [ 12.497626006110748, 41.85962500114745, 0.0 ], [ 12.497497006110782, 41.859520001147459, 0.0 ], [ 12.497150006110886, 41.859313001147498, 0.0 ], [ 12.497005006110932, 41.859226001147498, 0.0 ], [ 12.496957006110938, 41.859192001147505, 0.0 ], [ 12.496289006111137, 41.858721001147579, 0.0 ], [ 12.496179006111191, 41.858807001147582, 0.0 ], [ 12.496111006111219, 41.858865001147585, 0.0 ], [ 12.496196006111196, 41.858928001147575, 0.0 ], [ 12.49641500611113, 41.85908700114755, 0.0 ], [ 12.496778006111025, 41.859330001147505, 0.0 ], [ 12.49683200611101, 41.859363001147507, 0.0 ], [ 12.497314006110866, 41.859742001147453, 0.0 ], [ 12.497357006110859, 41.859789001147462, 0.0 ], [ 12.497471006110834, 41.859879001147426, 0.0 ], [ 12.497567006110813, 41.859992001147432, 0.0 ], [ 12.497646006110793, 41.860131001147408, 0.0 ], [ 12.497723006110791, 41.860309001147399, 0.0 ], [ 12.497771006110776, 41.860422001147398, 0.0 ], [ 12.497779006110797, 41.860608001147348, 0.0 ], [ 12.497780006110819, 41.860749001147347, 0.0 ], [ 12.497765006110836, 41.86089700114735, 0.0 ], [ 12.497755006110848, 41.861002001147341, 0.0 ] ] } },
{ "type": "Feature", "properties": { "EntityHand": "21531", "length_m": 9912.7368599548881, "coverage_pct": 41.318512277358209 }, "geometry": { "type": "LineString", "coordinates": [ [ 12.589833006069394, 41.7903450011488, 0.0 ], [ 12.586315006071027, 41.793459001148733, 0.0 ], [ 12.584585006071837, 41.794993001148669, 0.0 ], [ 12.584515006071866, 41.795058001148654, 0.0 ], [ 12.575536006076049, 41.803111001148423, 0.0 ], [ 12.575028006076284, 41.803562001148407, 0.0 ], [ 12.573260006077108, 41.805142001148354, 0.0 ], [ 12.571723006077816, 41.80649400114833, 0.0 ], [ 12.571427006077965, 41.806785001148306, 0.0 ], [ 12.571146006078088, 41.807018001148315, 0.0 ], [ 12.570832006078232, 41.807289001148312, 0.0 ], [ 12.569994006078621, 41.80804600114827, 0.0 ], [ 12.569150006079012, 41.808785001148244, 0.0 ], [ 12.568612006079265, 41.809272001148251, 0.0 ], [ 12.567977006079561, 41.809834001148261, 0.0 ], [ 12.567766006079662, 41.810030001148235, 0.0 ], [ 12.567568006079748, 41.810200001148239, 0.0 ], [ 12.567407006079822, 41.810333001148216, 0.0 ], [ 12.56720000607991, 41.810462001148203, 0.0 ], [ 12.566938006080029, 41.810634001148223, 0.0 ], [ 12.566108006080388, 41.811140001148203, 0.0 ], [ 12.565384006080706, 41.8115690011482, 0.0 ], [ 12.565122006080818, 41.811734001148224, 0.0 ], [ 12.564987006080887, 41.811908001148204, 0.0 ], [ 12.564683006081044, 41.812312001148165, 0.0 ], [ 12.564314006081243, 41.812854001148168, 0.0 ], [ 12.563976006081413, 41.813333001148123, 0.0 ], [ 12.563696006081548, 41.813640001148123, 0.0 ], [ 12.56366600608156, 41.813697001148121, 0.0 ], [ 12.563592006081604, 41.813773001148107, 0.0 ], [ 12.563186006081793, 41.814161001148079, 0.0 ], [ 12.560581006082998, 41.816444001148042, 0.0 ], [ 12.560271006083145, 41.816717001148021, 0.0 ], [ 12.556982006084674, 41.819646001147945, 0.0 ], [ 12.55623200608502, 41.820322001147893, 0.0 ], [ 12.556125006085052, 41.820250001147926, 0.0 ], [ 12.556068006085063, 41.820191001147933, 0.0 ], [ 12.55603100608508, 41.820129001147983, 0.0 ], [ 12.555998006085074, 41.820035001147964, 0.0 ], [ 12.555980006085063, 41.819884001147948, 0.0 ], [ 12.555844006084833, 41.817307001148187, 0.0 ], [ 12.555811006084822, 41.817086001148184, 0.0 ], [ 12.555790006084822, 41.816993001148205, 0.0 ], [ 12.555759006084823, 41.81690000114822, 0.0 ], [ 12.555516006084867, 41.81648500114828, 0.0 ], [ 12.554263006085144, 41.814705001148468, 0.0 ], [ 12.553476006085312, 41.813615001148612, 0.0 ], [ 12.552619006085509, 41.812524001148716, 0.0 ], [ 12.55245200608555, 41.812327001148738, 0.0 ], [ 12.552371006085583, 41.812261001148777, 0.0 ], [ 12.55228200608561, 41.812197001148768, 0.0 ], [ 12.552215006085618, 41.812161001148766, 0.0 ], [ 12.552132006085648, 41.812131001148778, 0.0 ], [ 12.552036006085684, 41.812104001148796, 0.0 ], [ 12.551933006085713, 41.812077001148779, 0.0 ], [ 12.551108006086004, 41.811908001148844, 0.0 ], [ 12.549608006086522, 41.811565001148949, 0.0 ], [ 12.548366006086946, 41.811293001149039, 0.0 ], [ 12.547720006087166, 41.81115800114906, 0.0 ], [ 12.547074006087389, 41.811008001149126, 0.0 ], [ 12.546824006087483, 41.810964001149145, 0.0 ], [ 12.546702006087525, 41.810950001149124, 0.0 ], [ 12.546640006087548, 41.810946001149134, 0.0 ], [ 12.546576006087564, 41.810946001149134, 0.0 ], [ 12.54641900608763, 41.810951001149135, 0.0 ], [ 12.546258006087685, 41.810964001149159, 0.0 ], [ 12.543962006088559, 41.811215001149208, 0.0 ], [ 12.542316006089184, 41.8113950011493, 0.0 ], [ 12.538069006090796, 41.811860001149448, 0.0 ], [ 12.537250006091108, 41.811962001149482, 0.0 ], [ 12.536648006091331, 41.812023001149498, 0.0 ], [ 12.536543006091375, 41.812028001149528, 0.0 ], [ 12.536498006091394, 41.812029001149504, 0.0 ], [ 12.536456006091408, 41.812026001149512, 0.0 ], [ 12.536417006091421, 41.812020001149506, 0.0 ], [ 12.536376006091439, 41.812007001149517, 0.0 ], [ 12.536340006091441, 41.81198800114953, 0.0 ], [ 12.53631200609145, 41.811966001149514, 0.0 ], [ 12.536290006091454, 41.811942001149518, 0.0 ], [ 12.536271006091463, 41.811915001149544, 0.0 ], [ 12.536217006091471, 41.811794001149515, 0.0 ], [ 12.536170006091458, 41.811521001149565, 0.0 ], [ 12.53616500609145, 41.811349001149573, 0.0 ], [ 12.536125006091432, 41.811190001149583, 0.0 ], [ 12.53610300609143, 41.811052001149619, 0.0 ], [ 12.536021006091447, 41.810912001149632, 0.0 ], [ 12.535926006091463, 41.810754001149647, 0.0 ], [ 12.535800006091499, 41.810604001149663, 0.0 ], [ 12.535662006091528, 41.810457001149658, 0.0 ], [ 12.535490006091582, 41.810305001149693, 0.0 ], [ 12.53535300609162, 41.810223001149708, 0.0 ], [ 12.535082006091704, 41.810114001149721, 0.0 ], [ 12.534908006091763, 41.810045001149717, 0.0 ], [ 12.534509006091895, 41.809895001149791, 0.0 ], [ 12.534298006091959, 41.809842001149804, 0.0 ], [ 12.534111006092031, 41.809831001149803, 0.0 ], [ 12.533955006092084, 41.809829001149787, 0.0 ], [ 12.533735006092169, 41.809834001149788, 0.0 ], [ 12.533477006092268, 41.809860001149836, 0.0 ], [ 12.533205006092375, 41.809910001149845, 0.0 ], [ 12.532773006092546, 41.810019001149854, 0.0 ], [ 12.532599006092616, 41.810044001149862, 0.0 ], [ 12.532425006092682, 41.810052001149856, 0.0 ], [ 12.532356006092698, 41.810049001149835, 0.0 ], [ 12.532287006092728, 41.810044001149876, 0.0 ], [ 12.532214006092746, 41.810035001149892, 0.0 ], [ 12.532141006092774, 41.81002400114987, 0.0 ], [ 12.532016006092816, 41.809996001149869, 0.0 ], [ 12.531895006092862, 41.809963001149896, 0.0 ], [ 12.531777006092902, 41.809927001149902, 0.0 ], [ 12.531654006092943, 41.809887001149917, 0.0 ], [ 12.531532006092979, 41.809844001149941, 0.0 ], [ 12.531285006093061, 41.809748001149927, 0.0 ], [ 12.531032006093142, 41.809647001149941, 0.0 ], [ 12.530600006093282, 41.809475001149984, 0.0 ], [ 12.53028900609338, 41.809351001150013, 0.0 ], [ 12.530251006093396, 41.809329001150019, 0.0 ], [ 12.530221006093404, 41.809307001150032, 0.0 ], [ 12.530193006093407, 41.809281001150012, 0.0 ], [ 12.530179006093414, 41.809254001150038, 0.0 ], [ 12.53017000609341, 41.809215001150037, 0.0 ] ] } },
{ "type": "Feature", "properties": { "EntityHand": "21539", "length_m": 469.86101751675551, "coverage_pct": 67.695083185587507 }, "geometry": { "type": "LineString", "coordinates": [ [ 12.471814006116977, 41.830044001151059, 0.0 ], [ 12.472686006116634, 41.82979300115101, 0.0 ], [ 12.474120006116065, 41.829384001150991, 0.0 ], [ 12.474230006116025, 41.829351001151004, 0.0 ], [ 12.474328006115984, 41.829323001150989, 0.0 ], [ 12.474561006115893, 41.829257001151007, 0.0 ], [ 12.475343006115585, 41.829034001150973, 0.0 ], [ 12.475754006115434, 41.828916001150958, 0.0 ] ] } },
{ "type": "Feature", "properties": { "EntityHand": "21574", "length_m": 20.295376574573854, "coverage_pct": 38.258500233751498 }, "geometry": { "type": "LineString", "coordinates": [ [ 12.472243006117546, 41.836753001150498, 0.0 ], [ 12.472061006117604, 41.836745001150504, 0.0 ] ] } },
{ "type": "Feature", "properties": { "EntityHand": "215B6", "length_m": 1012.1855315264011, "coverage_pct": 26.980297570721461 }, "geometry": { "type": "LineString", "coordinates": [ [ 12.475979006117196, 41.846178001149553, 0.0 ], [ 12.476168006117094, 41.845884001149585, 0.0 ], [ 12.476352006117001, 41.845572001149598, 0.0 ], [ 12.476504006116908, 41.845274001149605, 0.0 ], [ 12.476593006116861, 41.845073001149622, 0.0 ], [ 12.476710006116777, 41.844747001149607, 0.0 ], [ 12.476787006116739, 41.844648001149636, 0.0 ], [ 12.476883006116697, 41.844560001149631, 0.0 ], [ 12.476994006116648, 41.844484001149645, 0.0 ], [ 12.477075006116609, 41.844449001149627, 0.0 ], [ 12.477217006116561, 41.844421001149641, 0.0 ], [ 12.477363006116507, 41.844424001149648, 0.0 ], [ 12.477499006116455, 41.8444430011496, 0.0 ], [ 12.477676006116395, 41.844468001149622, 0.0 ], [ 12.477452006116454, 41.844276001149609, 0.0 ], [ 12.477103006116554, 41.84399000114967, 0.0 ], [ 12.476825006116629, 41.843775001149702, 0.0 ], [ 12.476709006116661, 41.843660001149701, 0.0 ], [ 12.476586006116689, 41.843512001149747, 0.0 ], [ 12.476483006116696, 41.843268001149745, 0.0 ], [ 12.476457006116684, 41.843072001149778, 0.0 ], [ 12.476479006116662, 41.842904001149783, 0.0 ], [ 12.47657100611659, 41.842546001149813, 0.0 ], [ 12.476598006116557, 41.84236800114985, 0.0 ], [ 12.476568006116555, 41.842173001149867, 0.0 ], [ 12.476462006116572, 41.841959001149881, 0.0 ], [ 12.476307006116592, 41.841658001149909, 0.0 ], [ 12.476132006116613, 41.841251001149942, 0.0 ], [ 12.47611700611659, 41.84101600114996, 0.0 ], [ 12.476174006116558, 41.840853001149995, 0.0 ], [ 12.47629600611649, 41.840701001150002, 0.0 ], [ 12.47645400611642, 41.840544001149979, 0.0 ] ] } },
{ "type": "Feature", "properties": { "EntityHand": "215F9", "length_m": 2432.7741336979911, "coverage_pct": 72.020049051514377 }, "geometry": { "type": "LineString", "coordinates": [ [ 12.467543006115811, 41.8047170011533, 0.0 ], [ 12.467357006115892, 41.804810001153314, 0.0 ], [ 12.467069006116015, 41.804968001153313, 0.0 ], [ 12.466910006116082, 41.805066001153293, 0.0 ], [ 12.466717006116163, 41.805221001153299, 0.0 ], [ 12.466369006116329, 41.805529001153282, 0.0 ], [ 12.466095006116452, 41.805822001153288, 0.0 ], [ 12.465628006116681, 41.806304001153258, 0.0 ], [ 12.464814006117059, 41.807115001153228, 0.0 ], [ 12.464730006117096, 41.80717900115323, 0.0 ], [ 12.464593006117157, 41.807260001153232, 0.0 ], [ 12.464415006117228, 41.807322001153231, 0.0 ], [ 12.46414000611734, 41.807386001153269, 0.0 ], [ 12.463876006117433, 41.807445001153262, 0.0 ], [ 12.463613006117535, 41.807474001153267, 0.0 ], [ 12.463295006117646, 41.807463001153273, 0.0 ], [ 12.462831006117812, 41.807407001153294, 0.0 ], [ 12.460817006118512, 41.807144001153418, 0.0 ], [ 12.458585006119291, 41.806839001153541, 0.0 ], [ 12.457730006119593, 41.806728001153608, 0.0 ], [ 12.457503006119675, 41.806694001153602, 0.0 ], [ 12.457253006119757, 41.806682001153625, 0.0 ], [ 12.45706300611983, 41.806692001153642, 0.0 ], [ 12.456975006119862, 41.806701001153634, 0.0 ], [ 12.456657006119983, 41.806751001153643, 0.0 ], [ 12.456540006120028, 41.806778001153646, 0.0 ], [ 12.456157006120186, 41.806966001153654, 0.0 ], [ 12.455668006120391, 41.807187001153679, 0.0 ], [ 12.455633006120404, 41.807202001153662, 0.0 ], [ 12.455531006120443, 41.807250001153669, 0.0 ], [ 12.455098006120629, 41.807452001153663, 0.0 ], [ 12.454538006120845, 41.807668001153665, 0.0 ], [ 12.454266006120964, 41.807735001153674, 0.0 ], [ 12.454196006120986, 41.807727001153694, 0.0 ], [ 12.454032006121034, 41.807703001153683, 0.0 ], [ 12.453785006121114, 41.807600001153709, 0.0 ], [ 12.453645006121159, 41.807511001153728, 0.0 ], [ 12.453452006121212, 41.80738000115376, 0.0 ], [ 12.453305006121251, 41.807262001153795, 0.0 ], [ 12.453175006121265, 41.806938001153782, 0.0 ], [ 12.453081006121254, 41.806524001153825, 0.0 ], [ 12.453078006121235, 41.806345001153872, 0.0 ], [ 12.453124006121204, 41.806149001153869, 0.0 ], [ 12.453143006121186, 41.806027001153879, 0.0 ], [ 12.453210006121145, 41.805884001153892, 0.0 ], [ 12.453408006121025, 41.805459001153899, 0.0 ], [ 12.453645006120901, 41.805192001153905, 0.0 ], [ 12.453747006120848, 41.804981001153912, 0.0 ], [ 12.453863006120779, 41.804715001153944, 0.0 ], [ 12.45389000612076, 41.80461700115395, 0.0 ], [ 12.453925006120736, 41.804480001153955, 0.0 ], [ 12.453941006120715, 41.80436300115398, 0.0 ], [ 12.453986006120649, 41.803935001154002, 0.0 ], [ 12.454007006120614, 41.803645001154045, 0.0 ], [ 12.453997006120611, 41.803591001154032, 0.0 ], [ 12.453976006120614, 41.803543001154047, 0.0 ], [ 12.453948006120619, 41.803503001154027, 0.0 ], [ 12.453912006120625, 41.803469001154028, 0.0 ] ] } },
{ "type": "Feature", "properties": { "EntityHand": "2162D", "length_m": 354.72910810745293, "coverage_pct": 26.886415572737704 }, "geometry": { "type": "LineString", "coordinates": [ [ 12.467248006119062, 41.833970001150981, 0.0 ], [ 12.467384006119007, 41.833931001150972, 0.0 ], [ 12.468539006118553, 41.833609001150919, 0.0 ], [ 12.468626006118535, 41.833750001150925, 0.0 ], [ 12.468278006118673, 41.833842001150877, 0.0 ], [ 12.467463006118997, 41.834082001150932, 0.0 ], [ 12.467326006119048, 41.834122001150938, 0.0 ], [ 12.467132006119124, 41.834175001150932, 0.0 ] ] } },
{ "type": "Feature", "properties": { "EntityHand": "21634", "length_m": 162.73433049923835, "coverage_pct": 20.784490923071118 }, "geometry": { "type": "LineString", "coordinates": [ [ 12.463052006120412, 41.832340001151266, 0.0 ], [ 12.46259300612048, 41.831458001151361, 0.0 ], [ 12.462525006120499, 41.831324001151394, 0.0 ] ] } },
{ "type": "Feature", "properties": { "EntityHand": "2163F", "length_m": 60.410003551324309, "coverage_pct": 46.046158920283595 }, "geometry": { "type": "LineString", "coordinates": [ [ 12.469175006117995, 41.830578001151117, 0.0 ], [ 12.469035006118036, 41.830514001151144, 0.0 ], [ 12.46895300611807, 41.830478001151164, 0.0 ], [ 12.468849006118099, 41.83043600115117, 0.0 ], [ 12.468780006118125, 41.830435001151152, 0.0 ], [ 12.468685006118159, 41.830445001151162, 0.0 ] ] } },
{ "type": "Feature", "properties": { "EntityHand": "2164F", "length_m": 127.68009387366885, "coverage_pct": 40.611477974881154 }, "geometry": { "type": "LineString", "coordinates": [ [ 12.465751006118493, 41.82366600115185, 0.0 ], [ 12.465563006118579, 41.823719001151865, 0.0 ], [ 12.465811006118543, 41.824241001151805, 0.0 ], [ 12.466001006118464, 41.824188001151782, 0.0 ] ] } },
{ "type": "Feature", "properties": { "EntityHand": "21652", "length_m": 147.75658659556666, "coverage_pct": 65.302011842877121 }, "geometry": { "type": "LineString", "coordinates": [ [ 12.470655006117806, 41.833783001150799, 0.0 ], [ 12.470578006117814, 41.833677001150804, 0.0 ], [ 12.470550006117829, 41.8336390011508, 0.0 ], [ 12.470536006117827, 41.833614001150806, 0.0 ], [ 12.470526006117824, 41.833596001150816, 0.0 ], [ 12.470502006117835, 41.8335350011508, 0.0 ], [ 12.470486006117822, 41.833459001150842, 0.0 ], [ 12.470472006117831, 41.83340100115084, 0.0 ], [ 12.470466006117821, 41.833328001150839, 0.0 ], [ 12.470477006117816, 41.833288001150869, 0.0 ], [ 12.470513006117789, 41.83320100115084, 0.0 ], [ 12.470570006117764, 41.833139001150847, 0.0 ], [ 12.470619006117738, 41.833117001150868, 0.0 ], [ 12.470688006117722, 41.83311000115085, 0.0 ], [ 12.470768006117691, 41.833119001150841, 0.0 ], [ 12.470852006117665, 41.833156001150869, 0.0 ], [ 12.470923006117641, 41.83320400115084, 0.0 ] ] } },
{ "type": "Feature", "properties": { "EntityHand": "21693", "length_m": 303.6817075767791, "coverage_pct": 21.825141077804613 }, "geometry": { "type": "LineString", "coordinates": [ [ 12.46432800611926, 41.825947001151718, 0.0 ], [ 12.464391006119229, 41.825869001151759, 0.0 ], [ 12.464382006119218, 41.825761001151726, 0.0 ], [ 12.464353006119222, 41.82566300115176, 0.0 ], [ 12.464209006119235, 41.825330001151777, 0.0 ], [ 12.464121006119251, 41.825184001151804, 0.0 ], [ 12.464052006119273, 41.825094001151818, 0.0 ], [ 12.464001006119286, 41.825076001151821, 0.0 ], [ 12.46385500611934, 41.825036001151823, 0.0 ], [ 12.46374600611937, 41.824980001151857, 0.0 ], [ 12.463703006119379, 41.824940001151859, 0.0 ], [ 12.463638006119398, 41.824884001151851, 0.0 ], [ 12.463544006119418, 41.824780001151851, 0.0 ], [ 12.463508006119426, 41.82474200115189, 0.0 ], [ 12.46339800611945, 41.824577001151887, 0.0 ], [ 12.463306006119472, 41.824434001151914, 0.0 ], [ 12.463270006119471, 41.824363001151902, 0.0 ], [ 12.463238006119486, 41.824318001151937, 0.0 ], [ 12.463231006119475, 41.824244001151925, 0.0 ], [ 12.463229006119469, 41.824222001151917, 0.0 ] ] } },
{ "type": "Feature", "properties": { "EntityHand": "21697", "length_m": 465.29285590217773, "coverage_pct": 63.076938044706274 }, "geometry": { "type": "LineString", "coordinates": [ [ 12.471441006117642, 41.834932001150669, 0.0 ], [ 12.471328006117659, 41.83471900115071, 0.0 ], [ 12.471058006117696, 41.834172001150762, 0.0 ], [ 12.470944006117721, 41.83404200115077, 0.0 ], [ 12.47073700611778, 41.833860001150782, 0.0 ], [ 12.470655006117806, 41.833783001150799, 0.0 ], [ 12.470767006117772, 41.833864001150822, 0.0 ], [ 12.470807006117758, 41.833890001150799, 0.0 ], [ 12.470873006117738, 41.83393000115079, 0.0 ], [ 12.470963006117705, 41.833945001150802, 0.0 ], [ 12.471052006117674, 41.833936001150768, 0.0 ], [ 12.471102006117651, 41.833903001150766, 0.0 ], [ 12.471127006117642, 41.833860001150768, 0.0 ], [ 12.471142006117629, 41.833816001150772, 0.0 ], [ 12.471156006117612, 41.833754001150758, 0.0 ], [ 12.471169006117599, 41.8335800011508, 0.0 ], [ 12.472604006117061, 41.833457001150734, 0.0 ] ] } },
{ "type": "Feature", "properties": { "EntityHand": "216D3", "length_m": 2381.2246949569412, "coverage_pct": 76.100590940134765 }, "geometry": { "type": "LineString", "coordinates": [ [ 12.450926006121986, 41.806058001153971, 0.0 ], [ 12.453419006121269, 41.807738001153716, 0.0 ], [ 12.456266006120437, 41.809648001153434, 0.0 ], [ 12.456641006120325, 41.809878001153379, 0.0 ], [ 12.457999006119909, 41.810603001153261, 0.0 ], [ 12.458253006119831, 41.81071500115327, 0.0 ], [ 12.458540006119735, 41.810806001153267, 0.0 ], [ 12.458887006119621, 41.810890001153211, 0.0 ], [ 12.459309006119481, 41.81103700115316, 0.0 ], [ 12.459482006119432, 41.811131001153171, 0.0 ], [ 12.459664006119372, 41.811252001153143, 0.0 ], [ 12.459798006119344, 41.811420001153131, 0.0 ], [ 12.459870006119333, 41.811546001153097, 0.0 ], [ 12.459927006119329, 41.811673001153082, 0.0 ], [ 12.460006006119363, 41.812258001153033, 0.0 ], [ 12.460066006119376, 41.812577001153031, 0.0 ], [ 12.460088006119367, 41.812634001153015, 0.0 ], [ 12.46012000611937, 41.812756001153005, 0.0 ], [ 12.460163006119366, 41.812857001152999, 0.0 ], [ 12.460298006119343, 41.813118001152951, 0.0 ], [ 12.460619006119284, 41.813681001152908, 0.0 ], [ 12.460995006119228, 41.814349001152848, 0.0 ], [ 12.46109300611921, 41.814528001152816, 0.0 ], [ 12.461287006119171, 41.81488000115278, 0.0 ], [ 12.461885006119061, 41.815901001152639, 0.0 ], [ 12.462373006119002, 41.816872001152561, 0.0 ], [ 12.462440006118989, 41.816999001152553, 0.0 ], [ 12.46254800611897, 41.817284001152522, 0.0 ], [ 12.462546006118984, 41.817347001152513, 0.0 ], [ 12.462881006118907, 41.817752001152463, 0.0 ], [ 12.463001006118876, 41.817874001152468, 0.0 ], [ 12.463096006118848, 41.817952001152435, 0.0 ], [ 12.463179006118825, 41.818008001152435, 0.0 ], [ 12.463246006118798, 41.8180530011524, 0.0 ], [ 12.463441006118746, 41.81815600115241, 0.0 ] ] } },
{ "type": "Feature", "properties": { "EntityHand": "216FA", "length_m": 133.03785491577895, "coverage_pct": 23.782426949293757 }, "geometry": { "type": "LineString", "coordinates": [ [ 12.474230006116025, 41.829351001151004, 0.0 ], [ 12.474663006115957, 41.830181001150912, 0.0 ] ] } },
{ "type": "Feature", "properties": { "EntityHand": "21702", "length_m": 623.92393076788153, "coverage_pct": 55.345183957521293 }, "geometry": { "type": "LineString", "coordinates": [ [ 12.471180006117077, 41.828816001151182, 0.0 ], [ 12.471210006117071, 41.828874001151156, 0.0 ], [ 12.471814006116977, 41.830044001151059, 0.0 ], [ 12.469867006117752, 41.830604001151087, 0.0 ], [ 12.469616006117787, 41.830122001151153, 0.0 ], [ 12.469308006117839, 41.829530001151205, 0.0 ], [ 12.469233006117847, 41.829387001151211, 0.0 ] ] } },
{ "type": "Feature", "properties": { "EntityHand": "21734", "length_m": 61.345659211554803, "coverage_pct": 67.749120874835995 }, "geometry": { "type": "LineString", "coordinates": [ [ 12.478757006114083, 41.826600001151014, 0.0 ], [ 12.478680006114111, 41.826593001151011, 0.0 ], [ 12.478596006114136, 41.826565001151017, 0.0 ], [ 12.478543006114149, 41.826529001151016, 0.0 ], [ 12.478502006114155, 41.826445001151022, 0.0 ], [ 12.478499006114157, 41.826410001151032, 0.0 ], [ 12.478487006114156, 41.826304001151058, 0.0 ] ] } },
{ "type": "Feature", "properties": { "EntityHand": "2173A", "length_m": 312.26332940743083, "coverage_pct": 76.52754992032294 }, "geometry": { "type": "LineString", "coordinates": [ [ 12.472415006115989, 41.822873001151599, 0.0 ], [ 12.472372006116004, 41.822867001151614, 0.0 ], [ 12.471982006116143, 41.822812001151618, 0.0 ], [ 12.47182900611619, 41.822760001151629, 0.0 ], [ 12.471763006116205, 41.822737001151623, 0.0 ], [ 12.471586006116274, 41.822657001151676, 0.0 ], [ 12.471746006116206, 41.822616001151651, 0.0 ], [ 12.471904006116144, 41.82257600115166, 0.0 ], [ 12.472246006116013, 41.822489001151645, 0.0 ], [ 12.472115006116066, 41.822562001151653, 0.0 ], [ 12.472067006116086, 41.822635001151639, 0.0 ], [ 12.472055006116095, 41.822681001151629, 0.0 ], [ 12.47204000611611, 41.822740001151629, 0.0 ], [ 12.471896006116159, 41.822691001151625, 0.0 ], [ 12.471746006116206, 41.822616001151651, 0.0 ], [ 12.471614006116246, 41.822544001151698, 0.0 ], [ 12.47152300611627, 41.82249300115167, 0.0 ], [ 12.471577006116238, 41.822360001151708, 0.0 ] ] } },
{ "type": "Feature", "properties": { "EntityHand": "21744", "length_m": 229.38872622070912, "coverage_pct": 78.093929190813583 }, "geometry": { "type": "LineString", "coordinates": [ [ 12.470317006117353, 41.828531001151227, 0.0 ], [ 12.469974006117498, 41.828640001151264, 0.0 ], [ 12.469851006117542, 41.82869400115127, 0.0 ], [ 12.469749006117599, 41.828799001151246, 0.0 ], [ 12.46962500611766, 41.828952001151237, 0.0 ], [ 12.469512006117712, 41.829096001151221, 0.0 ], [ 12.469460006117737, 41.829190001151197, 0.0 ], [ 12.469488006117743, 41.829303001151224, 0.0 ], [ 12.469233006117847, 41.829387001151211, 0.0 ], [ 12.469062006117916, 41.829442001151222, 0.0 ], [ 12.468942006117965, 41.829511001151218, 0.0 ] ] } },
{ "type": "Feature", "properties": { "EntityHand": "21754", "length_m": 43.642567665721387, "coverage_pct": 48.574141109617571 }, "geometry": { "type": "LineString", "coordinates": [ [ 12.506516006101441, 41.803307001151595, 0.0 ], [ 12.506624006101411, 41.803320001151612, 0.0 ], [ 12.506726006101372, 41.803356001151599, 0.0 ], [ 12.506802006101356, 41.803401001151606, 0.0 ], [ 12.506848006101343, 41.803443001151585, 0.0 ] ] } },
{ "type": "Feature", "properties": { "EntityHand": "2176E", "length_m": 739.24127311794905, "coverage_pct": 66.861659362055775 }, "geometry": { "type": "LineString", "coordinates": [ [ 12.456939006120255, 41.810254001153353, 0.0 ], [ 12.457017006120257, 41.810475001153321, 0.0 ], [ 12.456135006120514, 41.809925001153431, 0.0 ], [ 12.455125006120817, 41.80930600115353, 0.0 ], [ 12.454105006121129, 41.808770001153626, 0.0 ], [ 12.45390900612119, 41.808689001153624, 0.0 ], [ 12.453735006121255, 41.808665001153656, 0.0 ], [ 12.453659006121285, 41.808698001153623, 0.0 ], [ 12.4536080061213, 41.808744001153627, 0.0 ], [ 12.453574006121325, 41.808823001153606, 0.0 ], [ 12.453578006121335, 41.80895900115361, 0.0 ], [ 12.453506006121358, 41.808875001153631, 0.0 ], [ 12.453457006121367, 41.808839001153629, 0.0 ], [ 12.4533700061214, 41.808814001153671, 0.0 ], [ 12.453272006121431, 41.808792001153634, 0.0 ], [ 12.45342600612137, 41.808729001153658, 0.0 ], [ 12.453548006121316, 41.80863500115364, 0.0 ], [ 12.453583006121294, 41.808572001153635, 0.0 ], [ 12.453589006121289, 41.808538001153664, 0.0 ], [ 12.453639006121252, 41.808361001153678, 0.0 ], [ 12.453730006121203, 41.808173001153676, 0.0 ], [ 12.453901006121104, 41.807930001153665, 0.0 ] ] } },
{ "type": "Feature", "properties": { "EntityHand": "21775", "length_m": 502.07088746133775, "coverage_pct": 73.139235785292968 }, "geometry": { "type": "LineString", "coordinates": [ [ 12.467304006119877, 41.841743001150306, 0.0 ], [ 12.467489006119786, 41.84156800115035, 0.0 ], [ 12.467559006119757, 41.841455001150329, 0.0 ], [ 12.467582006119741, 41.841383001150334, 0.0 ], [ 12.467595006119716, 41.841311001150352, 0.0 ], [ 12.467594006119723, 41.841237001150333, 0.0 ], [ 12.467569006119716, 41.841186001150348, 0.0 ], [ 12.467534006119735, 41.841156001150345, 0.0 ], [ 12.467465006119753, 41.841133001150347, 0.0 ], [ 12.467337006119797, 41.841113001150354, 0.0 ], [ 12.466747006119997, 41.841020001150405, 0.0 ], [ 12.466202006120183, 41.84089500115045, 0.0 ], [ 12.465972006120261, 41.840810001150452, 0.0 ], [ 12.465729006120336, 41.840706001150465, 0.0 ], [ 12.465503006120411, 41.840595001150504, 0.0 ], [ 12.465239006120491, 41.840440001150533, 0.0 ], [ 12.464954006120571, 41.840242001150557, 0.0 ], [ 12.464481006120701, 41.839849001150611, 0.0 ] ] } },
{ "type": "Feature", "properties": { "EntityHand": "2178D", "length_m": 91.420448048346202, "coverage_pct": 41.78044082579251 }, "geometry": { "type": "LineString", "coordinates": [ [ 12.465837006118463, 41.823642001151853, 0.0 ], [ 12.465993006118438, 41.823952001151802, 0.0 ], [ 12.466102006118426, 41.824157001151796, 0.0 ], [ 12.46617800611839, 41.824136001151828, 0.0 ] ] } },
{ "type": "Feature", "properties": { "EntityHand": "2178F", "length_m": 411.47081803949192, "coverage_pct": 69.704290218245433 }, "geometry": { "type": "LineString", "coordinates": [ [ 12.466102006118426, 41.824157001151796, 0.0 ], [ 12.466001006118464, 41.824188001151782, 0.0 ], [ 12.465906006118473, 41.8239840011518, 0.0 ], [ 12.465751006118493, 41.82366600115185, 0.0 ], [ 12.465837006118463, 41.823642001151853, 0.0 ], [ 12.465903006118438, 41.823623001151844, 0.0 ], [ 12.46606600611841, 41.823936001151829, 0.0 ], [ 12.46617800611839, 41.824136001151828, 0.0 ], [ 12.466429006118293, 41.824061001151811, 0.0 ], [ 12.466488006118274, 41.824043001151786, 0.0 ], [ 12.466641006118207, 41.823997001151788, 0.0 ], [ 12.466838006118127, 41.823953001151772, 0.0 ], [ 12.467561006117849, 41.823733001151751, 0.0 ], [ 12.467652006117811, 41.823709001151776, 0.0 ], [ 12.467734006117782, 41.823687001151768, 0.0 ], [ 12.467988006117686, 41.823619001151791, 0.0 ] ] } },
{ "type": "Feature", "properties": { "EntityHand": "21796", "length_m": 101.90769374984549, "coverage_pct": 36.266693744649231 }, "geometry": { "type": "LineString", "coordinates": [ [ 12.426646006129017, 41.789747001156428, 0.0 ], [ 12.426320006129114, 41.789586001156444, 0.0 ], [ 12.425867006129268, 41.789389001156508, 0.0 ] ] } },
{ "type": "Feature", "properties": { "EntityHand": "217A4", "length_m": 551.09967414130472, "coverage_pct": 67.381720328997332 }, "geometry": { "type": "LineString", "coordinates": [ [ 12.471271006117927, 41.836979001150524, 0.0 ], [ 12.470988006118036, 41.837063001150533, 0.0 ], [ 12.4698080061185, 41.837407001150552, 0.0 ], [ 12.469815006118486, 41.837262001150556, 0.0 ], [ 12.469738006118492, 41.837116001150576, 0.0 ], [ 12.469452006118539, 41.836564001150627, 0.0 ], [ 12.468971006118613, 41.835635001150749, 0.0 ], [ 12.46884100611868, 41.835793001150734, 0.0 ], [ 12.468288006118897, 41.835955001150751, 0.0 ] ] } },
{ "type": "Feature", "properties": { "EntityHand": "217AF", "length_m": 124.64475403083604, "coverage_pct": 58.389376822561466 }, "geometry": { "type": "LineString", "coordinates": [ [ 12.502565006102961, 41.803950001151733, 0.0 ], [ 12.502650006102925, 41.803924001151742, 0.0 ], [ 12.502788006102879, 41.803887001151736, 0.0 ], [ 12.502814006102872, 41.803915001151729, 0.0 ], [ 12.502912006102841, 41.803973001151711, 0.0 ], [ 12.502991006102816, 41.803999001151745, 0.0 ], [ 12.502922006102834, 41.804031001151735, 0.0 ], [ 12.502851006102869, 41.804051001151699, 0.0 ], [ 12.502679006102934, 41.804085001151712, 0.0 ], [ 12.502609006102958, 41.804092001151744, 0.0 ], [ 12.502556006102974, 41.804053001151722, 0.0 ], [ 12.502550006102975, 41.804029001151733, 0.0 ], [ 12.502541006102978, 41.804004001151739, 0.0 ], [ 12.502565006102961, 41.803950001151733, 0.0 ] ] } },
{ "type": "Feature", "properties": { "EntityHand": "217B6", "length_m": 44.184321746096671, "coverage_pct": 73.605904948237438 }, "geometry": { "type": "LineString", "coordinates": [ [ 12.462859006119658, 41.824624001151918, 0.0 ], [ 12.46289300611965, 41.824747001151898, 0.0 ], [ 12.462920006119658, 41.824916001151905, 0.0 ] ] } },
{ "type": "Feature", "properties": { "EntityHand": "217C7", "length_m": 398.95705697891128, "coverage_pct": 22.544351012289489 }, "geometry": { "type": "LineString", "coordinates": [ [ 12.472045006116735, 41.828562001151155, 0.0 ], [ 12.472686006116634, 41.82979300115101, 0.0 ], [ 12.473347006116528, 41.831050001150892, 0.0 ] ] } },
{ "type": "Feature", "properties": { "EntityHand": "217CE", "length_m": 144.35040907095549, "coverage_pct": 68.154212975070777 }, "geometry": { "type": "LineString", "coordinates": [ [ 12.462580006120628, 41.832722001151254, 0.0 ], [ 12.462679006120574, 41.83262000115127, 0.0 ], [ 12.462794006120525, 41.832558001151256, 0.0 ], [ 12.462862006120497, 41.832540001151273, 0.0 ], [ 12.463118006120402, 41.83247200115126, 0.0 ], [ 12.463052006120412, 41.832340001151266, 0.0 ], [ 12.462801006120513, 41.832410001151288, 0.0 ], [ 12.462862006120497, 41.832540001151273, 0.0 ] ] } },
{ "type": "Feature", "properties": { "EntityHand": "217DE", "length_m": 109.07569300279114, "coverage_pct": 23.125641743428201 }, "geometry": { "type": "LineString", "coordinates": [ [ 12.479291006114231, 41.829809001150721, 0.0 ], [ 12.479496006114152, 41.829752001150702, 0.0 ], [ 12.479676006114081, 41.829701001150717, 0.0 ], [ 12.479874006114006, 41.82964200115071, 0.0 ], [ 12.480001006113952, 41.829610001150719, 0.0 ], [ 12.480166006113889, 41.8295640011507, 0.0 ], [ 12.48020800611387, 41.829552001150702, 0.0 ] ] } },
{ "type": "Feature", "properties": { "EntityHand": "217F5", "length_m": 450.5529310647164, "coverage_pct": 22.353270397042927 }, "geometry": { "type": "LineString", "coordinates": [ [ 12.471016006116432, 41.822232001151704, 0.0 ], [ 12.471004006116452, 41.822396001151716, 0.0 ], [ 12.471178006116423, 41.822650001151679, 0.0 ], [ 12.471199006116416, 41.822678001151687, 0.0 ], [ 12.471250006116398, 41.822747001151662, 0.0 ], [ 12.471416006116341, 41.82270300115168, 0.0 ], [ 12.471586006116274, 41.822657001151676, 0.0 ], [ 12.471538006116285, 41.822635001151674, 0.0 ], [ 12.471466006116302, 41.82258500115168, 0.0 ], [ 12.471359006116334, 41.822512001151679, 0.0 ], [ 12.471254006116359, 41.822434001151699, 0.0 ], [ 12.471137006116399, 41.822346001151686, 0.0 ], [ 12.471016006116432, 41.822232001151704, 0.0 ], [ 12.470969006116437, 41.822095001151744, 0.0 ], [ 12.470623006116512, 41.821623001151764, 0.0 ], [ 12.470445006116536, 41.821371001151824, 0.0 ], [ 12.470378006116549, 41.821225001151817, 0.0 ], [ 12.470342006116544, 41.821009001151836, 0.0 ], [ 12.470357006116529, 41.820866001151884, 0.0 ], [ 12.470361006116521, 41.820846001151885, 0.0 ], [ 12.470379006116504, 41.820760001151889, 0.0 ] ] } },
{ "type": "Feature", "properties": { "EntityHand": "21806", "length_m": 2814.8997447983911, "coverage_pct": 36.845763034930883 }, "geometry": { "type": "LineString", "coordinates": [ [ 12.47520400611517, 41.824684001151319, 0.0 ], [ 12.475158006115176, 41.824572001151353, 0.0 ], [ 12.475128006115179, 41.824545001151336, 0.0 ], [ 12.474945006115229, 41.824380001151383, 0.0 ], [ 12.474815006115266, 41.824259001151361, 0.0 ], [ 12.4746770061153, 41.824135001151404, 0.0 ], [ 12.474561006115334, 41.824031001151404, 0.0 ], [ 12.474435006115369, 41.823918001151419, 0.0 ], [ 12.474364006115383, 41.823854001151432, 0.0 ], [ 12.473936006115512, 41.823574001151471, 0.0 ], [ 12.473515006115662, 41.823497001151509, 0.0 ], [ 12.473389006115703, 41.823474001151503, 0.0 ], [ 12.473389006115706, 41.823587001151509, 0.0 ], [ 12.473373006115734, 41.823693001151483, 0.0 ], [ 12.473361006115741, 41.823753001151474, 0.0 ], [ 12.473298006115803, 41.82406000115148, 0.0 ], [ 12.473230006115848, 41.824357001151476, 0.0 ], [ 12.473187006115879, 41.82446600115145, 0.0 ], [ 12.473126006115914, 41.824572001151431, 0.0 ], [ 12.473018006115966, 41.824684001151425, 0.0 ], [ 12.472811006116059, 41.824816001151454, 0.0 ], [ 12.472562006116164, 41.824956001151421, 0.0 ], [ 12.472365006116256, 41.825072001151455, 0.0 ], [ 12.4722250061163, 41.825152001151416, 0.0 ], [ 12.47236500611627, 41.825300001151405, 0.0 ], [ 12.472423006116257, 41.8253610011514, 0.0 ], [ 12.472286006116308, 41.825401001151405, 0.0 ], [ 12.472175006116355, 41.82543300115141, 0.0 ], [ 12.472068006116396, 41.825463001151377, 0.0 ], [ 12.471942006116439, 41.825498001151409, 0.0 ], [ 12.471291006116699, 41.825687001151437, 0.0 ], [ 12.471046006116801, 41.825758001151442, 0.0 ], [ 12.470763006116913, 41.825840001151441, 0.0 ], [ 12.470338006117085, 41.825964001151455, 0.0 ], [ 12.469389006117455, 41.826238001151481, 0.0 ], [ 12.469098006117564, 41.826322001151475, 0.0 ], [ 12.468921006117638, 41.826373001151467, 0.0 ], [ 12.469453006117552, 41.827385001151377, 0.0 ], [ 12.469712006117517, 41.827879001151331, 0.0 ], [ 12.469732006117507, 41.827922001151315, 0.0 ], [ 12.469758006117512, 41.82802400115132, 0.0 ], [ 12.469770006117518, 41.828112001151304, 0.0 ], [ 12.469773006117528, 41.828228001151317, 0.0 ], [ 12.469765006117536, 41.828289001151276, 0.0 ], [ 12.469751006117551, 41.828357001151275, 0.0 ], [ 12.469720006117566, 41.828442001151274, 0.0 ], [ 12.46968100611759, 41.828525001151263, 0.0 ], [ 12.469625006117626, 41.828616001151268, 0.0 ], [ 12.469178006117842, 41.82915900115124, 0.0 ], [ 12.469016006117924, 41.829350001151219, 0.0 ], [ 12.468942006117965, 41.829511001151218, 0.0 ], [ 12.468928006117983, 41.829606001151205, 0.0 ], [ 12.46898100611798, 41.829733001151205, 0.0 ], [ 12.469223006117943, 41.830213001151144, 0.0 ], [ 12.469312006117924, 41.830378001151153, 0.0 ], [ 12.469435006117907, 41.83063200115113, 0.0 ], [ 12.469445006117915, 41.830654001151132, 0.0 ], [ 12.469482006117898, 41.830728001151108, 0.0 ], [ 12.469582006117861, 41.830700001151087, 0.0 ], [ 12.469867006117752, 41.830604001151087, 0.0 ], [ 12.470538006117632, 41.83185200115097, 0.0 ], [ 12.47015200611779, 41.831968001150976, 0.0 ], [ 12.470635006117714, 41.832885001150878, 0.0 ], [ 12.470753006117684, 41.833031001150857, 0.0 ], [ 12.470823006117675, 41.833095001150873, 0.0 ], [ 12.470923006117641, 41.83320400115084, 0.0 ], [ 12.470972006117632, 41.833250001150837, 0.0 ], [ 12.471014006117619, 41.833297001150825, 0.0 ], [ 12.47105400611761, 41.833344001150806, 0.0 ], [ 12.471089006117598, 41.833394001150815, 0.0 ], [ 12.471119006117593, 41.833442001150807, 0.0 ], [ 12.4711570061176, 41.833539001150804, 0.0 ], [ 12.471169006117599, 41.8335800011508, 0.0 ], [ 12.471390006117565, 41.834043001150754, 0.0 ], [ 12.471734006117508, 41.834700001150686, 0.0 ], [ 12.471805006117497, 41.834828001150662, 0.0 ], [ 12.472010006117463, 41.835244001150649, 0.0 ], [ 12.472244006117428, 41.835721001150567, 0.0 ], [ 12.472384006117375, 41.835670001150575, 0.0 ], [ 12.472586006117288, 41.835598001150551, 0.0 ], [ 12.472666006117251, 41.835494001150586, 0.0 ], [ 12.472672006117239, 41.835400001150589, 0.0 ], [ 12.47262000611725, 41.835288001150587, 0.0 ], [ 12.47251900611727, 41.83518600115061, 0.0 ], [ 12.472342006117341, 41.835168001150635, 0.0 ], [ 12.472010006117463, 41.835244001150649, 0.0 ] ] } },
{ "type": "Feature", "properties": { "EntityHand": "21817", "length_m": 1083.2214202071602, "coverage_pct": 24.227849453592455 }, "geometry": { "type": "LineString", "coordinates": [ [ 12.477072006115005, 41.829503001150862, 0.0 ], [ 12.477319006114861, 41.829000001150874, 0.0 ], [ 12.477341006114845, 41.828937001150869, 0.0 ], [ 12.47735000611484, 41.828870001150889, 0.0 ], [ 12.47731700611484, 41.828757001150912, 0.0 ], [ 12.477260006114847, 41.828644001150913, 0.0 ], [ 12.477183006114858, 41.828492001150906, 0.0 ], [ 12.477107006114872, 41.828352001150932, 0.0 ], [ 12.477015006114884, 41.828179001150971, 0.0 ], [ 12.476961006114896, 41.82812000115095, 0.0 ], [ 12.47690900611491, 41.828089001151, 0.0 ], [ 12.476742006114968, 41.828021001150958, 0.0 ], [ 12.476382006115079, 41.827874001151024, 0.0 ], [ 12.47611900611518, 41.827887001151041, 0.0 ], [ 12.475899006115259, 41.827898001151027, 0.0 ], [ 12.475630006115365, 41.82790000115105, 0.0 ], [ 12.475546006115382, 41.827890001151054, 0.0 ], [ 12.475469006115413, 41.827868001151046, 0.0 ], [ 12.475406006115435, 41.827827001151071, 0.0 ], [ 12.475359006115442, 41.827778001151067, 0.0 ], [ 12.475252006115459, 41.827575001151089, 0.0 ], [ 12.47516100611548, 41.827408001151099, 0.0 ], [ 12.475099006115494, 41.827358001151126, 0.0 ], [ 12.475032006115519, 41.827324001151126, 0.0 ], [ 12.474943006115542, 41.82730600115115, 0.0 ], [ 12.474610006115663, 41.827283001151123, 0.0 ], [ 12.474305006115774, 41.82727700115116, 0.0 ], [ 12.474233006115805, 41.82728600115118, 0.0 ], [ 12.47417500611583, 41.827306001151172, 0.0 ], [ 12.474116006115851, 41.827345001151158, 0.0 ], [ 12.474087006115866, 41.827388001151171, 0.0 ], [ 12.474081006115876, 41.827437001151161, 0.0 ], [ 12.474092006115878, 41.827500001151165, 0.0 ], [ 12.474227006115873, 41.827925001151115, 0.0 ], [ 12.474260006115873, 41.828033001151105, 0.0 ], [ 12.474270006115878, 41.828092001151113, 0.0 ], [ 12.474261006115885, 41.828122001151094, 0.0 ], [ 12.474228006115897, 41.828149001151125, 0.0 ], [ 12.474185006115912, 41.828162001151092, 0.0 ], [ 12.474140006115924, 41.82816300115109, 0.0 ], [ 12.474094006115942, 41.828140001151084, 0.0 ], [ 12.474064006115952, 41.828109001151077, 0.0 ], [ 12.47399000611596, 41.827989001151131, 0.0 ], [ 12.473893006115983, 41.827803001151118, 0.0 ], [ 12.473863006115989, 41.827772001151175, 0.0 ], [ 12.473829006115999, 41.827755001151147, 0.0 ], [ 12.473780006116018, 41.82774700115116, 0.0 ], [ 12.47373200611603, 41.827752001151133, 0.0 ], [ 12.473698006116051, 41.827770001151137, 0.0 ], [ 12.473676006116058, 41.82779200115116, 0.0 ], [ 12.47366700611607, 41.827826001151159, 0.0 ], [ 12.473672006116072, 41.827868001151153, 0.0 ], [ 12.473743006116065, 41.828059001151132, 0.0 ], [ 12.473588006116126, 41.828117001151107, 0.0 ], [ 12.473104006116207, 41.82720000115124, 0.0 ], [ 12.472941006116237, 41.826891001151253, 0.0 ] ] } },
{ "type": "Feature", "properties": { "EntityHand": "2181F", "length_m": 1490.0358983401313, "coverage_pct": 59.939069195453612 }, "geometry": { "type": "LineString", "coordinates": [ [ 12.478318006113566, 41.820365001151536, 0.0 ], [ 12.478260006113597, 41.820363001151527, 0.0 ], [ 12.476741006114146, 41.820319001151589, 0.0 ], [ 12.473906006115159, 41.82023800115175, 0.0 ], [ 12.472313006115742, 41.820188001151841, 0.0 ], [ 12.471465006116048, 41.820161001151874, 0.0 ], [ 12.471008006116204, 41.820146001151898, 0.0 ], [ 12.47053200611637, 41.820100001151928, 0.0 ], [ 12.470490006116414, 41.820355001151903, 0.0 ], [ 12.470379006116504, 41.820760001151889, 0.0 ], [ 12.470057006116607, 41.820575001151902, 0.0 ], [ 12.469851006116659, 41.820453001151911, 0.0 ], [ 12.469582006116756, 41.820387001151936, 0.0 ], [ 12.469206006116893, 41.820417001151981, 0.0 ], [ 12.46887800611702, 41.820499001151944, 0.0 ], [ 12.468740006117073, 41.82054100115198, 0.0 ], [ 12.468590006117145, 41.820623001151958, 0.0 ], [ 12.46847500611719, 41.820716001151972, 0.0 ], [ 12.468339006117255, 41.82085500115199, 0.0 ], [ 12.467956006117445, 41.821292001151953, 0.0 ], [ 12.467150006117844, 41.822302001151904, 0.0 ] ] } },
{ "type": "Feature", "properties": { "EntityHand": "21822", "length_m": 56.070107789441273, "coverage_pct": 79.463100696152352 }, "geometry": { "type": "LineString", "coordinates": [ [ 12.469223006117943, 41.830213001151144, 0.0 ], [ 12.46927600611793, 41.830244001151172, 0.0 ], [ 12.469326006117909, 41.830254001151147, 0.0 ], [ 12.469392006117884, 41.830246001151153, 0.0 ], [ 12.469461006117854, 41.830232001151174, 0.0 ], [ 12.469312006117924, 41.830378001151153, 0.0 ] ] } },
{ "type": "Feature", "properties": { "EntityHand": "2184B", "length_m": 1446.9649263214408, "coverage_pct": 46.545165079590603 }, "geometry": { "type": "LineString", "coordinates": [ [ 12.471299006117693, 41.834973001150694, 0.0 ], [ 12.471197006117718, 41.834785001150721, 0.0 ], [ 12.470865006117764, 41.834148001150787, 0.0 ], [ 12.470655006117806, 41.833783001150799, 0.0 ], [ 12.470436006117891, 41.833874001150818, 0.0 ], [ 12.469629006118231, 41.834269001150801, 0.0 ], [ 12.469457006118256, 41.833928001150852, 0.0 ], [ 12.469275006118279, 41.83356800115088, 0.0 ], [ 12.470244006117918, 41.833481001150837, 0.0 ], [ 12.470486006117822, 41.833459001150842, 0.0 ], [ 12.470278006117862, 41.833112001150866, 0.0 ], [ 12.470090006117912, 41.832888001150884, 0.0 ], [ 12.469741006117989, 41.832453001150952, 0.0 ], [ 12.469546006118023, 41.832144001150972, 0.0 ], [ 12.469434006118046, 41.831908001151014, 0.0 ], [ 12.469213006118078, 41.83147500115107, 0.0 ], [ 12.469045006118101, 41.831136001151087, 0.0 ], [ 12.468914006118132, 41.830890001151111, 0.0 ], [ 12.469091006118056, 41.830838001151108, 0.0 ], [ 12.469194006118009, 41.830809001151096, 0.0 ], [ 12.46928100611798, 41.830785001151099, 0.0 ], [ 12.469328006117973, 41.83087100115111, 0.0 ], [ 12.469354006117973, 41.830918001151083, 0.0 ], [ 12.469451006117954, 41.831105001151073, 0.0 ], [ 12.46970200611791, 41.831569001151017, 0.0 ], [ 12.469945006117872, 41.832029001150978, 0.0 ], [ 12.470424006117797, 41.83294900115088, 0.0 ], [ 12.47047700611779, 41.833068001150878, 0.0 ], [ 12.470491006117799, 41.833162001150868, 0.0 ], [ 12.470466006117821, 41.833328001150839, 0.0 ] ] } },
{ "type": "Feature", "properties": { "EntityHand": "21861", "length_m": 608.79360813212634, "coverage_pct": 44.949158365764767 }, "geometry": { "type": "LineString", "coordinates": [ [ 12.469482006117898, 41.830728001151108, 0.0 ], [ 12.469528006117896, 41.830815001151109, 0.0 ], [ 12.47015200611779, 41.831968001150976, 0.0 ], [ 12.469945006117872, 41.832029001150978, 0.0 ], [ 12.469827006117919, 41.832064001150982, 0.0 ], [ 12.469734006117957, 41.832090001150988, 0.0 ], [ 12.469546006118023, 41.832144001150972, 0.0 ], [ 12.468460006118454, 41.832469001151004, 0.0 ], [ 12.467428006118871, 41.832764001151027, 0.0 ], [ 12.4673480061189, 41.832785001151038, 0.0 ], [ 12.467040006119015, 41.832875001151024, 0.0 ], [ 12.46686000611909, 41.832923001151052, 0.0 ], [ 12.466727006119143, 41.832960001151058, 0.0 ] ] } },
{ "type": "Feature", "properties": { "EntityHand": "21868", "length_m": 1990.9006555706253, "coverage_pct": 56.094116278488869 }, "geometry": { "type": "LineString", "coordinates": [ [ 12.47347900611758, 41.841233001150073, 0.0 ], [ 12.472538006117947, 41.841507001150092, 0.0 ], [ 12.472053006118138, 41.841640001150125, 0.0 ], [ 12.46990500611899, 41.842290001150147, 0.0 ], [ 12.469473006119156, 41.842373001150172, 0.0 ], [ 12.469360006119194, 41.842367001150173, 0.0 ], [ 12.469203006119251, 41.842358001150174, 0.0 ], [ 12.46890200611935, 41.842291001150187, 0.0 ], [ 12.468702006119415, 41.842216001150213, 0.0 ], [ 12.468514006119475, 41.84211400115025, 0.0 ], [ 12.468350006119524, 41.841969001150233, 0.0 ], [ 12.46823900611955, 41.841836001150277, 0.0 ], [ 12.468191006119543, 41.841663001150273, 0.0 ], [ 12.468178006119533, 41.8414950011503, 0.0 ], [ 12.468214006119512, 41.841413001150308, 0.0 ], [ 12.468258006119482, 41.841337001150308, 0.0 ], [ 12.468336006119445, 41.841193001150309, 0.0 ], [ 12.468477006119375, 41.841010001150323, 0.0 ], [ 12.4686180061193, 41.840856001150343, 0.0 ], [ 12.468770006119238, 41.840754001150337, 0.0 ], [ 12.468887006119193, 41.840674001150369, 0.0 ], [ 12.469170006119072, 41.840605001150301, 0.0 ], [ 12.469483006118953, 41.840524001150314, 0.0 ], [ 12.46979200611883, 41.840433001150309, 0.0 ], [ 12.47003700611873, 41.840363001150294, 0.0 ], [ 12.469949006118748, 41.840189001150321, 0.0 ], [ 12.469837006118762, 41.839966001150323, 0.0 ], [ 12.469715006118784, 41.83972500115037, 0.0 ], [ 12.469665006118793, 41.839647001150389, 0.0 ], [ 12.469562006118821, 41.839523001150397, 0.0 ], [ 12.469440006118846, 41.839410001150398, 0.0 ], [ 12.469276006118895, 41.839296001150402, 0.0 ], [ 12.469074006118955, 41.839197001150431, 0.0 ], [ 12.46881000611905, 41.839111001150457, 0.0 ], [ 12.468601006119119, 41.839064001150454, 0.0 ], [ 12.468328006119211, 41.839021001150492, 0.0 ], [ 12.468182006119266, 41.839006001150501, 0.0 ], [ 12.468035006119321, 41.838997001150517, 0.0 ], [ 12.467817006119395, 41.838994001150496, 0.0 ], [ 12.467557006119488, 41.839002001150526, 0.0 ], [ 12.467212006119619, 41.839020001150558, 0.0 ], [ 12.466863006119748, 41.839037001150558, 0.0 ], [ 12.466735006119794, 41.839038001150556, 0.0 ], [ 12.466607006119837, 41.839034001150559, 0.0 ], [ 12.466441006119899, 41.839022001150589, 0.0 ], [ 12.466307006119948, 41.839008001150575, 0.0 ], [ 12.46619500611998, 41.838992001150586, 0.0 ], [ 12.466015006120045, 41.838959001150606, 0.0 ], [ 12.465862006120103, 41.838922001150607, 0.0 ], [ 12.465716006120147, 41.838880001150635, 0.0 ], [ 12.465592006120184, 41.838837001150637, 0.0 ], [ 12.465439006120228, 41.838778001150615, 0.0 ], [ 12.465342006120267, 41.838740001150668, 0.0 ], [ 12.465270006120289, 41.83870400115066, 0.0 ], [ 12.465153006120326, 41.838642001150674, 0.0 ], [ 12.465054006120358, 41.838580001150682, 0.0 ], [ 12.464902006120404, 41.838477001150721, 0.0 ], [ 12.46482600612042, 41.83841900115069, 0.0 ], [ 12.464751006120446, 41.838352001150724, 0.0 ], [ 12.464670006120469, 41.838283001150714, 0.0 ], [ 12.46458900612048, 41.838199001150755, 0.0 ], [ 12.464501006120502, 41.838099001150724, 0.0 ], [ 12.46442500612052, 41.837999001150749, 0.0 ], [ 12.464328006120544, 41.837852001150758, 0.0 ], [ 12.464260006120547, 41.837707001150783, 0.0 ], [ 12.46415400612057, 41.837481001150799, 0.0 ], [ 12.464008006120578, 41.837183001150848, 0.0 ], [ 12.463976006120591, 41.837113001150833, 0.0 ], [ 12.463790006120661, 41.837162001150858, 0.0 ], [ 12.463473006120788, 41.837247001150857, 0.0 ], [ 12.463324006120843, 41.83728700115087, 0.0 ] ] } },
{ "type": "Feature", "properties": { "EntityHand": "2186A", "length_m": 568.99130524370503, "coverage_pct": 62.719257099631996 }, "geometry": { "type": "LineString", "coordinates": [ [ 12.477600006114697, 41.828374001150905, 0.0 ], [ 12.477700006114668, 41.828495001150884, 0.0 ], [ 12.477791006114648, 41.828596001150871, 0.0 ], [ 12.477823006114642, 41.828620001150867, 0.0 ], [ 12.47785600611463, 41.828638001150864, 0.0 ], [ 12.477902006114613, 41.82864300115088, 0.0 ], [ 12.477946006114598, 41.828630001150898, 0.0 ], [ 12.47798600611458, 41.828610001150885, 0.0 ], [ 12.477998006114566, 41.828577001150883, 0.0 ], [ 12.478002006114565, 41.828542001150872, 0.0 ], [ 12.477974006114565, 41.828458001150871, 0.0 ], [ 12.477945006114568, 41.828372001150896, 0.0 ], [ 12.477916006114567, 41.828284001150905, 0.0 ], [ 12.478483006114345, 41.828133001150903, 0.0 ], [ 12.478540006114319, 41.828118001150877, 0.0 ], [ 12.478902006114179, 41.828022001150885, 0.0 ], [ 12.478975006114158, 41.828130001150861, 0.0 ], [ 12.479558006114022, 41.828769001150796, 0.0 ], [ 12.479776006113969, 41.828997001150768, 0.0 ], [ 12.480014006113908, 41.829236001150754, 0.0 ], [ 12.480151006113877, 41.829426001150729, 0.0 ], [ 12.48020800611387, 41.829552001150702, 0.0 ], [ 12.480278006113863, 41.829698001150703, 0.0 ], [ 12.480351006113857, 41.829872001150676, 0.0 ], [ 12.480484006113803, 41.829846001150649, 0.0 ] ] } },
{ "type": "Feature", "properties": { "EntityHand": "218A5", "length_m": 11369.999170329498, "coverage_pct": 48.057507294432675 }, "geometry": { "type": "LineString", "coordinates": [ [ 12.459796006119484, 41.812689001152997, 0.0 ], [ 12.459139006119651, 41.811999001153112, 0.0 ], [ 12.458402006119842, 41.811287001153175, 0.0 ], [ 12.457820006120004, 41.810834001153289, 0.0 ], [ 12.457284006120153, 41.810464001153321, 0.0 ], [ 12.456939006120255, 41.810254001153353, 0.0 ], [ 12.45618900612048, 41.809738001153441, 0.0 ], [ 12.451597006121819, 41.806684001153883, 0.0 ], [ 12.449661006122362, 41.805316001154075, 0.0 ], [ 12.447220006123068, 41.803664001154317, 0.0 ], [ 12.44453300612385, 41.801830001154599, 0.0 ], [ 12.44184600612463, 41.799996001154909, 0.0 ], [ 12.439586006125275, 41.79848900115509, 0.0 ], [ 12.435998006126317, 41.796047001155493, 0.0 ], [ 12.435654006126423, 41.795843001155511, 0.0 ], [ 12.431121006127725, 41.792733001155952, 0.0 ], [ 12.430195006127985, 41.792098001156063, 0.0 ], [ 12.429241006128269, 41.791462001156162, 0.0 ], [ 12.428287006128542, 41.790793001156274, 0.0 ], [ 12.426966006128927, 41.789956001156376, 0.0 ], [ 12.426646006129017, 41.789747001156428, 0.0 ], [ 12.425822006129254, 41.789137001156519, 0.0 ], [ 12.424906006129511, 41.788506001156613, 0.0 ], [ 12.424622006129601, 41.78831400115665, 0.0 ], [ 12.42429400612969, 41.788102001156659, 0.0 ], [ 12.424069006129754, 41.78795800115671, 0.0 ], [ 12.423706006129862, 41.787747001156738, 0.0 ], [ 12.42316000613004, 41.787487001156791, 0.0 ], [ 12.422070006130383, 41.787050001156871, 0.0 ], [ 12.421446006130591, 41.786860001156896, 0.0 ], [ 12.420979006130745, 41.786757001156936, 0.0 ], [ 12.4193640061313, 41.786512001157014, 0.0 ], [ 12.418266006131677, 41.786354001157115, 0.0 ], [ 12.417817006131829, 41.78630500115711, 0.0 ], [ 12.417378006131985, 41.786278001157186, 0.0 ], [ 12.416936006132151, 41.786278001157186, 0.0 ], [ 12.41560500613263, 41.786337001157221, 0.0 ], [ 12.415092006132825, 41.786353001157252, 0.0 ], [ 12.414670006132972, 41.786345001157265, 0.0 ], [ 12.414284006133103, 41.786331001157279, 0.0 ], [ 12.41398300613322, 41.786308001157302, 0.0 ], [ 12.413392006133423, 41.786251001157325, 0.0 ], [ 12.413009006133557, 41.786186001157361, 0.0 ], [ 12.412608006133688, 41.786097001157373, 0.0 ], [ 12.411745006133971, 41.785870001157427, 0.0 ], [ 12.411276006134123, 41.78574600115747, 0.0 ], [ 12.410891006134257, 41.7856330011575, 0.0 ], [ 12.410562006134365, 41.785511001157516, 0.0 ], [ 12.409888006134576, 41.785241001157566, 0.0 ], [ 12.40909000613482, 41.784855001157652, 0.0 ], [ 12.408658006134957, 41.784605001157686, 0.0 ], [ 12.408411006135021, 41.784458001157716, 0.0 ], [ 12.408168006135089, 41.784288001157762, 0.0 ], [ 12.407702006135221, 41.78394500115779, 0.0 ], [ 12.407237006135354, 41.783597001157823, 0.0 ], [ 12.399764006137429, 41.777912001158647, 0.0 ], [ 12.398953006137658, 41.777269001158736, 0.0 ], [ 12.397154006138148, 41.775894001158939, 0.0 ], [ 12.396917006138208, 41.775715001158979, 0.0 ], [ 12.396834006138237, 41.775652001158974, 0.0 ], [ 12.396749006138259, 41.775583001158992, 0.0 ], [ 12.396536006138318, 41.775421001159003, 0.0 ], [ 12.395875006138503, 41.774922001159084, 0.0 ], [ 12.384538006141627, 41.766217001160335, 0.0 ], [ 12.384225006141719, 41.765996001160325, 0.0 ], [ 12.384140006141754, 41.765984001160341, 0.0 ], [ 12.384070006141776, 41.765974001160352, 0.0 ], [ 12.384012006141791, 41.765957001160338, 0.0 ], [ 12.38395900614181, 41.765931001160354, 0.0 ], [ 12.382955006142085, 41.765160001160474, 0.0 ], [ 12.383196006142009, 41.765214001160452, 0.0 ] ] } },
{ "type": "Feature", "properties": { "EntityHand": "218BD", "length_m": 41.153579228548068, "coverage_pct": 76.085169106344679 }, "geometry": { "type": "LineString", "coordinates": [ [ 12.367955006149746, 41.786586001159442, 0.0 ], [ 12.367783006149836, 41.786830001159423, 0.0 ] ] } },
{ "type": "Feature", "properties": { "EntityHand": "218D3", "length_m": 24311.292532094376, "coverage_pct": 74.285952808327238 }, "geometry": { "type": "LineString", "coordinates": [ [ 12.318184006159754, 41.715150001167558, 0.0 ], [ 12.318282006159723, 41.715229001167565, 0.0 ], [ 12.318995006159525, 41.715775001167479, 0.0 ], [ 12.31924900615946, 41.715972001167437, 0.0 ], [ 12.325466006157781, 41.720766001166773, 0.0 ], [ 12.32664500615746, 41.72167700116664, 0.0 ], [ 12.327888006157121, 41.722606001166504, 0.0 ], [ 12.327977006157097, 41.722673001166477, 0.0 ], [ 12.32814400615705, 41.722804001166473, 0.0 ], [ 12.328453006156971, 41.723048001166461, 0.0 ], [ 12.331268006156209, 41.725225001166123, 0.0 ], [ 12.333739006155529, 41.727117001165851, 0.0 ], [ 12.33502700615518, 41.728106001165706, 0.0 ], [ 12.335704006154996, 41.728624001165656, 0.0 ], [ 12.336154006154878, 41.728971001165597, 0.0 ], [ 12.337654006154469, 41.730102001165456, 0.0 ], [ 12.337743006154442, 41.730170001165426, 0.0 ], [ 12.339808006153881, 41.731787001165209, 0.0 ], [ 12.344350006152645, 41.7352840011647, 0.0 ], [ 12.345585006152303, 41.736225001164556, 0.0 ], [ 12.345696006152277, 41.736308001164566, 0.0 ], [ 12.350189006151052, 41.739764001164062, 0.0 ], [ 12.356316006149363, 41.744466001163403, 0.0 ], [ 12.357622006149017, 41.745460001163245, 0.0 ], [ 12.357877006148946, 41.745648001163232, 0.0 ], [ 12.368311006146088, 41.753651001162105, 0.0 ], [ 12.369684006145711, 41.754704001161947, 0.0 ], [ 12.36982200614567, 41.754803001161925, 0.0 ], [ 12.371234006145279, 41.755904001161781, 0.0 ], [ 12.379224006143083, 41.762015001160883, 0.0 ], [ 12.381563006142443, 41.76380200116067, 0.0 ], [ 12.383032006142031, 41.764928001160499, 0.0 ], [ 12.383162006141994, 41.765029001160478, 0.0 ], [ 12.384337006141669, 41.765935001160351, 0.0 ], [ 12.384623006141597, 41.7661550011603, 0.0 ], [ 12.395080006138706, 41.77415900115917, 0.0 ], [ 12.395385006138618, 41.774396001159133, 0.0 ], [ 12.396000006138447, 41.774865001159043, 0.0 ], [ 12.396697006138259, 41.775422001159001, 0.0 ], [ 12.396893006138205, 41.775556001158954, 0.0 ], [ 12.396993006138176, 41.775649001158953, 0.0 ], [ 12.399846006137393, 41.777854001158659, 0.0 ], [ 12.403618006136343, 41.780725001158238, 0.0 ], [ 12.407317006135314, 41.783542001157841, 0.0 ], [ 12.407787006135193, 41.783895001157788, 0.0 ], [ 12.408276006135049, 41.784253001157751, 0.0 ], [ 12.40848700613498, 41.784398001157719, 0.0 ], [ 12.408729006134919, 41.784551001157702, 0.0 ], [ 12.409158006134794, 41.784784001157654, 0.0 ], [ 12.409568006134664, 41.784995001157633, 0.0 ], [ 12.40995800613454, 41.785169001157584, 0.0 ], [ 12.410680006134319, 41.785458001157558, 0.0 ], [ 12.411003006134209, 41.785577001157513, 0.0 ], [ 12.411319006134107, 41.785667001157456, 0.0 ], [ 12.41180300613394, 41.785802001157435, 0.0 ], [ 12.412657006133657, 41.786020001157404, 0.0 ], [ 12.413057006133521, 41.786108001157359, 0.0 ], [ 12.413419006133402, 41.786165001157336, 0.0 ], [ 12.413741006133289, 41.78620800115732, 0.0 ], [ 12.414020006133196, 41.786232001157323, 0.0 ], [ 12.414704006132951, 41.786268001157275, 0.0 ], [ 12.415176006132782, 41.786268001157246, 0.0 ], [ 12.415614006132623, 41.786250001157221, 0.0 ], [ 12.416952006132133, 41.786194001157178, 0.0 ], [ 12.41740400613196, 41.786187001157145, 0.0 ], [ 12.417865006131814, 41.78621800115711, 0.0 ], [ 12.418316006131649, 41.786270001157092, 0.0 ], [ 12.419399006131277, 41.78643100115702, 0.0 ], [ 12.421025006130717, 41.786672001156923, 0.0 ], [ 12.421507006130557, 41.786776001156923, 0.0 ], [ 12.422143006130346, 41.786982001156879, 0.0 ], [ 12.423235006129996, 41.787416001156778, 0.0 ], [ 12.423781006129833, 41.787684001156755, 0.0 ], [ 12.424140006129726, 41.787883001156693, 0.0 ], [ 12.424385006129651, 41.788040001156673, 0.0 ], [ 12.424572006129587, 41.788079001156675, 0.0 ], [ 12.424816006129518, 41.788230001156613, 0.0 ], [ 12.425067006129446, 41.788386001156638, 0.0 ], [ 12.426036006129156, 41.788985001156526, 0.0 ], [ 12.426918006128899, 41.789594001156452, 0.0 ], [ 12.428489006128451, 41.790653001156272, 0.0 ], [ 12.429433006128182, 41.791303001156187, 0.0 ], [ 12.430418006127901, 41.791965001156072, 0.0 ], [ 12.432311006127355, 41.793259001155874, 0.0 ], [ 12.433680006126957, 41.794177001155745, 0.0 ], [ 12.436212006126224, 41.795903001155494, 0.0 ], [ 12.437831006125759, 41.797019001155327, 0.0 ], [ 12.438855006125467, 41.797711001155207, 0.0 ], [ 12.440695006124933, 41.798973001155019, 0.0 ], [ 12.440888006124869, 41.799090001155001, 0.0 ], [ 12.441656006124651, 41.799612001154934, 0.0 ], [ 12.441988006124561, 41.799849001154904, 0.0 ], [ 12.442222006124487, 41.799986001154849, 0.0 ], [ 12.442982006124273, 41.800509001154794, 0.0 ], [ 12.444284006123896, 41.801400001154676, 0.0 ], [ 12.445372006123579, 41.802107001154539, 0.0 ], [ 12.447460006122974, 41.803521001154351, 0.0 ], [ 12.448485006122676, 41.804216001154238, 0.0 ], [ 12.449306006122436, 41.804775001154134, 0.0 ], [ 12.449946006122254, 41.80520900115409, 0.0 ], [ 12.450798006122019, 41.805917001153986, 0.0 ], [ 12.450926006121986, 41.806058001153971, 0.0 ], [ 12.449796006122313, 41.805282001154083, 0.0 ], [ 12.447312006123033, 41.803609001154356, 0.0 ], [ 12.441497006124717, 41.799668001154934, 0.0 ], [ 12.439664006125245, 41.798422001155117, 0.0 ], [ 12.436096006126279, 41.796000001155498, 0.0 ], [ 12.430293006127952, 41.792053001156077, 0.0 ], [ 12.429321006128236, 41.791406001156176, 0.0 ], [ 12.428356006128512, 41.790734001156295, 0.0 ], [ 12.426797006128961, 41.78968700115643, 0.0 ], [ 12.42589800612922, 41.789078001156518, 0.0 ], [ 12.424997006129479, 41.788454001156609, 0.0 ], [ 12.424735006129549, 41.78828400115664, 0.0 ], [ 12.424385006129651, 41.788040001156673, 0.0 ] ] } },
{ "type": "Feature", "properties": { "EntityHand": "2191E", "length_m": 3864.6129992506803, "coverage_pct": 77.694002779612532 }, "geometry": { "type": "LineString", "coordinates": [ [ 12.349988006155376, 41.779400001160887, 0.0 ], [ 12.353547006154264, 41.780745001160589, 0.0 ], [ 12.354782006153872, 41.781269001160496, 0.0 ], [ 12.355972006153518, 41.781869001160395, 0.0 ], [ 12.35644700615337, 41.782117001160351, 0.0 ], [ 12.356896006153239, 41.782376001160323, 0.0 ], [ 12.358152006152858, 41.782985001160199, 0.0 ], [ 12.359053006152589, 41.783467001160105, 0.0 ], [ 12.359878006152332, 41.783833001160041, 0.0 ], [ 12.360153006152245, 41.783948001159999, 0.0 ], [ 12.36334800615124, 41.785169001159773, 0.0 ], [ 12.364378006150904, 41.785505001159692, 0.0 ], [ 12.365081006150678, 41.785694001159627, 0.0 ], [ 12.365899006150416, 41.785970001159598, 0.0 ], [ 12.366642006150176, 41.78623300115953, 0.0 ], [ 12.367514006149907, 41.78655000115949, 0.0 ], [ 12.368636006149544, 41.786952001159392, 0.0 ], [ 12.369644006149223, 41.787311001159317, 0.0 ], [ 12.371518006148627, 41.787983001159141, 0.0 ], [ 12.375221006147452, 41.789331001158878, 0.0 ], [ 12.377591006146698, 41.790177001158717, 0.0 ], [ 12.377671006146665, 41.790205001158704, 0.0 ], [ 12.380007006145922, 41.7910510011585, 0.0 ], [ 12.380204006145858, 41.791122001158506, 0.0 ], [ 12.380588006145738, 41.791258001158504, 0.0 ], [ 12.380742006145683, 41.791308001158463, 0.0 ] ] } },
{ "type": "Feature", "properties": { "EntityHand": "21944", "length_m": 81.533144194920212, "coverage_pct": 60.083642649941652 }, "geometry": { "type": "LineString", "coordinates": [ [ 12.454880006124425, 41.84205600115083, 0.0 ], [ 12.454872006124438, 41.842160001150852, 0.0 ], [ 12.45483700612446, 41.842271001150849, 0.0 ], [ 12.454740006124501, 41.842363001150829, 0.0 ], [ 12.454639006124543, 41.842406001150856, 0.0 ], [ 12.454480006124607, 41.842442001150872, 0.0 ] ] } },
{ "type": "Feature", "properties": { "EntityHand": "21945", "length_m": 86.820591088702557, "coverage_pct": 57.51679573618722 }, "geometry": { "type": "LineString", "coordinates": [ [ 12.453998006124698, 41.841637001150929, 0.0 ], [ 12.45407600612466, 41.841548001150954, 0.0 ], [ 12.454215006124603, 41.841479001150944, 0.0 ], [ 12.454352006124552, 41.841478001150946, 0.0 ], [ 12.454491006124504, 41.841510001150944, 0.0 ], [ 12.454630006124466, 41.841604001150927, 0.0 ] ] } },
{ "type": "Feature", "properties": { "EntityHand": "2196F", "length_m": 127.74954885028987, "coverage_pct": 32.380697744478212 }, "geometry": { "type": "LineString", "coordinates": [ [ 12.46895600612171, 41.864372001148382, 0.0 ], [ 12.469145006121565, 41.863665001148462, 0.0 ], [ 12.469318006121506, 41.863701001148442, 0.0 ] ] } },
{ "type": "Feature", "properties": { "EntityHand": "21979", "length_m": 17398.726859685721, "coverage_pct": 67.340788690841904 }, "geometry": { "type": "LineString", "coordinates": [ [ 12.349776006159846, 41.820183001157595, 0.0 ], [ 12.349772006159837, 41.82014400115758, 0.0 ], [ 12.349771006159839, 41.820120001157584, 0.0 ], [ 12.349774006159844, 41.820095001157611, 0.0 ], [ 12.349779006159837, 41.820068001157587, 0.0 ], [ 12.349792006159825, 41.820033001157604, 0.0 ], [ 12.34980800615981, 41.81999700115761, 0.0 ], [ 12.349837006159801, 41.819960001157611, 0.0 ], [ 12.349870006159787, 41.819925001157607, 0.0 ], [ 12.349769006159825, 41.819932001157618, 0.0 ], [ 12.349671006159857, 41.819940001157612, 0.0 ], [ 12.349572006159896, 41.819952001157603, 0.0 ], [ 12.349474006159923, 41.81996500115762, 0.0 ], [ 12.349776006159846, 41.820183001157595, 0.0 ], [ 12.350045006159773, 41.820439001157553, 0.0 ], [ 12.350450006159679, 41.820872001157504, 0.0 ], [ 12.35094800615957, 41.821493001157435, 0.0 ], [ 12.351185006159511, 41.821762001157389, 0.0 ], [ 12.351460006159449, 41.822029001157354, 0.0 ], [ 12.351768006159368, 41.822341001157319, 0.0 ], [ 12.352306006159235, 41.82284700115725, 0.0 ], [ 12.352902006159077, 41.823360001157191, 0.0 ], [ 12.35352700615891, 41.823868001157123, 0.0 ], [ 12.353855006158824, 41.824215001157064, 0.0 ], [ 12.354260006158729, 41.824655001156991, 0.0 ], [ 12.354816006158597, 41.82528400115693, 0.0 ], [ 12.355076006158544, 41.825593001156903, 0.0 ], [ 12.355198006158517, 41.825782001156874, 0.0 ], [ 12.3552960061585, 41.825967001156862, 0.0 ], [ 12.355461006158494, 41.826414001156813, 0.0 ], [ 12.355584006158491, 41.826758001156783, 0.0 ], [ 12.355628006158476, 41.826867001156792, 0.0 ], [ 12.355725006158465, 41.827025001156755, 0.0 ], [ 12.35586000615843, 41.827170001156745, 0.0 ], [ 12.356106006158361, 41.827318001156719, 0.0 ], [ 12.356413006158263, 41.827430001156685, 0.0 ], [ 12.356689006158172, 41.82752600115667, 0.0 ], [ 12.356853006158124, 41.827586001156646, 0.0 ], [ 12.357049006158059, 41.827667001156641, 0.0 ], [ 12.357378006157969, 41.827881001156591, 0.0 ], [ 12.357552006157913, 41.828015001156579, 0.0 ], [ 12.357685006157885, 41.828097001156543, 0.0 ], [ 12.357890006157824, 41.828239001156575, 0.0 ], [ 12.358358006157685, 41.828487001156496, 0.0 ], [ 12.358550006157628, 41.828573001156506, 0.0 ], [ 12.358762006157551, 41.828643001156465, 0.0 ], [ 12.358917006157505, 41.828674001156479, 0.0 ], [ 12.359160006157422, 41.82870100115646, 0.0 ], [ 12.359249006157393, 41.82870100115646, 0.0 ], [ 12.359664006157237, 41.828703001156434, 0.0 ], [ 12.360282006157018, 41.828678001156391, 0.0 ], [ 12.36095400615678, 41.828653001156376, 0.0 ], [ 12.361509006156577, 41.828642001156339, 0.0 ], [ 12.361936006156425, 41.828635001156329, 0.0 ], [ 12.36221800615632, 41.828604001156322, 0.0 ], [ 12.36241800615624, 41.828571001156298, 0.0 ], [ 12.362607006156173, 41.82854000115632, 0.0 ], [ 12.363145006155966, 41.828394001156305, 0.0 ], [ 12.363558006155804, 41.828286001156265, 0.0 ], [ 12.364012006155637, 41.828188001156278, 0.0 ], [ 12.364233006155553, 41.82818200115625, 0.0 ], [ 12.364380006155507, 41.828190001156258, 0.0 ], [ 12.364563006155445, 41.828226001156239, 0.0 ], [ 12.364757006155381, 41.828277001156223, 0.0 ], [ 12.364920006155319, 41.828336001156217, 0.0 ], [ 12.365164006155261, 41.828459001156212, 0.0 ], [ 12.365350006155197, 41.828588001156177, 0.0 ], [ 12.365599006155131, 41.828764001156152, 0.0 ], [ 12.365882006155049, 41.828944001156103, 0.0 ], [ 12.366146006154976, 41.829132001156069, 0.0 ], [ 12.366362006154926, 41.829348001156085, 0.0 ], [ 12.366612006154863, 41.829629001156029, 0.0 ], [ 12.36690000615479, 41.829959001155991, 0.0 ], [ 12.367411006154681, 41.830548001155904, 0.0 ], [ 12.367957006154546, 41.831098001155851, 0.0 ], [ 12.36818500615448, 41.831317001155803, 0.0 ], [ 12.368368006154437, 41.831495001155766, 0.0 ], [ 12.368741006154341, 41.83185800115573, 0.0 ], [ 12.369248006154212, 41.832307001155691, 0.0 ], [ 12.369556006154113, 41.832484001155656, 0.0 ], [ 12.369804006154039, 41.832579001155622, 0.0 ], [ 12.370117006153935, 41.832670001155613, 0.0 ], [ 12.370176006153923, 41.83268800115561, 0.0 ], [ 12.370676006153754, 41.832838001155551, 0.0 ], [ 12.371136006153606, 41.833018001155537, 0.0 ], [ 12.371338006153552, 41.833125001155537, 0.0 ], [ 12.371575006153485, 41.833280001155515, 0.0 ], [ 12.371874006153398, 41.833473001155461, 0.0 ], [ 12.372337006153259, 41.833765001155427, 0.0 ], [ 12.37279700615313, 41.834080001155364, 0.0 ], [ 12.373228006153015, 41.834393001155313, 0.0 ], [ 12.373640006152904, 41.834679001155301, 0.0 ], [ 12.373949006152801, 41.834802001155253, 0.0 ], [ 12.374151006152724, 41.834844001155219, 0.0 ], [ 12.374312006152676, 41.834863001155256, 0.0 ], [ 12.374527006152602, 41.834888001155214, 0.0 ], [ 12.374780006152514, 41.834937001155211, 0.0 ], [ 12.375065006152415, 41.835029001155171, 0.0 ], [ 12.375238006152363, 41.835087001155188, 0.0 ], [ 12.375488006152292, 41.835195001155149, 0.0 ], [ 12.375845006152181, 41.835370001155091, 0.0 ], [ 12.376166006152085, 41.835547001155092, 0.0 ], [ 12.376421006152006, 41.835671001155092, 0.0 ], [ 12.376660006151935, 41.835769001155057, 0.0 ], [ 12.376836006151876, 41.835832001155048, 0.0 ], [ 12.377171006151766, 41.835923001155031, 0.0 ], [ 12.377478006151669, 41.836035001154997, 0.0 ], [ 12.377697006151605, 41.836140001154995, 0.0 ], [ 12.377838006151563, 41.836242001154957, 0.0 ], [ 12.377957006151531, 41.836340001154959, 0.0 ], [ 12.378088006151497, 41.836466001154932, 0.0 ], [ 12.378233006151461, 41.836628001154899, 0.0 ], [ 12.378531006151393, 41.836959001154895, 0.0 ], [ 12.378765006151331, 41.837225001154842, 0.0 ], [ 12.378939006151306, 41.83750700115479, 0.0 ], [ 12.379092006151271, 41.837718001154784, 0.0 ], [ 12.379247006151239, 41.837976001154765, 0.0 ], [ 12.379472006151211, 41.838358001154724, 0.0 ], [ 12.379687006151178, 41.838753001154686, 0.0 ], [ 12.379899006151136, 41.839166001154609, 0.0 ], [ 12.380064006151116, 41.839447001154575, 0.0 ], [ 12.380138006151091, 41.839542001154577, 0.0 ], [ 12.380214006151077, 41.839616001154603, 0.0 ], [ 12.380305006151046, 41.839704001154566, 0.0 ], [ 12.380544006150975, 41.839841001154532, 0.0 ], [ 12.380844006150877, 41.839929001154509, 0.0 ], [ 12.38131600615073, 41.840074001154505, 0.0 ], [ 12.381809006150565, 41.840228001154451, 0.0 ], [ 12.382337006150399, 41.840394001154408, 0.0 ], [ 12.382677006150288, 41.840500001154382, 0.0 ], [ 12.382996006150194, 41.840634001154378, 0.0 ], [ 12.383198006150128, 41.840738001154364, 0.0 ], [ 12.383934006149905, 41.841137001154294, 0.0 ], [ 12.384246006149812, 41.841308001154246, 0.0 ], [ 12.384472006149748, 41.841442001154242, 0.0 ], [ 12.384796006149649, 41.841674001154175, 0.0 ], [ 12.385149006149545, 41.841896001154147, 0.0 ], [ 12.385776006149353, 41.842160001154099, 0.0 ], [ 12.386146006149236, 41.842300001154079, 0.0 ], [ 12.386477006149127, 41.842409001154046, 0.0 ], [ 12.386648006149073, 41.842448001154033, 0.0 ], [ 12.386825006149021, 41.842480001154016, 0.0 ], [ 12.387014006148945, 41.842506001154028, 0.0 ], [ 12.387039006148944, 41.842509001154014, 0.0 ], [ 12.38725700614887, 41.842534001154029, 0.0 ], [ 12.387532006148771, 41.842556001153973, 0.0 ], [ 12.387810006148673, 41.842575001153996, 0.0 ], [ 12.388006006148602, 41.842576001153972, 0.0 ], [ 12.388203006148538, 41.842568001153978, 0.0 ], [ 12.388472006148437, 41.842545001153944, 0.0 ], [ 12.388685006148362, 41.842516001153953, 0.0 ], [ 12.389088006148208, 41.842454001153918, 0.0 ], [ 12.389138006148183, 41.842444001153915, 0.0 ], [ 12.389481006148053, 41.842379001153937, 0.0 ], [ 12.3901390061478, 41.842229001153889, 0.0 ], [ 12.390833006147526, 41.842059001153871, 0.0 ], [ 12.391488006147279, 41.841826001153869, 0.0 ], [ 12.391728006147181, 41.841709001153852, 0.0 ], [ 12.391997006147072, 41.84161000115386, 0.0 ], [ 12.392337006146933, 41.841521001153836, 0.0 ], [ 12.392634006146826, 41.841491001153805, 0.0 ], [ 12.392939006146712, 41.841461001153831, 0.0 ], [ 12.393704006146438, 41.841428001153815, 0.0 ], [ 12.394539006146129, 41.841431001153772, 0.0 ], [ 12.394818006146037, 41.84146900115374, 0.0 ], [ 12.395132006145946, 41.841617001153715, 0.0 ], [ 12.395400006145859, 41.841740001153696, 0.0 ], [ 12.39597000614568, 41.841997001153636, 0.0 ], [ 12.397299006145262, 41.842513001153534, 0.0 ], [ 12.399131006144684, 41.843230001153394, 0.0 ], [ 12.399746006144477, 41.843400001153348, 0.0 ], [ 12.400184006144324, 41.843480001153331, 0.0 ], [ 12.400401006144248, 41.843478001153322, 0.0 ], [ 12.400622006144163, 41.843414001153306, 0.0 ], [ 12.400908006144052, 41.843320001153302, 0.0 ], [ 12.401248006143913, 41.843165001153302, 0.0 ], [ 12.401478006143821, 41.843090001153293, 0.0 ], [ 12.401873006143674, 41.843034001153271, 0.0 ], [ 12.402440006143472, 41.84302800115325, 0.0 ], [ 12.402959006143288, 41.843041001153239, 0.0 ], [ 12.403079006143237, 41.84304400115321, 0.0 ], [ 12.4034920061431, 41.843095001153209, 0.0 ], [ 12.403804006142991, 41.843149001153165, 0.0 ], [ 12.404097006142894, 41.843211001153158, 0.0 ], [ 12.404524006142756, 41.843320001153138, 0.0 ], [ 12.404771006142663, 41.843357001153123, 0.0 ], [ 12.405443006142425, 41.843369001153079, 0.0 ], [ 12.406189006142153, 41.84332800115304, 0.0 ], [ 12.406728006141954, 41.843288001153041, 0.0 ], [ 12.407171006141787, 41.843243001153027, 0.0 ], [ 12.40766400614161, 41.843194001152995, 0.0 ], [ 12.408007006141476, 41.843163001152988, 0.0 ], [ 12.40822400614141, 41.843152001152987, 0.0 ], [ 12.408295006141374, 41.843149001152945, 0.0 ], [ 12.408389006141341, 41.843150001152956, 0.0 ], [ 12.408453006141327, 41.843153001152963, 0.0 ], [ 12.408517006141297, 41.84316000115296, 0.0 ], [ 12.408858006141175, 41.843207001152933, 0.0 ], [ 12.409178006141076, 41.84329800115291, 0.0 ], [ 12.409343006141031, 41.843384001152906, 0.0 ], [ 12.410366006140709, 41.843964001152806, 0.0 ], [ 12.41082100614058, 41.844218001152747, 0.0 ], [ 12.411269006140447, 41.844478001152709, 0.0 ], [ 12.412154006140181, 41.84498100115264, 0.0 ], [ 12.412351006140131, 41.845130001152626, 0.0 ], [ 12.412555006140074, 41.845317001152566, 0.0 ], [ 12.412910006139985, 41.845648001152526, 0.0 ], [ 12.413185006139908, 41.845908001152509, 0.0 ], [ 12.413245006139897, 41.845975001152489, 0.0 ], [ 12.413444006139855, 41.846230001152506, 0.0 ], [ 12.413559006139831, 41.846382001152435, 0.0 ], [ 12.413607006139816, 41.846443001152466, 0.0 ], [ 12.413969006139734, 41.846879001152395, 0.0 ], [ 12.414177006139679, 41.847058001152377, 0.0 ], [ 12.414366006139623, 41.847202001152361, 0.0 ], [ 12.414460006139597, 41.847253001152339, 0.0 ], [ 12.414624006139547, 41.847333001152329, 0.0 ], [ 12.414724006139517, 41.847376001152313, 0.0 ], [ 12.414829006139486, 41.847411001152309, 0.0 ], [ 12.414970006139439, 41.847455001152312, 0.0 ], [ 12.415198006139363, 41.847513001152301, 0.0 ], [ 12.415344006139307, 41.847538001152273, 0.0 ], [ 12.41549000613926, 41.847559001152248, 0.0 ], [ 12.415655006139199, 41.847574001152275, 0.0 ], [ 12.41581400613914, 41.84758500115224, 0.0 ], [ 12.415994006139082, 41.84759500115225, 0.0 ], [ 12.416174006139014, 41.847601001152221, 0.0 ], [ 12.417313006138606, 41.847612001152186, 0.0 ], [ 12.417513006138538, 41.847618001152142, 0.0 ], [ 12.417707006138468, 41.847632001152157, 0.0 ], [ 12.418090006138334, 41.847672001152134, 0.0 ], [ 12.418307006138255, 41.847698001152132, 0.0 ], [ 12.418416006138218, 41.847713001152123, 0.0 ], [ 12.418524006138188, 41.847730001152115, 0.0 ], [ 12.418622006138152, 41.8477500011521, 0.0 ], [ 12.418720006138116, 41.847771001152097, 0.0 ], [ 12.418813006138093, 41.847797001152102, 0.0 ], [ 12.418906006138055, 41.847825001152067, 0.0 ], [ 12.419034006138016, 41.847871001152072, 0.0 ], [ 12.419152006137981, 41.84792500115207, 0.0 ], [ 12.419435006137899, 41.848092001152075, 0.0 ], [ 12.41949700613787, 41.848133001152036, 0.0 ], [ 12.419962006137746, 41.848469001151997, 0.0 ], [ 12.420839006137498, 41.849089001151889, 0.0 ], [ 12.421766006137247, 41.849905001151782, 0.0 ], [ 12.42192200613721, 41.850030001151765, 0.0 ], [ 12.422083006137166, 41.850142001151752, 0.0 ], [ 12.4222830061371, 41.850268001151719, 0.0 ], [ 12.422698006136983, 41.850484001151699, 0.0 ], [ 12.422866006136923, 41.850554001151686, 0.0 ], [ 12.423042006136871, 41.850619001151649, 0.0 ], [ 12.423245006136799, 41.850682001151654, 0.0 ], [ 12.423455006136731, 41.850738001151647, 0.0 ], [ 12.423964006136567, 41.850886001151601, 0.0 ], [ 12.424416006136413, 41.850989001151568, 0.0 ], [ 12.424775006136283, 41.851042001151569, 0.0 ], [ 12.425324006136092, 41.851071001151503, 0.0 ], [ 12.426490006135671, 41.851117001151479, 0.0 ], [ 12.426734006135586, 41.851112001151471, 0.0 ], [ 12.427420006135335, 41.851080001151423, 0.0 ], [ 12.427683006135243, 41.851072001151415, 0.0 ], [ 12.427972006135137, 41.851068001151404, 0.0 ], [ 12.428326006135006, 41.851070001151385, 0.0 ], [ 12.428435006134972, 41.851070001151392, 0.0 ], [ 12.429032006134749, 41.851084001151335, 0.0 ], [ 12.429133006134716, 41.851091001151332, 0.0 ], [ 12.429235006134688, 41.851100001151359, 0.0 ], [ 12.429333006134645, 41.851114001151323, 0.0 ], [ 12.429432006134615, 41.85113100115133, 0.0 ], [ 12.42972000613452, 41.851195001151311, 0.0 ], [ 12.429753006134501, 41.851203001151305, 0.0 ], [ 12.430125006134391, 41.85131400115128, 0.0 ], [ 12.43056700613424, 41.851418001151238, 0.0 ], [ 12.431480006133924, 41.851555001151176, 0.0 ], [ 12.432788006133467, 41.851709001151121, 0.0 ], [ 12.433092006133359, 41.851730001151104, 0.0 ], [ 12.434400006132893, 41.851820001151026, 0.0 ], [ 12.434486006132856, 41.851828001151034, 0.0 ], [ 12.434575006132826, 41.851840001151018, 0.0 ], [ 12.434659006132804, 41.851854001151018, 0.0 ], [ 12.43474500613277, 41.851872001151015, 0.0 ], [ 12.434834006132732, 41.851864001151007, 0.0 ], [ 12.434925006132708, 41.851860001151046, 0.0 ], [ 12.434997006132683, 41.851859001150991, 0.0 ], [ 12.435215006132607, 41.851870001150985, 0.0 ], [ 12.435195006132506, 41.85087400115107, 0.0 ], [ 12.435187006132448, 41.850372001151079, 0.0 ], [ 12.435201006132433, 41.850267001151131, 0.0 ], [ 12.435244006132399, 41.850049001151156, 0.0 ], [ 12.435136006132439, 41.850044001151154, 0.0 ], [ 12.43504800613248, 41.850194001151131, 0.0 ], [ 12.434927006132554, 41.850404001151141, 0.0 ], [ 12.434788006132626, 41.850675001151124, 0.0 ], [ 12.434780006132625, 41.850704001151094, 0.0 ], [ 12.434778006132639, 41.850732001151108, 0.0 ], [ 12.434778006132641, 41.850762001151097, 0.0 ], [ 12.434784006132642, 41.850793001151082, 0.0 ], [ 12.434828006132642, 41.850906001151088, 0.0 ], [ 12.434895006132637, 41.851074001151062, 0.0 ], [ 12.434935006132644, 41.851254001151048, 0.0 ], [ 12.434938006132645, 41.851300001151067, 0.0 ], [ 12.434936006132649, 41.851346001151065, 0.0 ], [ 12.434930006132648, 41.851385001151037, 0.0 ], [ 12.434922006132663, 41.851426001151019, 0.0 ], [ 12.434784006132752, 41.85177600115103, 0.0 ], [ 12.43474500613277, 41.851872001151015, 0.0 ], [ 12.435039006132678, 41.851963001150999, 0.0 ], [ 12.435273006132601, 41.852060001150974, 0.0 ], [ 12.435329006132571, 41.851921001150977, 0.0 ], [ 12.435348006132571, 41.851995001150982, 0.0 ], [ 12.435467006132543, 41.852131001150958, 0.0 ], [ 12.435585006132504, 41.852186001150969, 0.0 ], [ 12.435766006132445, 41.852300001150958, 0.0 ], [ 12.435954006132405, 41.852483001150915, 0.0 ], [ 12.436090006132369, 41.852682001150889, 0.0 ], [ 12.436243006132349, 41.852937001150856, 0.0 ], [ 12.436354006132323, 41.853110001150839, 0.0 ], [ 12.436462006132295, 41.853231001150846, 0.0 ], [ 12.436551006132273, 41.853314001150807, 0.0 ], [ 12.436643006132245, 41.853382001150813, 0.0 ], [ 12.436701006132235, 41.8534180011508, 0.0 ], [ 12.436761006132215, 41.853446001150793, 0.0 ], [ 12.436844006132191, 41.853476001150781, 0.0 ], [ 12.43692700613216, 41.853500001150785, 0.0 ], [ 12.437021006132129, 41.853523001150805, 0.0 ], [ 12.437116006132097, 41.853541001150752, 0.0 ], [ 12.437202006132068, 41.853551001150755, 0.0 ], [ 12.437298006132025, 41.85355700115074, 0.0 ], [ 12.437391006131996, 41.853561001150752, 0.0 ], [ 12.437951006131794, 41.853546001150718, 0.0 ], [ 12.438373006131636, 41.8535280011507, 0.0 ], [ 12.438534006131583, 41.853521001150682, 0.0 ], [ 12.438626006131544, 41.853515001150704, 0.0 ], [ 12.438719006131512, 41.853505001150701, 0.0 ], [ 12.43889000613145, 41.853473001150718, 0.0 ], [ 12.439030006131404, 41.853442001150718, 0.0 ], [ 12.439144006131343, 41.853409001150673, 0.0 ], [ 12.439251006131306, 41.853374001150662, 0.0 ], [ 12.439458006131218, 41.853292001150677, 0.0 ], [ 12.439615006131158, 41.853238001150672, 0.0 ], [ 12.4397730061311, 41.853197001150669, 0.0 ], [ 12.439912006131047, 41.853165001150671, 0.0 ], [ 12.440018006131005, 41.853148001150672, 0.0 ], [ 12.440130006130964, 41.853134001150664, 0.0 ], [ 12.440243006130917, 41.853129001150641, 0.0 ], [ 12.440334006130882, 41.853129001150684, 0.0 ], [ 12.440447006130851, 41.853133001150653, 0.0 ], [ 12.440527006130813, 41.85313900115063, 0.0 ], [ 12.440617006130788, 41.853149001150655, 0.0 ], [ 12.440717006130756, 41.853167001150659, 0.0 ], [ 12.440823006130712, 41.85318800115062, 0.0 ], [ 12.44092300613068, 41.853216001150628, 0.0 ], [ 12.44112200613062, 41.853280001150608, 0.0 ], [ 12.441426006130532, 41.853462001150575, 0.0 ], [ 12.44175000613043, 41.853695001150548, 0.0 ], [ 12.442167006130315, 41.853990001150486, 0.0 ], [ 12.442395006130242, 41.854118001150475, 0.0 ], [ 12.442892006130098, 41.854381001150443, 0.0 ], [ 12.443346006129959, 41.854617001150395, 0.0 ], [ 12.443794006129814, 41.854856001150353, 0.0 ], [ 12.444112006129725, 41.855026001150307, 0.0 ], [ 12.444879006129497, 41.855494001150262, 0.0 ], [ 12.445286006129372, 41.855726001150209, 0.0 ], [ 12.445674006129256, 41.855948001150175, 0.0 ], [ 12.445772006129225, 41.856009001150149, 0.0 ], [ 12.445810006129225, 41.856084001150165, 0.0 ], [ 12.446114006129097, 41.855975001150135, 0.0 ], [ 12.446452006128963, 41.855848001150136, 0.0 ], [ 12.446746006128846, 41.855736001150127, 0.0 ], [ 12.446652006128863, 41.855557001150167, 0.0 ], [ 12.446608006128875, 41.855540001150153, 0.0 ], [ 12.44655600612888, 41.85549100115017, 0.0 ], [ 12.446554006128883, 41.855454001150164, 0.0 ], [ 12.446159006129063, 41.855772001150171, 0.0 ], [ 12.445810006129225, 41.856084001150165, 0.0 ], [ 12.445962006129182, 41.856203001150156, 0.0 ], [ 12.44616700612913, 41.856356001150111, 0.0 ], [ 12.446417006129055, 41.856562001150095, 0.0 ], [ 12.446500006129027, 41.856638001150074, 0.0 ], [ 12.446613006129001, 41.856746001150043, 0.0 ], [ 12.446739006128977, 41.856960001150028, 0.0 ], [ 12.446856006128955, 41.857114001150009, 0.0 ], [ 12.446984006128925, 41.857256001149992, 0.0 ], [ 12.447027006128911, 41.857309001149986, 0.0 ], [ 12.44720800612887, 41.857538001150004, 0.0 ], [ 12.447346006128836, 41.857685001149946, 0.0 ], [ 12.447522006128787, 41.857881001149913, 0.0 ], [ 12.447624006128759, 41.857972001149911, 0.0 ], [ 12.447695006128749, 41.858023001149917, 0.0 ], [ 12.447788006128714, 41.858086001149893, 0.0 ], [ 12.447915006128683, 41.858147001149895, 0.0 ], [ 12.448061006128631, 41.858194001149862, 0.0 ], [ 12.4481780061286, 41.858227001149892, 0.0 ], [ 12.448350006128541, 41.858257001149852, 0.0 ], [ 12.448534006128469, 41.858292001149842, 0.0 ], [ 12.448730006128404, 41.858338001149846, 0.0 ], [ 12.44888800612835, 41.858380001149804, 0.0 ], [ 12.448976006128326, 41.858405001149805, 0.0 ], [ 12.449053006128302, 41.85843300114982, 0.0 ], [ 12.449172006128263, 41.85848500114983, 0.0 ], [ 12.449256006128238, 41.858534001149785, 0.0 ], [ 12.449338006128215, 41.858587001149807, 0.0 ], [ 12.449450006128179, 41.858665001149774, 0.0 ], [ 12.449659006128121, 41.85880000114976, 0.0 ], [ 12.449784006128088, 41.858882001149738, 0.0 ], [ 12.450096006127998, 41.859101001149739, 0.0 ], [ 12.450319006127927, 41.859258001149669, 0.0 ], [ 12.450516006127868, 41.859380001149667, 0.0 ], [ 12.450792006127791, 41.859562001149619, 0.0 ], [ 12.45098800612773, 41.859691001149642, 0.0 ], [ 12.451094006127704, 41.859779001149604, 0.0 ], [ 12.451236006127669, 41.859900001149612, 0.0 ], [ 12.451311006127648, 41.859994001149573, 0.0 ], [ 12.452326006127434, 41.86149400114941, 0.0 ], [ 12.452491006127405, 41.86173200114937, 0.0 ], [ 12.45260500612738, 41.861848001149362, 0.0 ], [ 12.452715006127349, 41.861954001149343, 0.0 ], [ 12.452954006127284, 41.862152001149347, 0.0 ], [ 12.453010006127275, 41.862204001149323, 0.0 ], [ 12.453374006127177, 41.862514001149286, 0.0 ], [ 12.45361800612711, 41.862730001149252, 0.0 ], [ 12.453873006127031, 41.862926001149219, 0.0 ], [ 12.454289006126913, 41.863218001149171, 0.0 ], [ 12.454683006126794, 41.863452001149128, 0.0 ], [ 12.455519006126544, 41.86386300114907, 0.0 ], [ 12.456128006126345, 41.864116001149029, 0.0 ], [ 12.456956006126076, 41.864386001148979, 0.0 ], [ 12.457270006125972, 41.864433001148967, 0.0 ], [ 12.457365006125926, 41.864466001148905, 0.0 ], [ 12.457756006125802, 41.864600001148915, 0.0 ], [ 12.458454006125583, 41.86491400114884, 0.0 ], [ 12.45934200612531, 41.865350001148784, 0.0 ], [ 12.459676006125209, 41.865550001148719, 0.0 ], [ 12.46001000612511, 41.865703001148717, 0.0 ], [ 12.460412006124974, 41.865867001148672, 0.0 ], [ 12.46056300612493, 41.865928001148646, 0.0 ], [ 12.460814006124853, 41.86603200114866, 0.0 ], [ 12.46111200612475, 41.866137001148623, 0.0 ], [ 12.461546006124614, 41.866312001148579, 0.0 ], [ 12.461787006124529, 41.866394001148556, 0.0 ], [ 12.461860006124514, 41.866399001148565, 0.0 ], [ 12.462023006124452, 41.86641000114853, 0.0 ], [ 12.46256900612425, 41.866394001148535, 0.0 ], [ 12.462711006124197, 41.866414001148513, 0.0 ], [ 12.46299800612411, 41.866474001148511, 0.0 ], [ 12.463083006124075, 41.866519001148482, 0.0 ], [ 12.463184006124049, 41.866607001148495, 0.0 ], [ 12.463316006124009, 41.866710001148469, 0.0 ], [ 12.463519006123949, 41.866798001148467, 0.0 ], [ 12.463643006123908, 41.866828001148463, 0.0 ], [ 12.463790006123851, 41.866816001148436, 0.0 ], [ 12.4639040061238, 41.866807001148445, 0.0 ], [ 12.464033006123763, 41.866820001148433, 0.0 ], [ 12.464108006123743, 41.866845001148441, 0.0 ], [ 12.464165006123727, 41.866882001148404, 0.0 ], [ 12.464313006123707, 41.867188001148385, 0.0 ], [ 12.464293006123684, 41.866989001148418, 0.0 ], [ 12.464260006123684, 41.866873001148399, 0.0 ], [ 12.46417600612371, 41.866775001148454, 0.0 ], [ 12.46410600612373, 41.866736001148432, 0.0 ], [ 12.464048006123745, 41.866710001148434, 0.0 ], [ 12.46391400612379, 41.866666001148459, 0.0 ], [ 12.463778006123832, 41.866614001148463, 0.0 ], [ 12.46339300612396, 41.866463001148489, 0.0 ], [ 12.463258006124001, 41.866394001148528, 0.0 ], [ 12.463140006124039, 41.866347001148505, 0.0 ], [ 12.462918006124109, 41.866296001148534, 0.0 ], [ 12.462671006124198, 41.86627900114852, 0.0 ], [ 12.46219600612438, 41.866320001148566, 0.0 ], [ 12.461952006124461, 41.866345001148566, 0.0 ], [ 12.461780006124535, 41.866315001148578, 0.0 ], [ 12.461485006124628, 41.8662080011486, 0.0 ], [ 12.46111200612475, 41.866137001148623, 0.0 ] ] } },
{ "type": "Feature", "properties": { "EntityHand": "21999", "length_m": 112.21633778126922, "coverage_pct": 28.379949347455018 }, "geometry": { "type": "LineString", "coordinates": [ [ 12.467917006122621, 41.86934800114804, 0.0 ], [ 12.467798006122718, 41.869849001148019, 0.0 ], [ 12.467740006122762, 41.870087001147986, 0.0 ] ] } },
{ "type": "Feature", "properties": { "EntityHand": "2199A", "length_m": 87.765637417985317, "coverage_pct": 55.567730540353175 }, "geometry": { "type": "LineString", "coordinates": [ [ 12.467730006122693, 41.869366001148066, 0.0 ], [ 12.46762100612273, 41.86934600114806, 0.0 ], [ 12.467159006122888, 41.869258001148097, 0.0 ], [ 12.467097006122911, 41.869222001148081, 0.0 ], [ 12.467006006122933, 41.86916300114811, 0.0 ] ] } },
{ "type": "Feature", "properties": { "EntityHand": "219A3", "length_m": 87.125979531045985, "coverage_pct": 38.449959221869982 }, "geometry": { "type": "LineString", "coordinates": [ [ 12.466940006122982, 41.869361001148086, 0.0 ], [ 12.467013006122947, 41.86930300114809, 0.0 ], [ 12.467123006122916, 41.869328001148084, 0.0 ], [ 12.467562006122758, 41.869418001148048, 0.0 ], [ 12.46755600612277, 41.869462001148051, 0.0 ], [ 12.467536006122785, 41.869493001148065, 0.0 ] ] } },
{ "type": "Feature", "properties": { "EntityHand": "219B8", "length_m": 107.09661232842973, "coverage_pct": 35.256512634751502 }, "geometry": { "type": "LineString", "coordinates": [ [ 12.470067006121026, 41.86174600114856, 0.0 ], [ 12.470532006120859, 41.861805001148518, 0.0 ], [ 12.470622006120788, 41.861446001148551, 0.0 ] ] } },
{ "type": "Feature", "properties": { "EntityHand": "219BD", "length_m": 50.526583026658017, "coverage_pct": 41.863821999379333 }, "geometry": { "type": "LineString", "coordinates": [ [ 12.463316006123446, 41.861492001148896, 0.0 ], [ 12.463545006123358, 41.861439001148874, 0.0 ], [ 12.463755006123279, 41.861408001148874, 0.0 ] ] } },
{ "type": "Feature", "properties": { "EntityHand": "219CF", "length_m": 495.51226287935589, "coverage_pct": 37.167335458675858 }, "geometry": { "type": "LineString", "coordinates": [ [ 12.468793006121794, 41.864610001148378, 0.0 ], [ 12.468805006121793, 41.864570001148401, 0.0 ], [ 12.468841006121758, 41.864401001148401, 0.0 ], [ 12.468870006121731, 41.864285001148389, 0.0 ], [ 12.468940006121681, 41.864038001148451, 0.0 ], [ 12.468992006121642, 41.863858001148436, 0.0 ], [ 12.469036006121607, 41.86370400114847, 0.0 ], [ 12.469061006121587, 41.863636001148443, 0.0 ], [ 12.469084006121571, 41.863548001148445, 0.0 ], [ 12.469223006121526, 41.863573001148453, 0.0 ], [ 12.469350006121484, 41.863593001148459, 0.0 ], [ 12.469548006121405, 41.863623001148419, 0.0 ], [ 12.469603006121392, 41.863632001148424, 0.0 ], [ 12.469692006121369, 41.863645001148427, 0.0 ], [ 12.46982900612133, 41.863670001148407, 0.0 ], [ 12.469822006121326, 41.863702001148432, 0.0 ], [ 12.469741006121392, 41.864057001148403, 0.0 ], [ 12.46971000612141, 41.86416300114837, 0.0 ], [ 12.46968200612144, 41.864264001148364, 0.0 ], [ 12.469660006121453, 41.864341001148368, 0.0 ], [ 12.469644006121463, 41.864397001148355, 0.0 ], [ 12.469554006121525, 41.864713001148353, 0.0 ], [ 12.469547006121539, 41.86473600114833, 0.0 ], [ 12.469362006121601, 41.864702001148345, 0.0 ], [ 12.469310006121617, 41.864696001148353, 0.0 ], [ 12.469252006121637, 41.864690001148368, 0.0 ], [ 12.469066006121707, 41.864654001148374, 0.0 ], [ 12.46899100612173, 41.864642001148376, 0.0 ], [ 12.468904006121763, 41.86462800114839, 0.0 ], [ 12.468793006121794, 41.864610001148378, 0.0 ] ] } },
{ "type": "Feature", "properties": { "EntityHand": "21A0A", "length_m": 565.11572322679331, "coverage_pct": 40.232799413658562 }, "geometry": { "type": "LineString", "coordinates": [ [ 12.464131006123116, 41.861154001148876, 0.0 ], [ 12.464005006123168, 41.861173001148885, 0.0 ], [ 12.463907006123206, 41.861189001148865, 0.0 ], [ 12.463783006123249, 41.861217001148894, 0.0 ], [ 12.46359800612333, 41.861279001148915, 0.0 ], [ 12.463270006123459, 41.861390001148919, 0.0 ], [ 12.463463006123385, 41.861381001148885, 0.0 ], [ 12.463545006123351, 41.861377001148874, 0.0 ], [ 12.463647006123319, 41.861386001148901, 0.0 ], [ 12.463755006123279, 41.861408001148874, 0.0 ], [ 12.463890006123247, 41.861532001148859, 0.0 ], [ 12.464194006123201, 41.862117001148789, 0.0 ], [ 12.464132006123235, 41.862202001148802, 0.0 ], [ 12.464046006123267, 41.862271001148791, 0.0 ], [ 12.463776006123377, 41.862359001148789, 0.0 ], [ 12.463621006123436, 41.862378001148784, 0.0 ], [ 12.463530006123467, 41.862371001148823, 0.0 ], [ 12.463446006123494, 41.862333001148819, 0.0 ], [ 12.463367006123509, 41.862244001148824, 0.0 ], [ 12.463288006123529, 41.862141001148878, 0.0 ], [ 12.463107006123556, 41.861771001148874, 0.0 ], [ 12.463095006123552, 41.861724001148879, 0.0 ], [ 12.463094006123553, 41.861677001148884, 0.0 ], [ 12.46309600612355, 41.861662001148879, 0.0 ], [ 12.46309900612354, 41.861648001148893, 0.0 ], [ 12.463105006123547, 41.861634001148914, 0.0 ], [ 12.463113006123539, 41.8616200011489, 0.0 ], [ 12.463123006123531, 41.861606001148878, 0.0 ], [ 12.463135006123526, 41.861592001148878, 0.0 ], [ 12.463150006123518, 41.861579001148904, 0.0 ], [ 12.463167006123513, 41.861567001148899, 0.0 ], [ 12.463201006123494, 41.861545001148883, 0.0 ], [ 12.463239006123477, 41.861525001148884, 0.0 ], [ 12.46327600612347, 41.861508001148884, 0.0 ], [ 12.463316006123446, 41.861492001148896, 0.0 ], [ 12.463463006123385, 41.861381001148885, 0.0 ], [ 12.46359800612333, 41.861279001148915, 0.0 ] ] } },
{ "type": "Feature", "properties": { "EntityHand": "21A0B", "length_m": 803.77360554604343, "coverage_pct": 76.800571975858574 }, "geometry": { "type": "LineString", "coordinates": [ [ 12.454028006124743, 41.842143001150909, 0.0 ], [ 12.454023006124725, 41.841969001150929, 0.0 ], [ 12.453998006124698, 41.841637001150929, 0.0 ], [ 12.45392500612466, 41.841026001151, 0.0 ], [ 12.453863006124644, 41.840705001151022, 0.0 ], [ 12.453774006124648, 41.840436001151062, 0.0 ], [ 12.453634006124663, 41.840128001151086, 0.0 ], [ 12.453469006124697, 41.839851001151132, 0.0 ], [ 12.45325300612474, 41.839520001151143, 0.0 ], [ 12.453129006124762, 41.839326001151186, 0.0 ], [ 12.452988006124794, 41.839145001151195, 0.0 ], [ 12.452830006124833, 41.838986001151234, 0.0 ], [ 12.4526070061249, 41.838814001151256, 0.0 ], [ 12.452314006124984, 41.838606001151291, 0.0 ], [ 12.452089006125043, 41.838417001151306, 0.0 ], [ 12.4518910061251, 41.838303001151338, 0.0 ], [ 12.451609006125189, 41.838141001151371, 0.0 ], [ 12.450861006125415, 41.837731001151404, 0.0 ], [ 12.450768006125445, 41.837655001151404, 0.0 ] ] } },
{ "type": "Feature", "properties": { "EntityHand": "21A29", "length_m": 117.48847274067276, "coverage_pct": 42.211051031759673 }, "geometry": { "type": "LineString", "coordinates": [ [ 12.469571006121148, 41.861228001148653, 0.0 ], [ 12.469443006121248, 41.861655001148605, 0.0 ], [ 12.469900006121078, 41.861730001148565, 0.0 ] ] } },
{ "type": "Feature", "properties": { "EntityHand": "21A35", "length_m": 208.29491512091585, "coverage_pct": 20.694247969499248 }, "geometry": { "type": "LineString", "coordinates": [ [ 12.467159006122888, 41.869258001148097, 0.0 ], [ 12.467123006122916, 41.869328001148084, 0.0 ], [ 12.46710300612293, 41.869426001148049, 0.0 ], [ 12.46708100612295, 41.869515001148073, 0.0 ], [ 12.466973006123036, 41.869940001148052, 0.0 ], [ 12.466952006123039, 41.870007001148032, 0.0 ], [ 12.466936006123062, 41.870073001148029, 0.0 ], [ 12.466801006123154, 41.870493001147999, 0.0 ], [ 12.466767006123177, 41.870619001147972, 0.0 ] ] } },
{ "type": "Feature", "properties": { "EntityHand": "21A3C", "length_m": 776.28597665507266, "coverage_pct": 51.463899462466699 }, "geometry": { "type": "LineString", "coordinates": [ [ 12.452586006125065, 41.840269001151114, 0.0 ], [ 12.452738006125022, 41.840438001151092, 0.0 ], [ 12.452988006124956, 41.840644001151048, 0.0 ], [ 12.453197006124906, 41.840845001151038, 0.0 ], [ 12.453444006124844, 41.841156001150992, 0.0 ], [ 12.453612006124812, 41.841438001150976, 0.0 ], [ 12.454028006124743, 41.842143001150909, 0.0 ], [ 12.454145006124721, 41.842332001150879, 0.0 ], [ 12.454298006124674, 41.842418001150861, 0.0 ], [ 12.454480006124607, 41.842442001150872, 0.0 ], [ 12.45461600612456, 41.842472001150846, 0.0 ], [ 12.4548100061245, 41.842534001150831, 0.0 ], [ 12.455022006124434, 41.84264800115082, 0.0 ], [ 12.455113006124414, 41.8427490011508, 0.0 ], [ 12.455152006124397, 41.842807001150796, 0.0 ], [ 12.455252006124379, 41.842894001150768, 0.0 ], [ 12.45568400612431, 41.84376900115069, 0.0 ], [ 12.455850006124287, 41.84409300115064, 0.0 ], [ 12.455991006124266, 41.844365001150635, 0.0 ], [ 12.456089006124254, 41.844553001150594, 0.0 ] ] } },
{ "type": "Feature", "properties": { "EntityHand": "21A53", "length_m": 236.21331008744454, "coverage_pct": 37.484690779043788 }, "geometry": { "type": "LineString", "coordinates": [ [ 12.466572006123249, 41.870624001147981, 0.0 ], [ 12.466626006123207, 41.87042000114802, 0.0 ], [ 12.466769006123114, 41.869978001148056, 0.0 ], [ 12.46679300612309, 41.869908001148048, 0.0 ], [ 12.466906006123006, 41.86948600114809, 0.0 ], [ 12.466940006122982, 41.869361001148086, 0.0 ], [ 12.467006006122933, 41.86916300114811, 0.0 ], [ 12.466979006122941, 41.869082001148115, 0.0 ] ] } },
{ "type": "Feature", "properties": { "EntityHand": "21A72", "length_m": 1036.4569438909912, "coverage_pct": 74.069812942305106 }, "geometry": { "type": "LineString", "coordinates": [ [ 12.395059006143802, 41.821459001155361, 0.0 ], [ 12.394527006144001, 41.821539001155394, 0.0 ], [ 12.394453006144024, 41.821546001155369, 0.0 ], [ 12.393971006144209, 41.821646001155379, 0.0 ], [ 12.393753006144296, 41.821707001155403, 0.0 ], [ 12.393566006144376, 41.821792001155394, 0.0 ], [ 12.393409006144438, 41.821884001155375, 0.0 ], [ 12.392832006144682, 41.82225000115541, 0.0 ], [ 12.392568006144803, 41.822429001155385, 0.0 ], [ 12.392242006144933, 41.822603001155379, 0.0 ], [ 12.391992006145028, 41.822688001155392, 0.0 ], [ 12.39173100614514, 41.822767001155391, 0.0 ], [ 12.391405006145257, 41.822840001155413, 0.0 ], [ 12.391192006145328, 41.822851001155414, 0.0 ], [ 12.390998006145409, 41.822857001155413, 0.0 ], [ 12.39069900614551, 41.822838001155425, 0.0 ], [ 12.390436006145604, 41.822804001155461, 0.0 ], [ 12.390138006145696, 41.822740001155488, 0.0 ], [ 12.390014006145742, 41.822719001155512, 0.0 ], [ 12.3898450061458, 41.822705001155477, 0.0 ], [ 12.38970300614586, 41.822713001155492, 0.0 ], [ 12.389404006145968, 41.822766001155507, 0.0 ], [ 12.388726006146229, 41.822933001155512, 0.0 ], [ 12.388417006146348, 41.822995001155554, 0.0 ], [ 12.387921006146527, 41.823080001155553, 0.0 ], [ 12.387261006146781, 41.823173001155553, 0.0 ], [ 12.386600006147024, 41.823253001155614, 0.0 ], [ 12.386389006147107, 41.823273001155613, 0.0 ] ] } },
{ "type": "Feature", "properties": { "EntityHand": "21A84", "length_m": 13752.806950399556, "coverage_pct": 60.162127170323075 }, "geometry": { "type": "LineString", "coordinates": [ [ 12.421539006141458, 41.888212001148673, 0.0 ], [ 12.421686006141423, 41.888367001148687, 0.0 ], [ 12.421822006141388, 41.888500001148664, 0.0 ], [ 12.421398006141544, 41.888471001148673, 0.0 ], [ 12.421435006141525, 41.88846200114866, 0.0 ], [ 12.421466006141513, 41.888449001148658, 0.0 ], [ 12.421501006141494, 41.888426001148666, 0.0 ], [ 12.421524006141487, 41.888408001148669, 0.0 ], [ 12.421542006141481, 41.888388001148691, 0.0 ], [ 12.421555006141475, 41.888369001148675, 0.0 ], [ 12.421566006141468, 41.888348001148664, 0.0 ], [ 12.421572006141458, 41.888324001148654, 0.0 ], [ 12.421573006141456, 41.888299001148674, 0.0 ], [ 12.421570006141456, 41.888282001148688, 0.0 ], [ 12.421565006141456, 41.888266001148693, 0.0 ], [ 12.421555006141459, 41.888242001148662, 0.0 ], [ 12.421539006141458, 41.888212001148673, 0.0 ], [ 12.42144100614148, 41.888085001148696, 0.0 ], [ 12.421428006141481, 41.888057001148709, 0.0 ], [ 12.421419006141482, 41.888030001148721, 0.0 ], [ 12.421416006141488, 41.888003001148718, 0.0 ], [ 12.421418006141487, 41.887976001148722, 0.0 ], [ 12.421443006141457, 41.88784900114873, 0.0 ], [ 12.42162200614132, 41.887110001148756, 0.0 ], [ 12.421884006141102, 41.886066001148812, 0.0 ], [ 12.42061900614142, 41.884738001149003, 0.0 ], [ 12.420001006141574, 41.88412600114907, 0.0 ], [ 12.419689006141661, 41.883844001149129, 0.0 ], [ 12.419559006141691, 41.88372300114915, 0.0 ], [ 12.418937006141855, 41.883159001149217, 0.0 ], [ 12.418767006141902, 41.883004001149231, 0.0 ], [ 12.418649006141935, 41.882868001149241, 0.0 ], [ 12.418595006141935, 41.882795001149255, 0.0 ], [ 12.418557006141944, 41.882732001149286, 0.0 ], [ 12.418413006141968, 41.882496001149299, 0.0 ], [ 12.418325006141982, 41.882333001149306, 0.0 ], [ 12.418015006142033, 41.881738001149358, 0.0 ], [ 12.417972006142042, 41.881663001149384, 0.0 ], [ 12.417930006142061, 41.881598001149392, 0.0 ], [ 12.417815006142074, 41.881437001149401, 0.0 ], [ 12.417621006142115, 41.881208001149425, 0.0 ], [ 12.417406006142164, 41.880954001149476, 0.0 ], [ 12.417186006142215, 41.880671001149501, 0.0 ], [ 12.417145006142228, 41.880603001149524, 0.0 ], [ 12.41709000614223, 41.88049200114952, 0.0 ], [ 12.416880006142252, 41.879956001149566, 0.0 ], [ 12.416806006142263, 41.87979100114957, 0.0 ], [ 12.416540006142302, 41.879263001149674, 0.0 ], [ 12.416326006142329, 41.878827001149681, 0.0 ], [ 12.416134006142363, 41.878469001149718, 0.0 ], [ 12.415816006142414, 41.877872001149804, 0.0 ], [ 12.415487006142468, 41.87733300114985, 0.0 ], [ 12.414861006142599, 41.876419001149955, 0.0 ], [ 12.414165006142744, 41.875446001150074, 0.0 ], [ 12.413970006142785, 41.875150001150104, 0.0 ], [ 12.413664006142847, 41.87471000115017, 0.0 ], [ 12.413048006142972, 41.873884001150245, 0.0 ], [ 12.413000006142987, 41.873828001150272, 0.0 ], [ 12.412937006142998, 41.87373600115027, 0.0 ], [ 12.412850006143019, 41.873585001150268, 0.0 ], [ 12.412729006143042, 41.873406001150322, 0.0 ], [ 12.412706006143045, 41.873358001150308, 0.0 ], [ 12.412690006143045, 41.87331200115031, 0.0 ], [ 12.412686006143037, 41.873255001150298, 0.0 ], [ 12.412687006143035, 41.873199001150311, 0.0 ], [ 12.412780006142945, 41.872710001150359, 0.0 ], [ 12.412873006142869, 41.872311001150386, 0.0 ], [ 12.412916006142812, 41.871930001150432, 0.0 ], [ 12.412748006142818, 41.871483001150438, 0.0 ], [ 12.412609006142839, 41.87116500115048, 0.0 ], [ 12.41254000614285, 41.871002001150508, 0.0 ], [ 12.412491006142849, 41.870846001150532, 0.0 ], [ 12.412474006142856, 41.87077700115055, 0.0 ], [ 12.412449006142841, 41.870656001150522, 0.0 ], [ 12.412403006142812, 41.870188001150574, 0.0 ], [ 12.412388006142775, 41.869868001150628, 0.0 ], [ 12.412328006142749, 41.869352001150645, 0.0 ], [ 12.412241006142741, 41.868965001150691, 0.0 ], [ 12.412126006142724, 41.868460001150744, 0.0 ], [ 12.412091006142726, 41.868330001150731, 0.0 ], [ 12.41202400614271, 41.867998001150774, 0.0 ], [ 12.41187100614273, 41.867705001150824, 0.0 ], [ 12.411743006142757, 41.86747700115081, 0.0 ], [ 12.411708006142758, 41.867424001150845, 0.0 ], [ 12.411666006142772, 41.867378001150847, 0.0 ], [ 12.411589006142783, 41.867302001150861, 0.0 ], [ 12.41127000614288, 41.867011001150914, 0.0 ], [ 12.410904006142983, 41.866724001150921, 0.0 ], [ 12.409970006143238, 41.866046001151034, 0.0 ], [ 12.409873006143268, 41.865986001151043, 0.0 ], [ 12.409783006143297, 41.865936001151042, 0.0 ], [ 12.409558006143362, 41.865810001151083, 0.0 ], [ 12.409220006143464, 41.865586001151094, 0.0 ], [ 12.408931006143533, 41.865315001151131, 0.0 ], [ 12.408503006143642, 41.86487200115117, 0.0 ], [ 12.408240006143711, 41.864657001151237, 0.0 ], [ 12.408173006143729, 41.864607001151221, 0.0 ], [ 12.408106006143758, 41.864560001151276, 0.0 ], [ 12.407942006143795, 41.864460001151244, 0.0 ], [ 12.407686006143878, 41.864317001151271, 0.0 ], [ 12.406890006144115, 41.863872001151343, 0.0 ], [ 12.405785006144448, 41.863273001151441, 0.0 ], [ 12.405375006144569, 41.862983001151484, 0.0 ], [ 12.405002006144667, 41.86268000115151, 0.0 ], [ 12.4044530061448, 41.862133001151598, 0.0 ], [ 12.40382800614495, 41.861401001151698, 0.0 ], [ 12.403228006145081, 41.860656001151789, 0.0 ], [ 12.402963006145141, 41.860272001151827, 0.0 ], [ 12.402600006145196, 41.859653001151898, 0.0 ], [ 12.402450006145234, 41.859400001151933, 0.0 ], [ 12.402301006145267, 41.859242001151934, 0.0 ], [ 12.402068006145333, 41.859114001151958, 0.0 ], [ 12.40179400614543, 41.859022001152013, 0.0 ], [ 12.400508006145865, 41.85876800115205, 0.0 ], [ 12.400129006145978, 41.858672001152087, 0.0 ], [ 12.399831006146085, 41.858580001152134, 0.0 ], [ 12.399016006146345, 41.858278001152179, 0.0 ], [ 12.398688006146443, 41.858146001152193, 0.0 ], [ 12.398429006146523, 41.858005001152236, 0.0 ], [ 12.398003006146656, 41.857755001152256, 0.0 ], [ 12.397612006146767, 41.857515001152287, 0.0 ], [ 12.39740600614684, 41.85745100115232, 0.0 ], [ 12.397095006146944, 41.857432001152347, 0.0 ], [ 12.396803006147049, 41.857464001152358, 0.0 ], [ 12.396590006147129, 41.857492001152345, 0.0 ], [ 12.396425006147195, 41.857509001152359, 0.0 ], [ 12.396316006147224, 41.857497001152382, 0.0 ], [ 12.396196006147269, 41.857470001152372, 0.0 ], [ 12.396058006147312, 41.857396001152395, 0.0 ], [ 12.395482006147464, 41.856932001152458, 0.0 ], [ 12.395312006147515, 41.856806001152464, 0.0 ], [ 12.395092006147584, 41.856686001152475, 0.0 ], [ 12.39496800614762, 41.856625001152501, 0.0 ], [ 12.394468006147777, 41.856436001152524, 0.0 ], [ 12.394138006147886, 41.856312001152581, 0.0 ], [ 12.393214006148179, 41.855962001152641, 0.0 ], [ 12.39316700614819, 41.855944001152608, 0.0 ], [ 12.39270900614834, 41.855771001152675, 0.0 ], [ 12.390916006148906, 41.855030001152819, 0.0 ], [ 12.39017600614914, 41.854738001152889, 0.0 ], [ 12.389835006149244, 41.854644001152913, 0.0 ], [ 12.389785006149264, 41.854636001152919, 0.0 ], [ 12.389730006149282, 41.854631001152882, 0.0 ], [ 12.389676006149305, 41.854629001152894, 0.0 ], [ 12.389622006149327, 41.854631001152924, 0.0 ], [ 12.389574006149337, 41.854635001152936, 0.0 ], [ 12.389525006149359, 41.854643001152944, 0.0 ], [ 12.389478006149378, 41.854652001152942, 0.0 ], [ 12.389432006149397, 41.854666001152914, 0.0 ], [ 12.389391006149411, 41.854680001152921, 0.0 ], [ 12.389362006149421, 41.854692001152927, 0.0 ], [ 12.389332006149431, 41.854708001152908, 0.0 ], [ 12.389268006149461, 41.854749001152925, 0.0 ], [ 12.388895006149632, 41.855068001152901, 0.0 ], [ 12.388805006149672, 41.85512300115294, 0.0 ], [ 12.388710006149712, 41.855169001152902, 0.0 ], [ 12.388648006149737, 41.855192001152894, 0.0 ], [ 12.388578006149764, 41.855211001152924, 0.0 ], [ 12.388504006149786, 41.855224001152919, 0.0 ], [ 12.388426006149823, 41.85523000115294, 0.0 ], [ 12.388345006149848, 41.855232001152935, 0.0 ], [ 12.388260006149871, 41.855226001152921, 0.0 ], [ 12.3881800061499, 41.855210001152933, 0.0 ], [ 12.388108006149928, 41.855185001152947, 0.0 ], [ 12.388063006149938, 41.855164001152964, 0.0 ], [ 12.388023006149957, 41.855139001152956, 0.0 ], [ 12.387985006149961, 41.855111001152963, 0.0 ], [ 12.387949006149968, 41.855080001152942, 0.0 ], [ 12.387728006150017, 41.854795001152972, 0.0 ], [ 12.387688006150034, 41.854741001153002, 0.0 ], [ 12.387675006150037, 41.854727001152987, 0.0 ], [ 12.387660006150037, 41.854714001152999, 0.0 ], [ 12.387641006150041, 41.854699001153016, 0.0 ], [ 12.387604006150045, 41.854673001152996, 0.0 ], [ 12.387127006150187, 41.854332001153068, 0.0 ], [ 12.38692400615024, 41.854174001153091, 0.0 ], [ 12.386817006150268, 41.854054001153074, 0.0 ], [ 12.386606006150306, 41.853692001153142, 0.0 ], [ 12.386489006150322, 41.853518001153155, 0.0 ], [ 12.386333006150373, 41.853416001153171, 0.0 ], [ 12.386207006150405, 41.853379001153172, 0.0 ], [ 12.385990006150488, 41.853363001153198, 0.0 ], [ 12.385778006150566, 41.853398001153195, 0.0 ], [ 12.384939006150885, 41.853522001153223, 0.0 ], [ 12.384810006150934, 41.853544001153239, 0.0 ], [ 12.383972006151248, 41.853691001153244, 0.0 ], [ 12.383620006151379, 41.853747001153259, 0.0 ], [ 12.383518006151416, 41.853757001153269, 0.0 ], [ 12.383417006151451, 41.853762001153285, 0.0 ], [ 12.383330006151482, 41.853764001153287, 0.0 ], [ 12.383214006151524, 41.853760001153283, 0.0 ], [ 12.383148006151549, 41.85375200115331, 0.0 ], [ 12.38308200615157, 41.853742001153293, 0.0 ], [ 12.382937006151622, 41.8537140011533, 0.0 ], [ 12.382793006151669, 41.853682001153309, 0.0 ], [ 12.381940006151943, 41.853389001153381, 0.0 ], [ 12.381386006152118, 41.853189001153432, 0.0 ], [ 12.381102006152208, 41.853079001153446, 0.0 ], [ 12.380821006152296, 41.852961001153481, 0.0 ], [ 12.380623006152355, 41.852859001153504, 0.0 ], [ 12.380343006152437, 41.852701001153527, 0.0 ], [ 12.379770006152617, 41.852399001153564, 0.0 ], [ 12.379700006152639, 41.852365001153579, 0.0 ], [ 12.379622006152664, 41.85233600115356, 0.0 ], [ 12.37921400615279, 41.85218900115359, 0.0 ], [ 12.378779006152941, 41.852079001153662, 0.0 ], [ 12.37836700615307, 41.85197400115365, 0.0 ], [ 12.377723006153284, 41.8518220011537, 0.0 ], [ 12.377103006153501, 41.851767001153725, 0.0 ], [ 12.376696006153647, 41.851758001153755, 0.0 ], [ 12.375990006153897, 41.851752001153791, 0.0 ], [ 12.37422500615453, 41.851783001153862, 0.0 ], [ 12.373938006154638, 41.851770001153902, 0.0 ], [ 12.373613006154738, 41.851730001153896, 0.0 ], [ 12.372951006154961, 41.851547001153946, 0.0 ], [ 12.372443006155127, 41.851386001153962, 0.0 ], [ 12.371877006155305, 41.851208001154042, 0.0 ], [ 12.370848006155642, 41.850879001154084, 0.0 ], [ 12.370743006155674, 41.850836001154114, 0.0 ], [ 12.370583006155718, 41.850762001154116, 0.0 ], [ 12.370280006155811, 41.850614001154163, 0.0 ], [ 12.369455006156059, 41.850192001154227, 0.0 ], [ 12.368688006156322, 41.849994001154272, 0.0 ], [ 12.367867006156587, 41.849775001154327, 0.0 ], [ 12.367524006156694, 41.849696001154342, 0.0 ], [ 12.367510006156705, 41.849693001154364, 0.0 ], [ 12.367309006156781, 41.849655001154382, 0.0 ], [ 12.367172006156817, 41.849629001154383, 0.0 ], [ 12.366410006157075, 41.849495001154416, 0.0 ], [ 12.365754006157294, 41.849331001154475, 0.0 ], [ 12.364689006157636, 41.848998001154548, 0.0 ], [ 12.363889006157898, 41.848745001154619, 0.0 ], [ 12.363342006158073, 41.84858900115465, 0.0 ], [ 12.362970006158189, 41.848460001154656, 0.0 ], [ 12.362550006158319, 41.848270001154688, 0.0 ], [ 12.362053006158467, 41.847960001154753, 0.0 ], [ 12.361673006158572, 41.847723001154783, 0.0 ], [ 12.361441006158634, 41.847574001154818, 0.0 ], [ 12.361207006158713, 41.847419001154854, 0.0 ], [ 12.360939006158778, 41.847177001154876, 0.0 ], [ 12.360696006158841, 41.846894001154908, 0.0 ], [ 12.360287006158936, 41.846481001154942, 0.0 ], [ 12.360099006158981, 41.84626500115499, 0.0 ], [ 12.359841006159037, 41.845929001155042, 0.0 ], [ 12.359741006159062, 41.845835001155052, 0.0 ], [ 12.359634006159094, 41.845754001155058, 0.0 ], [ 12.359451006159144, 41.845640001155068, 0.0 ], [ 12.359190006159222, 41.845522001155103, 0.0 ], [ 12.358668006159389, 41.84530600115513, 0.0 ], [ 12.358017006159592, 41.845037001155198, 0.0 ], [ 12.357842006159643, 41.844982001155202, 0.0 ], [ 12.357672006159703, 41.844928001155225, 0.0 ], [ 12.357485006159759, 41.844868001155248, 0.0 ], [ 12.356522006160079, 41.844622001155301, 0.0 ], [ 12.355588006160383, 41.844380001155344, 0.0 ], [ 12.35526000616049, 41.844312001155366, 0.0 ], [ 12.354856006160635, 41.844270001155408, 0.0 ], [ 12.354276006160836, 41.844254001155399, 0.0 ], [ 12.353816006161013, 41.844294001155454, 0.0 ], [ 12.353297006161201, 41.844356001155461, 0.0 ], [ 12.352889006161357, 41.844461001155473, 0.0 ], [ 12.352337006161566, 41.844633001155465, 0.0 ], [ 12.351094006162054, 41.845037001155511, 0.0 ], [ 12.349839006162545, 41.845421001155557, 0.0 ], [ 12.34972500616259, 41.84546200115556, 0.0 ], [ 12.349448006162694, 41.845565001155542, 0.0 ], [ 12.349067006162846, 41.845706001155541, 0.0 ], [ 12.348691006163, 41.845845001155553, 0.0 ], [ 12.348251006163169, 41.846008001155575, 0.0 ], [ 12.347348006163532, 41.846348001155583, 0.0 ], [ 12.346852006163724, 41.846520001155575, 0.0 ], [ 12.346220006163966, 41.846695001155616, 0.0 ], [ 12.345706006164162, 41.846792001155627, 0.0 ], [ 12.345398006164274, 41.846794001155651, 0.0 ], [ 12.344691006164513, 41.846763001155672, 0.0 ], [ 12.344491006164588, 41.846750001155698, 0.0 ], [ 12.344283006164666, 41.846728001155704, 0.0 ], [ 12.344011006164743, 41.846633001155745, 0.0 ], [ 12.343800006164813, 41.84652800115574, 0.0 ], [ 12.343614006164865, 41.846401001155762, 0.0 ], [ 12.343402006164924, 41.846205001155774, 0.0 ], [ 12.343230006164953, 41.84598500115581, 0.0 ], [ 12.343096006164988, 41.845792001155829, 0.0 ], [ 12.342934006165018, 41.845577001155839, 0.0 ], [ 12.342777006165058, 41.845446001155885, 0.0 ], [ 12.342584006165115, 41.845314001155906, 0.0 ], [ 12.34180200616535, 41.844896001155981, 0.0 ], [ 12.341467006165443, 41.844670001156011, 0.0 ], [ 12.341106006165541, 41.844398001156037, 0.0 ], [ 12.340512006165687, 41.843830001156135, 0.0 ], [ 12.339894006165839, 41.843187001156181, 0.0 ], [ 12.339670006165901, 41.843015001156246, 0.0 ], [ 12.339231006166036, 41.84282700115628, 0.0 ], [ 12.338655006166224, 41.842700001156288, 0.0 ], [ 12.338018006166443, 41.84260200115633, 0.0 ], [ 12.336928006166833, 41.842626001156397, 0.0 ], [ 12.335799006167239, 41.842669001156438, 0.0 ], [ 12.335588006167313, 41.842697001156409, 0.0 ], [ 12.33548000616736, 41.842738001156448, 0.0 ] ] } },
{ "type": "Feature", "properties": { "EntityHand": "21A97", "length_m": 28388.124377203418, "coverage_pct": 22.929586578490852 }, "geometry": { "type": "LineString", "coordinates": [ [ 12.304521006191433, 41.963922001148035, 0.0 ], [ 12.305040006191266, 41.964084001148045, 0.0 ], [ 12.305403006191158, 41.964206001148014, 0.0 ], [ 12.305494006191127, 41.964236001147988, 0.0 ], [ 12.305648006191076, 41.964266001147976, 0.0 ], [ 12.305824006191012, 41.964280001147984, 0.0 ], [ 12.306253006190866, 41.964280001147962, 0.0 ], [ 12.306852006190647, 41.964268001147943, 0.0 ], [ 12.307316006190485, 41.964244001147932, 0.0 ], [ 12.307383006190458, 41.964237001147893, 0.0 ], [ 12.307463006190426, 41.964223001147928, 0.0 ], [ 12.307519006190411, 41.964208001147895, 0.0 ], [ 12.307625006190364, 41.96415600114792, 0.0 ], [ 12.307702006190334, 41.964097001147913, 0.0 ], [ 12.3077640061903, 41.964026001147914, 0.0 ], [ 12.30782100619027, 41.963902001147936, 0.0 ], [ 12.307893006190225, 41.963747001147922, 0.0 ], [ 12.307868006190217, 41.963613001147955, 0.0 ], [ 12.307717006190252, 41.963426001147987, 0.0 ], [ 12.307144006190361, 41.962580001148062, 0.0 ], [ 12.30702900619039, 41.962410001148086, 0.0 ], [ 12.306978006190388, 41.962267001148106, 0.0 ], [ 12.306986006190378, 41.962128001148123, 0.0 ], [ 12.307051006190337, 41.961990001148131, 0.0 ], [ 12.307182006190278, 41.961888001148118, 0.0 ], [ 12.307317006190212, 41.961818001148103, 0.0 ], [ 12.307444006190169, 41.9617740011481, 0.0 ], [ 12.307629006190094, 41.961731001148109, 0.0 ], [ 12.308179006189903, 41.961692001148073, 0.0 ], [ 12.308737006189702, 41.961660001148083, 0.0 ], [ 12.30922500618953, 41.961664001148023, 0.0 ], [ 12.309739006189353, 41.961678001148016, 0.0 ], [ 12.310252006189172, 41.96172300114798, 0.0 ], [ 12.310884006188957, 41.961779001147967, 0.0 ], [ 12.311529006188739, 41.96184000114792, 0.0 ], [ 12.31191400618861, 41.961936001147897, 0.0 ], [ 12.312153006188538, 41.962030001147859, 0.0 ], [ 12.312736006188365, 41.962347001147812, 0.0 ], [ 12.313352006188181, 41.962707001147756, 0.0 ], [ 12.313552006188136, 41.962834001147755, 0.0 ], [ 12.31368500618809, 41.962946001147735, 0.0 ], [ 12.313822006188062, 41.963081001147692, 0.0 ], [ 12.313857006188051, 41.963108001147667, 0.0 ], [ 12.313889006188045, 41.963129001147706, 0.0 ], [ 12.313923006188025, 41.963149001147698, 0.0 ], [ 12.313962006188019, 41.963165001147694, 0.0 ], [ 12.313994006188004, 41.963175001147683, 0.0 ], [ 12.314032006187988, 41.96317900114768, 0.0 ], [ 12.314071006187985, 41.963180001147677, 0.0 ], [ 12.314094006187977, 41.963177001147706, 0.0 ], [ 12.314121006187959, 41.963172001147669, 0.0 ], [ 12.314160006187944, 41.963155001147683, 0.0 ], [ 12.314185006187932, 41.963140001147686, 0.0 ], [ 12.314207006187925, 41.963119001147682, 0.0 ], [ 12.314224006187915, 41.963097001147652, 0.0 ], [ 12.314236006187908, 41.963075001147672, 0.0 ], [ 12.314245006187909, 41.963044001147686, 0.0 ], [ 12.314265006187881, 41.962929001147685, 0.0 ], [ 12.314284006187854, 41.962725001147703, 0.0 ], [ 12.314298006187833, 41.962569001147727, 0.0 ], [ 12.314321006187786, 41.962250001147737, 0.0 ], [ 12.314360006187748, 41.962031001147757, 0.0 ], [ 12.314373006187743, 41.961956001147776, 0.0 ], [ 12.314414006187686, 41.961604001147805, 0.0 ], [ 12.314396006187652, 41.961216001147818, 0.0 ], [ 12.314272006187627, 41.960617001147902, 0.0 ], [ 12.314158006187643, 41.960402001147905, 0.0 ], [ 12.314014006187678, 41.960227001147928, 0.0 ], [ 12.313516006187806, 41.959788001147992, 0.0 ], [ 12.313444006187824, 41.959696001147975, 0.0 ], [ 12.313320006187826, 41.959374001148028, 0.0 ], [ 12.313257006187829, 41.959087001148042, 0.0 ], [ 12.313167006187806, 41.958656001148093, 0.0 ], [ 12.312969006187783, 41.957789001148164, 0.0 ], [ 12.312911006187758, 41.957352001148216, 0.0 ], [ 12.312861006187724, 41.956870001148268, 0.0 ], [ 12.312870006187655, 41.956295001148298, 0.0 ], [ 12.312857006187635, 41.956034001148325, 0.0 ], [ 12.31283800618762, 41.955857001148345, 0.0 ], [ 12.312783006187605, 41.955512001148357, 0.0 ], [ 12.312713006187597, 41.9552330011484, 0.0 ], [ 12.312689006187595, 41.955122001148403, 0.0 ], [ 12.312676006187587, 41.955011001148428, 0.0 ], [ 12.312648006187535, 41.954439001148458, 0.0 ], [ 12.312681006187484, 41.954057001148499, 0.0 ], [ 12.312750006187438, 41.953861001148489, 0.0 ], [ 12.312942006187326, 41.953481001148518, 0.0 ], [ 12.313018006187281, 41.953327001148551, 0.0 ], [ 12.31306100618726, 41.953207001148513, 0.0 ], [ 12.313078006187236, 41.953145001148513, 0.0 ], [ 12.313088006187234, 41.953079001148566, 0.0 ], [ 12.313103006187207, 41.952963001148554, 0.0 ], [ 12.313106006187203, 41.952847001148562, 0.0 ], [ 12.313099006187182, 41.952690001148589, 0.0 ], [ 12.313089006187173, 41.9525450011486, 0.0 ], [ 12.313077006187163, 41.952443001148616, 0.0 ], [ 12.31306200618716, 41.952353001148623, 0.0 ], [ 12.313037006187161, 41.952257001148624, 0.0 ], [ 12.313025006187157, 41.95222300114861, 0.0 ], [ 12.313011006187166, 41.95218700114863, 0.0 ], [ 12.312997006187167, 41.952158001148618, 0.0 ], [ 12.312982006187161, 41.952127001148632, 0.0 ], [ 12.312958006187163, 41.952058001148629, 0.0 ], [ 12.312943006187167, 41.952005001148656, 0.0 ], [ 12.312938006187169, 41.951974001148642, 0.0 ], [ 12.312938006187158, 41.951945001148651, 0.0 ], [ 12.312942006187154, 41.951902001148632, 0.0 ], [ 12.31295400618715, 41.951864001148657, 0.0 ], [ 12.312965006187136, 41.951840001148646, 0.0 ], [ 12.31298000618713, 41.951813001148672, 0.0 ], [ 12.312999006187123, 41.951785001148664, 0.0 ], [ 12.313022006187111, 41.951754001148672, 0.0 ], [ 12.313098006187072, 41.951649001148674, 0.0 ], [ 12.313352006186948, 41.951347001148683, 0.0 ], [ 12.313469006186885, 41.951193001148688, 0.0 ], [ 12.313553006186853, 41.951081001148722, 0.0 ], [ 12.31387000618669, 41.9506620011487, 0.0 ], [ 12.313993006186637, 41.950495001148745, 0.0 ], [ 12.314172006186553, 41.950294001148734, 0.0 ], [ 12.31469800618631, 41.949774001148732, 0.0 ], [ 12.314886006186214, 41.949531001148749, 0.0 ], [ 12.314979006186165, 41.949402001148755, 0.0 ], [ 12.315050006186123, 41.949288001148744, 0.0 ], [ 12.315085006186107, 41.949222001148783, 0.0 ], [ 12.315127006186083, 41.949123001148756, 0.0 ], [ 12.315465006185823, 41.947900001148874, 0.0 ], [ 12.315532006185785, 41.947740001148858, 0.0 ], [ 12.315595006185754, 41.947620001148898, 0.0 ], [ 12.315658006185718, 41.947516001148863, 0.0 ], [ 12.315731006185679, 41.947416001148888, 0.0 ], [ 12.315880006185603, 41.947214001148893, 0.0 ], [ 12.316073006185514, 41.946971001148917, 0.0 ], [ 12.316097006185501, 41.946939001148898, 0.0 ], [ 12.316243006185424, 41.946713001148922, 0.0 ], [ 12.316366006185357, 41.946455001148934, 0.0 ], [ 12.316508006185282, 41.946186001148938, 0.0 ], [ 12.316675006185186, 41.945932001148975, 0.0 ], [ 12.316732006185159, 41.945833001148976, 0.0 ], [ 12.316870006185077, 41.94555200114899, 0.0 ], [ 12.316921006185037, 41.945372001148982, 0.0 ], [ 12.316980006184973, 41.945028001148998, 0.0 ], [ 12.317032006184929, 41.944788001149014, 0.0 ], [ 12.317098006184896, 41.944547001149083, 0.0 ], [ 12.317230006184786, 41.944041001149081, 0.0 ], [ 12.317275006184742, 41.943787001149111, 0.0 ], [ 12.317290006184718, 41.943631001149136, 0.0 ], [ 12.317288006184704, 41.943470001149144, 0.0 ], [ 12.317270006184692, 41.94331200114911, 0.0 ], [ 12.317219006184665, 41.942841001149176, 0.0 ], [ 12.317215006184652, 41.9427780011492, 0.0 ], [ 12.317218006184644, 41.942708001149207, 0.0 ], [ 12.317235006184616, 41.942501001149211, 0.0 ], [ 12.317238006184608, 41.942422001149204, 0.0 ], [ 12.317231006184603, 41.942338001149224, 0.0 ], [ 12.317205006184587, 41.942122001149237, 0.0 ], [ 12.317192006184575, 41.941989001149267, 0.0 ], [ 12.31718000618457, 41.941852001149272, 0.0 ], [ 12.317159006184538, 41.941485001149303, 0.0 ], [ 12.31714300618453, 41.941364001149289, 0.0 ], [ 12.317115006184524, 41.941250001149328, 0.0 ], [ 12.317076006184521, 41.941113001149333, 0.0 ], [ 12.316972006184541, 41.940884001149364, 0.0 ], [ 12.316942006184538, 41.940822001149378, 0.0 ], [ 12.316920006184542, 41.940759001149374, 0.0 ], [ 12.316903006184539, 41.940696001149391, 0.0 ], [ 12.31689400618453, 41.940630001149366, 0.0 ], [ 12.316896006184521, 41.940543001149408, 0.0 ], [ 12.316907006184511, 41.940460001149397, 0.0 ], [ 12.31693300618449, 41.940378001149412, 0.0 ], [ 12.316963006184475, 41.940301001149415, 0.0 ], [ 12.317019006184445, 41.940212001149398, 0.0 ], [ 12.317154006184373, 41.940024001149418, 0.0 ], [ 12.317253006184327, 41.939919001149427, 0.0 ], [ 12.317428006184251, 41.939735001149444, 0.0 ], [ 12.317558006184184, 41.939620001149436, 0.0 ], [ 12.317651006184152, 41.93953500114943, 0.0 ], [ 12.317741006184107, 41.939434001149458, 0.0 ], [ 12.317794006184076, 41.939362001149433, 0.0 ], [ 12.317815006184063, 41.939321001149438, 0.0 ], [ 12.317833006184053, 41.939278001149461, 0.0 ], [ 12.317840006184051, 41.939233001149461, 0.0 ], [ 12.317845006184033, 41.939186001149451, 0.0 ], [ 12.317841006184009, 41.938888001149479, 0.0 ], [ 12.317808006183965, 41.938348001149535, 0.0 ], [ 12.31777700618396, 41.93820100114953, 0.0 ], [ 12.317730006183954, 41.938011001149547, 0.0 ], [ 12.317716006183959, 41.937970001149552, 0.0 ], [ 12.317667006183957, 41.937825001149569, 0.0 ], [ 12.317607006183955, 41.937600001149583, 0.0 ], [ 12.31759500618395, 41.9375060011496, 0.0 ], [ 12.317593006183939, 41.937400001149612, 0.0 ], [ 12.317603006183919, 41.937280001149624, 0.0 ], [ 12.317665006183825, 41.936539001149669, 0.0 ], [ 12.317682006183789, 41.936340001149688, 0.0 ], [ 12.31770300618377, 41.936239001149701, 0.0 ], [ 12.317736006183754, 41.936135001149715, 0.0 ], [ 12.317770006183727, 41.93606400114971, 0.0 ], [ 12.317814006183703, 41.935999001149725, 0.0 ], [ 12.317867006183688, 41.935946001149723, 0.0 ], [ 12.317898006183668, 41.93592300114971, 0.0 ], [ 12.317930006183655, 41.935900001149705, 0.0 ], [ 12.317979006183636, 41.935874001149756, 0.0 ], [ 12.318029006183611, 41.935851001149715, 0.0 ], [ 12.318084006183597, 41.935834001149715, 0.0 ], [ 12.318140006183571, 41.935821001149691, 0.0 ], [ 12.318230006183539, 41.935804001149684, 0.0 ], [ 12.318321006183501, 41.935789001149693, 0.0 ], [ 12.318403006183477, 41.935779001149704, 0.0 ], [ 12.318512006183436, 41.935768001149704, 0.0 ], [ 12.319028006183245, 41.935720001149676, 0.0 ], [ 12.319690006183015, 41.935658001149662, 0.0 ], [ 12.319966006182907, 41.935619001149639, 0.0 ], [ 12.320478006182713, 41.935542001149621, 0.0 ], [ 12.321389006182375, 41.935380001149589, 0.0 ], [ 12.322249006182055, 41.935220001149581, 0.0 ], [ 12.323229006181682, 41.935041001149536, 0.0 ], [ 12.323805006181464, 41.934923001149521, 0.0 ], [ 12.325213006180931, 41.934564001149468, 0.0 ], [ 12.326569006180408, 41.93417600114946, 0.0 ], [ 12.32675100618034, 41.934137001149452, 0.0 ], [ 12.326911006180282, 41.934110001149406, 0.0 ], [ 12.327093006180213, 41.934086001149417, 0.0 ], [ 12.32760100618003, 41.934062001149385, 0.0 ], [ 12.327813006179953, 41.934057001149391, 0.0 ], [ 12.328339006179769, 41.934046001149383, 0.0 ], [ 12.32888000617957, 41.934022001149359, 0.0 ], [ 12.329537006179335, 41.93397600114934, 0.0 ], [ 12.330722006178904, 41.933893001149265, 0.0 ], [ 12.331023006178793, 41.93384700114926, 0.0 ], [ 12.331338006178676, 41.933794001149259, 0.0 ], [ 12.332030006178414, 41.93363400114923, 0.0 ], [ 12.332154006178371, 41.933619001149239, 0.0 ], [ 12.33223800617834, 41.933616001149218, 0.0 ], [ 12.332316006178308, 41.933616001149218, 0.0 ], [ 12.332418006178271, 41.933624001149205, 0.0 ], [ 12.332574006178218, 41.933643001149207, 0.0 ], [ 12.33271600617817, 41.933667001149203, 0.0 ], [ 12.333011006178076, 41.933727001149151, 0.0 ], [ 12.333098006178046, 41.933741001149166, 0.0 ], [ 12.333186006178009, 41.933751001149155, 0.0 ], [ 12.333299006177977, 41.933757001149161, 0.0 ], [ 12.333504006177902, 41.933760001149139, 0.0 ], [ 12.334011006177715, 41.933733001149122, 0.0 ], [ 12.334217006177642, 41.933722001149128, 0.0 ], [ 12.334336006177601, 41.933721001149131, 0.0 ], [ 12.334454006177559, 41.933727001149101, 0.0 ], [ 12.335447006177221, 41.933809001149065, 0.0 ], [ 12.335666006177149, 41.933831001149038, 0.0 ], [ 12.336394006176892, 41.933918001148989, 0.0 ], [ 12.337314006176586, 41.934039001148953, 0.0 ], [ 12.337763006176422, 41.934098001148918, 0.0 ], [ 12.338060006176327, 41.934140001148904, 0.0 ], [ 12.338202006176278, 41.934154001148862, 0.0 ], [ 12.338350006176226, 41.934155001148888, 0.0 ], [ 12.338909006176024, 41.934133001148886, 0.0 ], [ 12.339385006175846, 41.934103001148834, 0.0 ], [ 12.339553006175787, 41.93408800114883, 0.0 ], [ 12.339732006175716, 41.934049001148821, 0.0 ], [ 12.339865006175666, 41.934016001148827, 0.0 ], [ 12.339966006175628, 41.933975001148816, 0.0 ], [ 12.340101006175574, 41.933903001148835, 0.0 ], [ 12.340269006175502, 41.933794001148819, 0.0 ], [ 12.340403006175446, 41.933691001148823, 0.0 ], [ 12.340738006175293, 41.933407001148851, 0.0 ], [ 12.340879006175234, 41.933309001148828, 0.0 ], [ 12.341080006175147, 41.933189001148847, 0.0 ], [ 12.341381006175029, 41.933046001148824, 0.0 ], [ 12.341684006174908, 41.932909001148836, 0.0 ], [ 12.341988006174786, 41.932763001148835, 0.0 ], [ 12.342124006174727, 41.932684001148822, 0.0 ], [ 12.342250006174664, 41.932597001148821, 0.0 ], [ 12.342359006174629, 41.932508001148847, 0.0 ], [ 12.34244800617458, 41.932408001148829, 0.0 ], [ 12.342626006174498, 41.932213001148831, 0.0 ], [ 12.34283500617439, 41.93199300114884, 0.0 ], [ 12.343222006174225, 41.931639001148845, 0.0 ], [ 12.343652006174027, 41.931281001148868, 0.0 ], [ 12.34411000617383, 41.930929001148868, 0.0 ], [ 12.344626006173611, 41.930587001148893, 0.0 ], [ 12.344806006173526, 41.930471001148888, 0.0 ], [ 12.345516006173225, 41.930017001148855, 0.0 ], [ 12.345805006173102, 41.929837001148876, 0.0 ], [ 12.345870006173078, 41.929789001148897, 0.0 ], [ 12.345924006173055, 41.929741001148876, 0.0 ], [ 12.345979006173035, 41.9296840011489, 0.0 ], [ 12.346022006173007, 41.929628001148885, 0.0 ], [ 12.34609400617297, 41.929494001148889, 0.0 ], [ 12.346155006172925, 41.929365001148902, 0.0 ], [ 12.346202006172893, 41.929211001148907, 0.0 ], [ 12.346246006172864, 41.929030001148931, 0.0 ], [ 12.346282006172839, 41.928916001148949, 0.0 ], [ 12.346339006172794, 41.928766001148929, 0.0 ], [ 12.346408006172764, 41.92860600114895, 0.0 ], [ 12.346444006172733, 41.928538001148958, 0.0 ], [ 12.346482006172721, 41.928473001148959, 0.0 ], [ 12.346530006172685, 41.928406001148957, 0.0 ], [ 12.346580006172665, 41.928343001148953, 0.0 ], [ 12.346710006172605, 41.928224001148962, 0.0 ], [ 12.346978006172492, 41.928036001148968, 0.0 ], [ 12.347218006172392, 41.927896001148973, 0.0 ], [ 12.347440006172304, 41.927790001148971, 0.0 ], [ 12.347751006172178, 41.927687001148968, 0.0 ], [ 12.347906006172117, 41.92764600114895, 0.0 ], [ 12.348033006172075, 41.927617001148988, 0.0 ], [ 12.348199006172008, 41.927586001148931, 0.0 ], [ 12.348338006171961, 41.927567001148951, 0.0 ], [ 12.348648006171846, 41.927544001148931, 0.0 ], [ 12.34892900617174, 41.927541001148896, 0.0 ], [ 12.349292006171622, 41.92756600114889, 0.0 ], [ 12.349619006171508, 41.927604001148893, 0.0 ], [ 12.349962006171388, 41.927659001148832, 0.0 ], [ 12.350463006171223, 41.927770001148851, 0.0 ], [ 12.350880006171082, 41.927873001148804, 0.0 ], [ 12.351052006171026, 41.927898001148797, 0.0 ], [ 12.351213006170974, 41.927899001148802, 0.0 ], [ 12.351540006170854, 41.927882001148781, 0.0 ], [ 12.351917006170714, 41.927859001148747, 0.0 ], [ 12.352222006170599, 41.927855001148735, 0.0 ], [ 12.352494006170511, 41.927874001148702, 0.0 ], [ 12.352885006170377, 41.927916001148716, 0.0 ], [ 12.35309300617031, 41.927947001148688, 0.0 ], [ 12.353282006170248, 41.928006001148674, 0.0 ], [ 12.353508006170134, 41.927697001148687, 0.0 ], [ 12.353560006170103, 41.927617001148697, 0.0 ], [ 12.35360200617008, 41.927553001148716, 0.0 ], [ 12.35363600617006, 41.927490001148712, 0.0 ], [ 12.353678006170034, 41.927379001148729, 0.0 ], [ 12.353696006170017, 41.927314001148709, 0.0 ], [ 12.353710006170013, 41.927251001148711, 0.0 ], [ 12.353717006169997, 41.927184001148746, 0.0 ], [ 12.353721006169991, 41.927119001148732, 0.0 ], [ 12.353715006169972, 41.926929001148729, 0.0 ], [ 12.353675006169956, 41.926646001148775, 0.0 ], [ 12.353534006169857, 41.925310001148894, 0.0 ], [ 12.353426006169759, 41.923994001148991, 0.0 ], [ 12.353412006169734, 41.923726001149014, 0.0 ], [ 12.353409006169707, 41.923475001149036, 0.0 ], [ 12.353426006169679, 41.923248001149055, 0.0 ], [ 12.353454006169644, 41.923037001149048, 0.0 ], [ 12.353793006169342, 41.921347001149194, 0.0 ], [ 12.353931006169219, 41.920623001149231, 0.0 ], [ 12.354031006169116, 41.92002600114931, 0.0 ], [ 12.354065006169074, 41.919787001149295, 0.0 ], [ 12.354060006169069, 41.919704001149334, 0.0 ], [ 12.354048006169066, 41.919637001149297, 0.0 ], [ 12.354019006169064, 41.919564001149318, 0.0 ], [ 12.353357006169173, 41.918356001149462, 0.0 ], [ 12.353156006169201, 41.917994001149495, 0.0 ], [ 12.353032006169219, 41.917772001149501, 0.0 ], [ 12.352756006169272, 41.91727800114959, 0.0 ], [ 12.352240006169358, 41.916388001149649, 0.0 ], [ 12.352198006169356, 41.916318001149676, 0.0 ], [ 12.352184006169368, 41.916295001149663, 0.0 ], [ 12.352142006169377, 41.916214001149662, 0.0 ], [ 12.35210400616938, 41.916132001149691, 0.0 ], [ 12.352073006169379, 41.916046001149702, 0.0 ], [ 12.35205000616938, 41.915958001149711, 0.0 ], [ 12.352031006169375, 41.915853001149721, 0.0 ], [ 12.352006006169367, 41.915673001149749, 0.0 ], [ 12.351972006169326, 41.915252001149774, 0.0 ], [ 12.351954006169313, 41.915020001149777, 0.0 ], [ 12.351935006169262, 41.914556001149819, 0.0 ], [ 12.351895006169222, 41.914004001149863, 0.0 ], [ 12.351861006169212, 41.9138120011499, 0.0 ], [ 12.351840006169212, 41.91371800114991, 0.0 ], [ 12.351814006169205, 41.913620001149916, 0.0 ], [ 12.351762006169208, 41.913477001149928, 0.0 ], [ 12.351610006169228, 41.913094001149965, 0.0 ], [ 12.351241006169268, 41.912243001150046, 0.0 ], [ 12.351015006169282, 41.911702001150111, 0.0 ], [ 12.350875006169302, 41.911368001150151, 0.0 ], [ 12.350855006169297, 41.911326001150137, 0.0 ], [ 12.350830006169309, 41.911278001150166, 0.0 ], [ 12.350803006169317, 41.911232001150175, 0.0 ], [ 12.350768006169325, 41.911185001150152, 0.0 ], [ 12.350732006169332, 41.911141001150177, 0.0 ], [ 12.350691006169333, 41.911096001150177, 0.0 ], [ 12.350648006169347, 41.911054001150177, 0.0 ], [ 12.350605006169364, 41.911018001150175, 0.0 ], [ 12.350547006169377, 41.910971001150173, 0.0 ], [ 12.350174006169475, 41.910711001150226, 0.0 ], [ 12.349591006169646, 41.910303001150282, 0.0 ], [ 12.34955300616965, 41.910273001150294, 0.0 ], [ 12.349516006169658, 41.910241001150283, 0.0 ], [ 12.349482006169673, 41.910211001150302, 0.0 ], [ 12.34944900616968, 41.910179001150297, 0.0 ], [ 12.349416006169687, 41.910142001150312, 0.0 ], [ 12.349387006169694, 41.910100001150326, 0.0 ], [ 12.34936400616969, 41.910060001150327, 0.0 ], [ 12.349342006169699, 41.910008001150338, 0.0 ], [ 12.349326006169706, 41.909957001150332, 0.0 ], [ 12.349225006169684, 41.909504001150381, 0.0 ], [ 12.34918400616967, 41.909247001150376, 0.0 ], [ 12.349152006169662, 41.909040001150402, 0.0 ], [ 12.349143006169657, 41.908968001150427, 0.0 ], [ 12.349137006169647, 41.908895001150412, 0.0 ], [ 12.349133006169643, 41.908818001150436, 0.0 ], [ 12.349132006169642, 41.908742001150436, 0.0 ], [ 12.349134006169621, 41.908587001150451, 0.0 ], [ 12.349138006169598, 41.908364001150481, 0.0 ], [ 12.34913900616959, 41.90833600115046, 0.0 ], [ 12.349150006169513, 41.907687001150521, 0.0 ], [ 12.349148006169512, 41.907640001150526, 0.0 ], [ 12.349141006169511, 41.907586001150541, 0.0 ], [ 12.349130006169505, 41.907528001150531, 0.0 ], [ 12.349113006169505, 41.907475001150544, 0.0 ], [ 12.349094006169501, 41.907423001150555, 0.0 ], [ 12.349065006169511, 41.907367001150561, 0.0 ], [ 12.34902700616952, 41.907313001150563, 0.0 ], [ 12.348985006169531, 41.907264001150551, 0.0 ], [ 12.348934006169543, 41.907214001150578, 0.0 ], [ 12.348894006169559, 41.907178001150584, 0.0 ], [ 12.34885000616957, 41.907142001150582, 0.0 ], [ 12.348566006169646, 41.906918001150601, 0.0 ], [ 12.348545006169653, 41.906901001150608, 0.0 ], [ 12.348268006169722, 41.906682001150628, 0.0 ], [ 12.34819300616974, 41.906622001150637, 0.0 ], [ 12.347767006169864, 41.906295001150703, 0.0 ], [ 12.347491006169928, 41.906083001150726, 0.0 ], [ 12.347435006169944, 41.906036001150717, 0.0 ], [ 12.347398006169952, 41.906004001150698, 0.0 ], [ 12.347360006169971, 41.905970001150742, 0.0 ], [ 12.347328006169981, 41.905936001150764, 0.0 ], [ 12.347295006169981, 41.905900001150755, 0.0 ], [ 12.347234006169995, 41.905830001150768, 0.0 ], [ 12.347205006170007, 41.905790001150784, 0.0 ], [ 12.347180006170014, 41.90575200115078, 0.0 ], [ 12.347153006170011, 41.905708001150757, 0.0 ], [ 12.347130006170017, 41.905667001150789, 0.0 ], [ 12.34711200617002, 41.905623001150794, 0.0 ], [ 12.347094006170021, 41.905564001150807, 0.0 ], [ 12.347075006170021, 41.905493001150774, 0.0 ], [ 12.347049006170018, 41.905377001150818, 0.0 ], [ 12.346931006169982, 41.904668001150846, 0.0 ], [ 12.34685600616999, 41.904460001150881, 0.0 ], [ 12.34671700617001, 41.904258001150922, 0.0 ], [ 12.345211006170391, 41.902846001151111, 0.0 ], [ 12.34415200617067, 41.901900001151233, 0.0 ], [ 12.343886006170742, 41.901629001151257, 0.0 ], [ 12.343792006170753, 41.901519001151293, 0.0 ], [ 12.343706006170772, 41.901407001151291, 0.0 ], [ 12.343611006170795, 41.901263001151307, 0.0 ], [ 12.343472006170817, 41.90102900115135, 0.0 ], [ 12.342732006170941, 41.899772001151476, 0.0 ], [ 12.342355006171035, 41.899337001151508, 0.0 ], [ 12.340366006171546, 41.89757000115177, 0.0 ], [ 12.339627006171733, 41.896918001151846, 0.0 ], [ 12.339226006171835, 41.896499001151895, 0.0 ], [ 12.338598006171987, 41.895800001152011, 0.0 ], [ 12.338486006172012, 41.895704001152012, 0.0 ], [ 12.338429006172031, 41.895660001151988, 0.0 ], [ 12.338372006172042, 41.895620001152011, 0.0 ], [ 12.338300006172069, 41.895578001152039, 0.0 ], [ 12.338238006172089, 41.895544001152011, 0.0 ], [ 12.338188006172096, 41.895516001152032, 0.0 ], [ 12.337679006172246, 41.895264001152086, 0.0 ], [ 12.33738000617234, 41.895118001152092, 0.0 ], [ 12.337210006172398, 41.895024001152116, 0.0 ], [ 12.337131006172417, 41.894973001152131, 0.0 ], [ 12.337052006172435, 41.894919001152125, 0.0 ], [ 12.336980006172459, 41.894864001152136, 0.0 ], [ 12.336918006172473, 41.894809001152161, 0.0 ], [ 12.336861006172484, 41.894750001152147, 0.0 ], [ 12.336816006172494, 41.894690001152142, 0.0 ], [ 12.336778006172507, 41.894632001152182, 0.0 ], [ 12.336752006172514, 41.894573001152182, 0.0 ], [ 12.336608006172524, 41.894256001152229, 0.0 ], [ 12.336514006172528, 41.894024001152232, 0.0 ], [ 12.336433006172541, 41.893856001152258, 0.0 ], [ 12.336343006172555, 41.893682001152271, 0.0 ], [ 12.336241006172569, 41.893511001152277, 0.0 ], [ 12.336195006172581, 41.893442001152295, 0.0 ], [ 12.334874006172846, 41.891552001152498, 0.0 ], [ 12.334756006172869, 41.891379001152529, 0.0 ], [ 12.334711006172874, 41.891303001152551, 0.0 ], [ 12.334678006172878, 41.891226001152532, 0.0 ], [ 12.334652006172885, 41.891156001152559, 0.0 ], [ 12.334620006172884, 41.891058001152572, 0.0 ], [ 12.33459700617288, 41.890966001152563, 0.0 ], [ 12.33457300617288, 41.890807001152588, 0.0 ], [ 12.334462006172769, 41.889559001152669, 0.0 ], [ 12.334399006172712, 41.888766001152753, 0.0 ], [ 12.334401006172701, 41.888673001152753, 0.0 ], [ 12.334416006172681, 41.888578001152766, 0.0 ], [ 12.334427006172676, 41.888525001152779, 0.0 ], [ 12.334444006172667, 41.888476001152782, 0.0 ], [ 12.33446900617265, 41.888412001152787, 0.0 ], [ 12.33452400617262, 41.888305001152801, 0.0 ], [ 12.334856006172432, 41.887654001152825, 0.0 ], [ 12.33503200617233, 41.887315001152821, 0.0 ], [ 12.335104006172298, 41.887167001152847, 0.0 ], [ 12.33516000617225, 41.887010001152873, 0.0 ], [ 12.335288006172167, 41.8866000011529, 0.0 ], [ 12.335321006172137, 41.886466001152883, 0.0 ], [ 12.335346006172118, 41.886355001152921, 0.0 ], [ 12.335358006172108, 41.886278001152917, 0.0 ], [ 12.335363006172097, 41.886224001152932, 0.0 ], [ 12.335361006172091, 41.886152001152951, 0.0 ], [ 12.335348006172092, 41.886087001152951, 0.0 ], [ 12.335325006172081, 41.886011001152951, 0.0 ], [ 12.335286006172087, 41.885924001152937, 0.0 ], [ 12.335238006172101, 41.885837001152971, 0.0 ], [ 12.33518900617211, 41.885778001152943, 0.0 ], [ 12.335108006172129, 41.885680001152963, 0.0 ], [ 12.334959006172166, 41.885527001153029, 0.0 ], [ 12.334786006172209, 41.885363001153024, 0.0 ], [ 12.334600006172254, 41.88519800115305, 0.0 ], [ 12.334471006172286, 41.885088001153051, 0.0 ], [ 12.334014006172406, 41.884665001153095, 0.0 ], [ 12.33371600617248, 41.884376001153143, 0.0 ], [ 12.333318006172568, 41.883862001153211, 0.0 ], [ 12.333490006172491, 41.883768001153207, 0.0 ], [ 12.333683006172416, 41.8836640011532, 0.0 ], [ 12.333711006172397, 41.883599001153193, 0.0 ], [ 12.33372200617238, 41.883502001153211, 0.0 ], [ 12.333224006172337, 41.881398001153428, 0.0 ], [ 12.333020006172326, 41.88071900115348, 0.0 ], [ 12.332536006172361, 41.879393001153623, 0.0 ], [ 12.332455006172362, 41.87913600115364, 0.0 ], [ 12.332376006172359, 41.878814001153664, 0.0 ], [ 12.332262006172341, 41.878307001153694, 0.0 ], [ 12.332138006172322, 41.877721001153759, 0.0 ], [ 12.331907006172287, 41.876608001153883, 0.0 ], [ 12.331434006172211, 41.874376001154054, 0.0 ], [ 12.330530006172074, 41.870150001154464, 0.0 ], [ 12.330349006172053, 41.869328001154521, 0.0 ], [ 12.330237006172034, 41.868788001154584, 0.0 ], [ 12.329833006171965, 41.866908001154734, 0.0 ], [ 12.329435006171911, 41.865060001154916, 0.0 ], [ 12.32907100617186, 41.863392001155063, 0.0 ], [ 12.328712006171806, 41.861768001155212, 0.0 ], [ 12.328464006171789, 41.860668001155339, 0.0 ], [ 12.328291006171797, 41.860280001155367, 0.0 ], [ 12.328173006171827, 41.860095001155379, 0.0 ], [ 12.327984006171869, 41.859869001155431, 0.0 ], [ 12.327677006171928, 41.859501001155465, 0.0 ], [ 12.327376006172001, 41.85915900115549, 0.0 ], [ 12.327300006172022, 41.859074001155506, 0.0 ], [ 12.327060006172077, 41.858806001155557, 0.0 ], [ 12.326846006172129, 41.858555001155565, 0.0 ], [ 12.326707006172157, 41.858291001155585, 0.0 ], [ 12.326597006172145, 41.857958001155616, 0.0 ], [ 12.32649500617212, 41.85735400115567, 0.0 ], [ 12.326424006172083, 41.85676000115572, 0.0 ], [ 12.326390006172032, 41.856231001155784, 0.0 ], [ 12.326436006171988, 41.855900001155774, 0.0 ], [ 12.326547006171911, 41.855544001155842, 0.0 ], [ 12.326735006171806, 41.855212001155849, 0.0 ], [ 12.327844006171254, 41.853759001155893, 0.0 ], [ 12.329277006170546, 41.851896001156, 0.0 ], [ 12.329868006170253, 41.851118001156031, 0.0 ], [ 12.329975006170194, 41.850977001156046, 0.0 ], [ 12.330663006169855, 41.850055001156065, 0.0 ], [ 12.331656006169364, 41.848775001156149, 0.0 ], [ 12.33257600616891, 41.847608001156175, 0.0 ], [ 12.333092006168657, 41.846935001156233, 0.0 ], [ 12.333526006168428, 41.846257001156225, 0.0 ], [ 12.333906006168229, 41.845632001156304, 0.0 ], [ 12.334256006168042, 41.845063001156319, 0.0 ], [ 12.334438006167941, 41.844751001156332, 0.0 ], [ 12.334945006167668, 41.843861001156355, 0.0 ], [ 12.335329006167443, 41.843054001156403, 0.0 ], [ 12.33548000616736, 41.842738001156448, 0.0 ], [ 12.335614006167274, 41.842398001156454, 0.0 ], [ 12.336594006166671, 41.840051001156603, 0.0 ], [ 12.337312006166231, 41.838322001156712, 0.0 ], [ 12.337967006165817, 41.836720001156806, 0.0 ], [ 12.338236006165658, 41.836073001156841, 0.0 ], [ 12.338630006165413, 41.835126001156915, 0.0 ], [ 12.339066006165153, 41.83406300115697, 0.0 ], [ 12.33952000616487, 41.832990001157022, 0.0 ], [ 12.339636006164801, 41.832701001157069, 0.0 ], [ 12.339764006164724, 41.832447001157064, 0.0 ], [ 12.339921006164641, 41.832185001157093, 0.0 ], [ 12.340326006164439, 41.83161600115708, 0.0 ], [ 12.341225006163972, 41.830275001157183, 0.0 ], [ 12.341567006163793, 41.829766001157196, 0.0 ], [ 12.342212006163471, 41.82882600115726, 0.0 ], [ 12.342575006163274, 41.828285001157269, 0.0 ], [ 12.342788006163168, 41.827952001157286, 0.0 ], [ 12.342899006163103, 41.827757001157273, 0.0 ], [ 12.342969006163059, 41.82757400115733, 0.0 ], [ 12.343005006163031, 41.827400001157329, 0.0 ], [ 12.343028006163005, 41.827255001157312, 0.0 ], [ 12.343029006162988, 41.827064001157382, 0.0 ], [ 12.342994006162982, 41.82689200115739, 0.0 ], [ 12.342864006162991, 41.826533001157408, 0.0 ], [ 12.342454006163047, 41.825702001157481, 0.0 ], [ 12.342053006163097, 41.824939001157567, 0.0 ], [ 12.341686006163155, 41.824189001157634, 0.0 ], [ 12.341593006163157, 41.823908001157669, 0.0 ], [ 12.341517006163151, 41.823643001157699, 0.0 ], [ 12.341519006163123, 41.823320001157747, 0.0 ], [ 12.341576006163066, 41.823005001157732, 0.0 ], [ 12.341724006162973, 41.822626001157772, 0.0 ], [ 12.341894006162878, 41.822304001157796, 0.0 ], [ 12.342047006162796, 41.822034001157775, 0.0 ], [ 12.342119006162743, 41.821790001157822, 0.0 ], [ 12.342124006162692, 41.821431001157869, 0.0 ], [ 12.342099006162668, 41.821105001157889, 0.0 ], [ 12.342106006162641, 41.820802001157894, 0.0 ], [ 12.342163006162592, 41.820580001157914, 0.0 ], [ 12.342222006162558, 41.820458001157938, 0.0 ], [ 12.342258006162545, 41.820403001157942, 0.0 ], [ 12.342304006162518, 41.820349001157908, 0.0 ], [ 12.342342006162502, 41.820315001157908, 0.0 ], [ 12.342389006162481, 41.820278001157924, 0.0 ], [ 12.342425006162467, 41.820256001157937, 0.0 ], [ 12.342462006162446, 41.820235001157904, 0.0 ], [ 12.342505006162432, 41.820215001157905, 0.0 ], [ 12.342550006162414, 41.820196001157939, 0.0 ], [ 12.342893006162283, 41.820070001157923, 0.0 ], [ 12.343184006162165, 41.819965001157918, 0.0 ], [ 12.343390006162082, 41.819913001157914, 0.0 ], [ 12.34355100616202, 41.819830001157925, 0.0 ], [ 12.343715006161958, 41.81974600115791, 0.0 ], [ 12.34388800616188, 41.8196540011579, 0.0 ], [ 12.34398800616184, 41.819594001157917, 0.0 ], [ 12.344040006161817, 41.81956000115791, 0.0 ], [ 12.344091006161799, 41.81952400115793, 0.0 ], [ 12.344136006161774, 41.819488001157914, 0.0 ], [ 12.344179006161758, 41.819451001157908, 0.0 ], [ 12.344253006161725, 41.81937700115791, 0.0 ], [ 12.344396006161654, 41.81922000115793, 0.0 ], [ 12.3443490061617, 41.819459001157902, 0.0 ], [ 12.344348006161704, 41.819513001157901, 0.0 ], [ 12.344352006161705, 41.819565001157869, 0.0 ], [ 12.34436800616171, 41.819613001157897, 0.0 ], [ 12.344389006161704, 41.819660001157857, 0.0 ], [ 12.3444130061617, 41.819701001157881, 0.0 ], [ 12.344443006161695, 41.819744001157872, 0.0 ], [ 12.344498006161682, 41.819806001157865, 0.0 ], [ 12.34453200616168, 41.819838001157869, 0.0 ], [ 12.344570006161662, 41.819867001157839, 0.0 ], [ 12.344613006161648, 41.819897001157848, 0.0 ], [ 12.344670006161635, 41.819931001157848, 0.0 ], [ 12.344727006161621, 41.819961001157864, 0.0 ], [ 12.344795006161592, 41.81999200115785, 0.0 ], [ 12.344933006161549, 41.820051001157829, 0.0 ], [ 12.344395006161735, 41.819969001157858, 0.0 ], [ 12.343962006161881, 41.819910001157886, 0.0 ], [ 12.343876006161913, 41.819902001157899, 0.0 ], [ 12.343808006161941, 41.819896001157893, 0.0 ], [ 12.343744006161957, 41.819893001157915, 0.0 ], [ 12.343667006161986, 41.819893001157894, 0.0 ], [ 12.343590006162019, 41.819895001157924, 0.0 ], [ 12.343527006162033, 41.819899001157907, 0.0 ], [ 12.343462006162062, 41.819905001157899, 0.0 ], [ 12.343390006162082, 41.819913001157914, 0.0 ] ] } },
{ "type": "Feature", "properties": { "EntityHand": "21AB2", "length_m": 170.01204908457461, "coverage_pct": 46.757684661571396 }, "geometry": { "type": "LineString", "coordinates": [ [ 12.443094006130611, 41.859883001149974, 0.0 ], [ 12.443401006130534, 41.860204001149931, 0.0 ], [ 12.443555006130515, 41.860547001149918, 0.0 ], [ 12.443604006130519, 41.860693001149876, 0.0 ], [ 12.44361400613052, 41.860744001149875, 0.0 ], [ 12.443627006130523, 41.860822001149891, 0.0 ], [ 12.443631006130536, 41.860923001149878, 0.0 ] ] } },
{ "type": "Feature", "properties": { "EntityHand": "21ABC", "length_m": 41.367877608593602, "coverage_pct": 58.629748538467567 }, "geometry": { "type": "LineString", "coordinates": [ [ 12.466513006124243, 41.879630001147277, 0.0 ], [ 12.466670006124186, 41.879612001147287, 0.0 ], [ 12.46679300612414, 41.879608001147261, 0.0 ], [ 12.466882006124109, 41.879616001147269, 0.0 ] ] } },
{ "type": "Feature", "properties": { "EntityHand": "21B59", "length_m": 123.60313533265858, "coverage_pct": 34.821468086094356 }, "geometry": { "type": "LineString", "coordinates": [ [ 12.443952006130832, 41.864767001149531, 0.0 ], [ 12.444336006130685, 41.86473200114952, 0.0 ], [ 12.444379006130697, 41.864977001149498, 0.0 ], [ 12.443991006130846, 41.865017001149511, 0.0 ] ] } },
{ "type": "Feature", "properties": { "EntityHand": "21B5A", "length_m": 345.07258053604704, "coverage_pct": 55.652415340974457 }, "geometry": { "type": "LineString", "coordinates": [ [ 12.443733006130778, 41.863536001149662, 0.0 ], [ 12.443604006130746, 41.862818001149712, 0.0 ], [ 12.443582006130741, 41.862694001149734, 0.0 ], [ 12.444201006130506, 41.862638001149719, 0.0 ], [ 12.444209006130514, 41.862689001149661, 0.0 ], [ 12.444221006130519, 41.862753001149684, 0.0 ], [ 12.444180006130534, 41.862756001149698, 0.0 ], [ 12.443733006130778, 41.863536001149662, 0.0 ] ] } },
{ "type": "Feature", "properties": { "EntityHand": "21B9E", "length_m": 889.98357004048057, "coverage_pct": 29.89638178347548 }, "geometry": { "type": "LineString", "coordinates": [ [ 12.388748006153179, 41.887437001150303, 0.0 ], [ 12.3887680061532, 41.887724001150268, 0.0 ], [ 12.388790006153206, 41.887868001150267, 0.0 ], [ 12.388800006153202, 41.887920001150242, 0.0 ], [ 12.388814006153209, 41.887963001150247, 0.0 ], [ 12.388891006153203, 41.888147001150223, 0.0 ], [ 12.389078006153166, 41.888461001150205, 0.0 ], [ 12.388785006153237, 41.888118001150218, 0.0 ], [ 12.388487006153316, 41.887836001150291, 0.0 ], [ 12.388416006153337, 41.887782001150306, 0.0 ], [ 12.388345006153351, 41.887741001150303, 0.0 ], [ 12.388246006153384, 41.88769100115028, 0.0 ], [ 12.388147006153416, 41.887650001150305, 0.0 ], [ 12.387688006153558, 41.887478001150342, 0.0 ], [ 12.387292006153686, 41.887374001150377, 0.0 ], [ 12.386915006153814, 41.88730700115039, 0.0 ], [ 12.386700006153895, 41.887279001150404, 0.0 ], [ 12.386479006153973, 41.887264001150427, 0.0 ], [ 12.386278006154045, 41.88725400115041, 0.0 ], [ 12.386073006154119, 41.887256001150433, 0.0 ], [ 12.385717006154245, 41.887274001150452, 0.0 ], [ 12.385369006154368, 41.887291001150459, 0.0 ], [ 12.386056006154107, 41.887160001150434, 0.0 ], [ 12.386187006154056, 41.887140001150449, 0.0 ], [ 12.38629200615402, 41.887129001150456, 0.0 ], [ 12.386398006153986, 41.887122001150438, 0.0 ], [ 12.386557006153927, 41.887123001150421, 0.0 ], [ 12.386716006153872, 41.887129001150427, 0.0 ], [ 12.386920006153799, 41.887149001150405, 0.0 ], [ 12.387121006153734, 41.887177001150398, 0.0 ], [ 12.387274006153676, 41.887211001150391, 0.0 ], [ 12.387425006153627, 41.887249001150366, 0.0 ], [ 12.387554006153593, 41.887279001150368, 0.0 ] ] } },
{ "type": "Feature", "properties": { "EntityHand": "21B9F", "length_m": 148.14936584958355, "coverage_pct": 55.53396069993147 }, "geometry": { "type": "LineString", "coordinates": [ [ 12.3887680061532, 41.887724001150268, 0.0 ], [ 12.388901006153182, 41.887995001150252, 0.0 ], [ 12.388921006153179, 41.888023001150231, 0.0 ], [ 12.388946006153175, 41.888050001150255, 0.0 ], [ 12.388973006153163, 41.888076001150218, 0.0 ], [ 12.389005006153152, 41.888102001150237, 0.0 ], [ 12.389026006153147, 41.888116001150209, 0.0 ], [ 12.389054006153138, 41.888128001150221, 0.0 ], [ 12.389093006153136, 41.888138001150224, 0.0 ], [ 12.389135006153122, 41.888143001150212, 0.0 ], [ 12.389170006153094, 41.888143001150226, 0.0 ], [ 12.389204006153092, 41.888141001150224, 0.0 ], [ 12.389252006153074, 41.888136001150222, 0.0 ], [ 12.389300006153052, 41.888125001150193, 0.0 ], [ 12.389342006153031, 41.888111001150193, 0.0 ], [ 12.389376006153022, 41.888092001150206, 0.0 ], [ 12.38940800615301, 41.888072001150206, 0.0 ], [ 12.389437006152994, 41.888048001150224, 0.0 ], [ 12.389462006152982, 41.888024001150207, 0.0 ], [ 12.389482006152971, 41.887999001150185, 0.0 ], [ 12.38950100615296, 41.887974001150219, 0.0 ], [ 12.389520006152948, 41.88794400115021, 0.0 ], [ 12.389532006152946, 41.887915001150212, 0.0 ], [ 12.389548006152934, 41.88786000115023, 0.0 ] ] } },
{ "type": "Feature", "properties": { "EntityHand": "21BB8", "length_m": 76.775595165929559, "coverage_pct": 43.250492889965713 }, "geometry": { "type": "LineString", "coordinates": [ [ 12.425279006141558, 41.901666001147426, 0.0 ], [ 12.425334006141549, 41.901686001147397, 0.0 ], [ 12.42535300614154, 41.901702001147399, 0.0 ], [ 12.425205006141626, 41.90198700114739, 0.0 ], [ 12.425203006141629, 41.902032001147376, 0.0 ], [ 12.425265006141618, 41.902116001147355, 0.0 ] ] } },
{ "type": "Feature", "properties": { "EntityHand": "21BE9", "length_m": 262.02698800948082, "coverage_pct": 32.625715766008526 }, "geometry": { "type": "LineString", "coordinates": [ [ 12.424737006142133, 41.905155001147165, 0.0 ], [ 12.424881006142082, 41.905160001147166, 0.0 ], [ 12.425104006142035, 41.905437001147114, 0.0 ], [ 12.42514900614202, 41.90551500114713, 0.0 ], [ 12.424741006142174, 41.905524001147114, 0.0 ], [ 12.424737006142133, 41.905155001147165, 0.0 ], [ 12.424737006142115, 41.90497400114716, 0.0 ], [ 12.424770006142086, 41.904789001147186, 0.0 ], [ 12.42486200614203, 41.904605001147196, 0.0 ] ] } },
{ "type": "Feature", "properties": { "EntityHand": "21C24", "length_m": 157.95316186255201, "coverage_pct": 29.51125601251788 }, "geometry": { "type": "LineString", "coordinates": [ [ 12.383645006157987, 41.915103001148267, 0.0 ], [ 12.383492006158045, 41.915085001148292, 0.0 ], [ 12.383471006158056, 41.915081001148309, 0.0 ], [ 12.383451006158065, 41.915075001148303, 0.0 ], [ 12.383434006158069, 41.915068001148292, 0.0 ], [ 12.383422006158067, 41.915058001148303, 0.0 ], [ 12.383413006158076, 41.915047001148324, 0.0 ], [ 12.383408006158074, 41.915036001148295, 0.0 ], [ 12.38340600615807, 41.915023001148306, 0.0 ], [ 12.383406006158074, 41.915010001148318, 0.0 ], [ 12.383408006158067, 41.914998001148298, 0.0 ], [ 12.383453006158035, 41.914878001148338, 0.0 ], [ 12.383929006157807, 41.914282001148365, 0.0 ] ] } },
{ "type": "Feature", "properties": { "EntityHand": "21CB5", "length_m": 1425.943478096679, "coverage_pct": 63.12874983567459 }, "geometry": { "type": "LineString", "coordinates": [ [ 12.442631006134928, 41.89844500114684, 0.0 ], [ 12.442696006134835, 41.8977540011469, 0.0 ], [ 12.442696006134836, 41.897726001146907, 0.0 ], [ 12.442694006134838, 41.897699001146933, 0.0 ], [ 12.44269000613483, 41.897675001146936, 0.0 ], [ 12.442683006134835, 41.897651001146933, 0.0 ], [ 12.442675006134836, 41.897624001146944, 0.0 ], [ 12.442662006134835, 41.897600001146927, 0.0 ], [ 12.442638006134841, 41.897570001146931, 0.0 ], [ 12.442605006134848, 41.897538001146941, 0.0 ], [ 12.442580006134852, 41.897516001146947, 0.0 ], [ 12.442551006134867, 41.897496001146955, 0.0 ], [ 12.442515006134876, 41.89748200114694, 0.0 ], [ 12.442474006134896, 41.897472001146966, 0.0 ], [ 12.4415950061352, 41.897336001147011, 0.0 ], [ 12.441480006135237, 41.897320001147015, 0.0 ], [ 12.441344006135283, 41.89730000114703, 0.0 ], [ 12.441228006135328, 41.897285001147033, 0.0 ], [ 12.440966006135415, 41.897245001147041, 0.0 ], [ 12.44077000613548, 41.897208001147064, 0.0 ], [ 12.440682006135509, 41.897186001147041, 0.0 ], [ 12.440622006135529, 41.897163001147078, 0.0 ], [ 12.440568006135541, 41.897136001147061, 0.0 ], [ 12.440470006135568, 41.897068001147069, 0.0 ], [ 12.440423006135584, 41.897028001147063, 0.0 ], [ 12.440097006135677, 41.896750001147126, 0.0 ], [ 12.43990200613573, 41.896590001147153, 0.0 ], [ 12.439266006135908, 41.896153001147191, 0.0 ], [ 12.439102006135963, 41.896049001147219, 0.0 ], [ 12.438326006136183, 41.895518001147309, 0.0 ], [ 12.438300006136192, 41.89549800114731, 0.0 ], [ 12.438274006136197, 41.895474001147306, 0.0 ], [ 12.438237006136204, 41.895438001147291, 0.0 ], [ 12.438108006136245, 41.895306001147318, 0.0 ], [ 12.438189006136197, 41.895249001147306, 0.0 ], [ 12.438115006136224, 41.895158001147372, 0.0 ], [ 12.438036006136231, 41.895059001147345, 0.0 ], [ 12.43762800613634, 41.894595001147437, 0.0 ], [ 12.437424006136386, 41.894363001147433, 0.0 ], [ 12.437379006136391, 41.894270001147468, 0.0 ], [ 12.437349006136385, 41.894184001147451, 0.0 ], [ 12.437336006136386, 41.89408300114745, 0.0 ], [ 12.437432006136358, 41.89413700114747, 0.0 ], [ 12.437491006136339, 41.894176001147457, 0.0 ], [ 12.437670006136287, 41.894282001147424, 0.0 ], [ 12.437836006136241, 41.894396001147413, 0.0 ], [ 12.438036006136182, 41.894540001147391, 0.0 ], [ 12.438424006136078, 41.894824001147356, 0.0 ], [ 12.43857300613603, 41.894947001147337, 0.0 ], [ 12.438306006136109, 41.894801001147371, 0.0 ], [ 12.438134006136162, 41.894659001147367, 0.0 ], [ 12.437878006136232, 41.894470001147418, 0.0 ], [ 12.437823006136249, 41.894427001147399, 0.0 ], [ 12.437836006136241, 41.894396001147413, 0.0 ], [ 12.437920006136208, 41.894333001147437, 0.0 ], [ 12.438011006136174, 41.894403001147403, 0.0 ], [ 12.438248006136105, 41.894580001147382, 0.0 ], [ 12.438488006136041, 41.894755001147374, 0.0 ], [ 12.438644006135993, 41.894869001147349, 0.0 ], [ 12.43857300613603, 41.894947001147337, 0.0 ] ] } },
{ "type": "Feature", "properties": { "EntityHand": "21CB8", "length_m": 1064.7159026369272, "coverage_pct": 22.443923752482096 }, "geometry": { "type": "LineString", "coordinates": [ [ 12.382774006155339, 41.887706001150555, 0.0 ], [ 12.382660006155383, 41.887693001150559, 0.0 ], [ 12.382629006155394, 41.887688001150558, 0.0 ], [ 12.38259800615541, 41.887682001150559, 0.0 ], [ 12.38256800615542, 41.887673001150581, 0.0 ], [ 12.382543006155426, 41.887662001150552, 0.0 ], [ 12.38248900615544, 41.887626001150572, 0.0 ], [ 12.382557006155412, 41.887582001150562, 0.0 ], [ 12.382580006155402, 41.887571001150576, 0.0 ], [ 12.382612006155391, 41.887558001150559, 0.0 ], [ 12.382642006155375, 41.88755300115055, 0.0 ], [ 12.382674006155368, 41.887550001150579, 0.0 ], [ 12.38277400615533, 41.887547001150551, 0.0 ], [ 12.382808006155315, 41.887564001150565, 0.0 ], [ 12.382845006155309, 41.887577001150547, 0.0 ], [ 12.383084006155229, 41.88764000115053, 0.0 ], [ 12.383199006155188, 41.887619001150533, 0.0 ], [ 12.383685006155002, 41.887552001150503, 0.0 ], [ 12.385369006154368, 41.887291001150459, 0.0 ], [ 12.386069006154113, 41.887212001150445, 0.0 ], [ 12.38618800615407, 41.887201001150451, 0.0 ], [ 12.386290006154027, 41.887196001150407, 0.0 ], [ 12.386396006153994, 41.887193001150415, 0.0 ], [ 12.386609006153916, 41.887199001150414, 0.0 ], [ 12.386808006153842, 41.887212001150388, 0.0 ], [ 12.386995006153784, 41.887232001150373, 0.0 ], [ 12.387197006153714, 41.887265001150389, 0.0 ], [ 12.387382006153651, 41.887309001150378, 0.0 ], [ 12.387696006153551, 41.887413001150328, 0.0 ], [ 12.388160006153397, 41.887554001150328, 0.0 ], [ 12.388281006153363, 41.887582001150285, 0.0 ], [ 12.388363006153334, 41.887593001150286, 0.0 ], [ 12.388445006153301, 41.887598001150302, 0.0 ], [ 12.388624006153236, 41.887590001150279, 0.0 ], [ 12.389121006153054, 41.887567001150259, 0.0 ], [ 12.389189006153032, 41.887568001150278, 0.0 ], [ 12.389247006153012, 41.887573001150258, 0.0 ], [ 12.389310006152989, 41.887588001150249, 0.0 ], [ 12.389364006152968, 41.887609001150238, 0.0 ], [ 12.389405006152961, 41.887628001150247, 0.0 ], [ 12.389442006152956, 41.887652001150215, 0.0 ], [ 12.389475006152948, 41.887676001150233, 0.0 ], [ 12.389501006152932, 41.887703001150236, 0.0 ], [ 12.389521006152933, 41.887743001150255, 0.0 ], [ 12.389536006152932, 41.887784001150244, 0.0 ], [ 12.389544006152931, 41.88782100115025, 0.0 ], [ 12.389548006152934, 41.88786000115023, 0.0 ], [ 12.389548006152939, 41.887911001150243, 0.0 ], [ 12.389542006152952, 41.887944001150217, 0.0 ], [ 12.389472006152994, 41.888132001150197, 0.0 ], [ 12.389383006153041, 41.888319001150194, 0.0 ], [ 12.389368006153056, 41.888357001150204, 0.0 ], [ 12.389359006153061, 41.888395001150201, 0.0 ], [ 12.389352006153064, 41.888434001150195, 0.0 ], [ 12.389351006153067, 41.888473001150189, 0.0 ], [ 12.389352006153077, 41.888517001150191, 0.0 ], [ 12.389364006153075, 41.888561001150194, 0.0 ], [ 12.389410006153071, 41.888654001150179, 0.0 ], [ 12.389441006153058, 41.888700001150156, 0.0 ], [ 12.389481006153058, 41.888744001150158, 0.0 ], [ 12.389514006153046, 41.888785001150154, 0.0 ], [ 12.389567006153033, 41.888835001150163, 0.0 ], [ 12.38959000615303, 41.888856001150124, 0.0 ], [ 12.389689006152999, 41.888929001150132, 0.0 ], [ 12.389822006152961, 41.889023001150107, 0.0 ] ] } },
{ "type": "Feature", "properties": { "EntityHand": "21CD9", "length_m": 192.18277544838895, "coverage_pct": 25.198759523161566 }, "geometry": { "type": "LineString", "coordinates": [ [ 12.429869006139189, 41.895042001147743, 0.0 ], [ 12.429765006139245, 41.895236001147737, 0.0 ], [ 12.429669006139289, 41.895332001147708, 0.0 ], [ 12.429575006139336, 41.895408001147736, 0.0 ], [ 12.429346006139436, 41.89555000114774, 0.0 ], [ 12.429299006139455, 41.895584001147739, 0.0 ], [ 12.429256006139472, 41.895622001147721, 0.0 ], [ 12.42923200613949, 41.895648001147734, 0.0 ], [ 12.429206006139498, 41.895688001147704, 0.0 ], [ 12.429188006139507, 41.895728001147717, 0.0 ], [ 12.429280006139482, 41.895744001147726, 0.0 ], [ 12.429322006139465, 41.89575200114772, 0.0 ], [ 12.429426006139424, 41.895768001147694, 0.0 ], [ 12.429444006139425, 41.89576900114772, 0.0 ], [ 12.429460006139415, 41.895766001147699, 0.0 ], [ 12.429476006139405, 41.895761001147697, 0.0 ], [ 12.429488006139408, 41.895753001147703, 0.0 ], [ 12.429496006139399, 41.895745001147681, 0.0 ], [ 12.429522006139386, 41.895713001147712, 0.0 ], [ 12.429615006139342, 41.895597001147706, 0.0 ] ] } },
{ "type": "Feature", "properties": { "EntityHand": "21CDF", "length_m": 938.80896720267128, "coverage_pct": 37.8591201153125 }, "geometry": { "type": "LineString", "coordinates": [ [ 12.425581006141647, 41.903504001147255, 0.0 ], [ 12.425683006141595, 41.903312001147242, 0.0 ], [ 12.42588800614149, 41.902981001147289, 0.0 ], [ 12.426391006141225, 41.902265001147327, 0.0 ], [ 12.426556006141144, 41.902056001147329, 0.0 ], [ 12.426684006141082, 41.901920001147325, 0.0 ], [ 12.426888006140985, 41.901688001147335, 0.0 ], [ 12.426609006141058, 41.901494001147363, 0.0 ], [ 12.426657006141049, 41.901469001147376, 0.0 ], [ 12.426766006141001, 41.901411001147373, 0.0 ], [ 12.427070006140873, 41.901230001147361, 0.0 ], [ 12.427108006140857, 41.90120700114737, 0.0 ], [ 12.427411006140725, 41.90102800114736, 0.0 ], [ 12.427596006140643, 41.900917001147377, 0.0 ], [ 12.427388006140745, 41.901148001147362, 0.0 ], [ 12.427244006140818, 41.901312001147353, 0.0 ], [ 12.427178006140849, 41.901385001147332, 0.0 ], [ 12.426921006140967, 41.901654001147342, 0.0 ], [ 12.425581006141647, 41.903504001147255, 0.0 ] ] } },
{ "type": "Feature", "properties": { "EntityHand": "21D12", "length_m": 199.84753089029275, "coverage_pct": 77.654449752176717 }, "geometry": { "type": "LineString", "coordinates": [ [ 12.451345006131856, 41.899122001146374, 0.0 ], [ 12.451675006131735, 41.899171001146364, 0.0 ], [ 12.451784006131698, 41.899190001146366, 0.0 ], [ 12.451831006131687, 41.899206001146354, 0.0 ], [ 12.451922006131657, 41.899236001146384, 0.0 ], [ 12.452342006131527, 41.89943200114633, 0.0 ], [ 12.452637006131429, 41.899541001146297, 0.0 ], [ 12.452858006131363, 41.899620001146282, 0.0 ], [ 12.452978006131321, 41.899647001146278, 0.0 ] ] } },
{ "type": "Feature", "properties": { "EntityHand": "21D26", "length_m": 140.92959940860226, "coverage_pct": 41.698387003455238 }, "geometry": { "type": "LineString", "coordinates": [ [ 12.414122006148126, 41.925152001146031, 0.0 ], [ 12.413896006148224, 41.925280001146035, 0.0 ], [ 12.413735006148263, 41.925124001146038, 0.0 ], [ 12.413698006148273, 41.925091001146043, 0.0 ], [ 12.413482006148323, 41.924896001146067, 0.0 ], [ 12.413588006148284, 41.924834001146067, 0.0 ], [ 12.413734006148227, 41.924749001146097, 0.0 ] ] } },
{ "type": "Feature", "properties": { "EntityHand": "21D36", "length_m": 75.410826707147606, "coverage_pct": 61.512155280477423 }, "geometry": { "type": "LineString", "coordinates": [ [ 12.426491006144033, 41.928641001145166, 0.0 ], [ 12.426550006144012, 41.928556001145182, 0.0 ], [ 12.426635006143975, 41.928501001145158, 0.0 ], [ 12.426779006143915, 41.92848200114517, 0.0 ], [ 12.426894006143874, 41.928502001145155, 0.0 ], [ 12.427009006143846, 41.92859700114515, 0.0 ] ] } },
{ "type": "Feature", "properties": { "EntityHand": "21D3B", "length_m": 54.330822979174471, "coverage_pct": 75.408728089988315 }, "geometry": { "type": "LineString", "coordinates": [ [ 12.426868006143865, 41.928253001145194, 0.0 ], [ 12.426833006143884, 41.928318001145179, 0.0 ], [ 12.426790006143902, 41.928363001145165, 0.0 ], [ 12.426689006143933, 41.928379001145174, 0.0 ], [ 12.426622006143958, 41.928350001145184, 0.0 ], [ 12.426586006143973, 41.9283180011452, 0.0 ], [ 12.426534006143983, 41.928270001145187, 0.0 ] ] } },
{ "type": "Feature", "properties": { "EntityHand": "21D85", "length_m": 1539.987595784552, "coverage_pct": 63.037974586188881 }, "geometry": { "type": "LineString", "coordinates": [ [ 12.425800006145094, 41.936077001144589, 0.0 ], [ 12.425848006145056, 41.93591700114461, 0.0 ], [ 12.426012006144965, 41.935646001144605, 0.0 ], [ 12.426041006144954, 41.935608001144622, 0.0 ], [ 12.426244006144847, 41.935330001144614, 0.0 ], [ 12.426288006144825, 41.935237001144614, 0.0 ], [ 12.426296006144808, 41.93511300114465, 0.0 ], [ 12.426284006144774, 41.934739001144685, 0.0 ], [ 12.426262006144755, 41.934524001144716, 0.0 ], [ 12.426273006144747, 41.934460001144693, 0.0 ], [ 12.426414006144674, 41.934268001144716, 0.0 ], [ 12.426385006144663, 41.93408100114474, 0.0 ], [ 12.426335006144644, 41.93373500114474, 0.0 ], [ 12.426274006144622, 41.933325001144802, 0.0 ], [ 12.426229006144609, 41.933073001144841, 0.0 ], [ 12.426204006144596, 41.932818001144831, 0.0 ], [ 12.42619900614457, 41.932576001144874, 0.0 ], [ 12.426266006144481, 41.931978001144927, 0.0 ], [ 12.426329006144385, 41.931361001144936, 0.0 ], [ 12.4264080061443, 41.930787001144978, 0.0 ], [ 12.426446006144218, 41.930170001145036, 0.0 ], [ 12.426446006144213, 41.930094001145051, 0.0 ], [ 12.426437006144139, 41.929395001145103, 0.0 ], [ 12.426449006144097, 41.929056001145113, 0.0 ], [ 12.426491006144033, 41.928641001145166, 0.0 ], [ 12.42651500614401, 41.928486001145174, 0.0 ], [ 12.426534006143983, 41.928270001145187, 0.0 ], [ 12.426538006143945, 41.92791800114523, 0.0 ], [ 12.426539006143932, 41.927812001145227, 0.0 ], [ 12.426542006143903, 41.927547001145271, 0.0 ], [ 12.426546006143885, 41.927404001145277, 0.0 ], [ 12.42653900614388, 41.927265001145294, 0.0 ], [ 12.426452006143871, 41.926914001145306, 0.0 ], [ 12.426406006143869, 41.926800001145303, 0.0 ], [ 12.42633800614388, 41.926618001145329, 0.0 ], [ 12.426219006143883, 41.926310001145367, 0.0 ], [ 12.426135006143879, 41.925948001145393, 0.0 ] ] } },
{ "type": "Feature", "properties": { "EntityHand": "21DC4", "length_m": 5232.2071083415503, "coverage_pct": 77.45745176895322 }, "geometry": { "type": "LineString", "coordinates": [ [ 12.42136300614728, 41.941454001144365, 0.0 ], [ 12.421992006147015, 41.941134001144341, 0.0 ], [ 12.422555006146789, 41.940930001144352, 0.0 ], [ 12.422622006146764, 41.940900001144335, 0.0 ], [ 12.422712006146723, 41.940855001144328, 0.0 ], [ 12.422781006146694, 41.940815001144351, 0.0 ], [ 12.422826006146677, 41.940786001144332, 0.0 ], [ 12.422871006146659, 41.940754001144349, 0.0 ], [ 12.422916006146636, 41.940720001144349, 0.0 ], [ 12.422954006146618, 41.94068600114435, 0.0 ], [ 12.423048006146571, 41.940581001144373, 0.0 ], [ 12.423212006146482, 41.940360001144349, 0.0 ], [ 12.423376006146407, 41.94013700114435, 0.0 ], [ 12.423456006146374, 41.940089001144372, 0.0 ], [ 12.423471006146364, 41.940083001144394, 0.0 ], [ 12.423485006146365, 41.940080001144402, 0.0 ], [ 12.423500006146362, 41.940077001144381, 0.0 ], [ 12.423516006146347, 41.940076001144355, 0.0 ], [ 12.423541006146342, 41.940079001144376, 0.0 ], [ 12.423562006146334, 41.940086001144373, 0.0 ], [ 12.423578006146331, 41.940093001144383, 0.0 ], [ 12.423594006146322, 41.94010100114437, 0.0 ], [ 12.423617006146316, 41.940116001144354, 0.0 ], [ 12.423631006146319, 41.940135001144355, 0.0 ], [ 12.423640006146311, 41.94016000114437, 0.0 ], [ 12.423644006146313, 41.940184001144345, 0.0 ], [ 12.423224006146514, 41.940615001144351, 0.0 ], [ 12.423136006146551, 41.940700001144322, 0.0 ], [ 12.423073006146582, 41.94075300114433, 0.0 ], [ 12.423005006146608, 41.940805001144319, 0.0 ], [ 12.422934006146638, 41.940852001144329, 0.0 ], [ 12.422859006146684, 41.940898001144355, 0.0 ], [ 12.422783006146709, 41.940942001144336, 0.0 ], [ 12.422726006146725, 41.940968001144313, 0.0 ], [ 12.422611006146781, 41.941020001144359, 0.0 ], [ 12.422242006146931, 41.941153001144357, 0.0 ], [ 12.42136300614728, 41.941454001144365, 0.0 ], [ 12.421323006147295, 41.941473001144381, 0.0 ], [ 12.421283006147311, 41.94149300114438, 0.0 ], [ 12.421244006147324, 41.941517001144362, 0.0 ], [ 12.421208006147342, 41.941540001144389, 0.0 ], [ 12.421153006147371, 41.941582001144369, 0.0 ], [ 12.420992006147433, 41.941689001144347, 0.0 ], [ 12.420908006147476, 41.941744001144357, 0.0 ], [ 12.420808006147508, 41.941801001144341, 0.0 ], [ 12.420416006147683, 41.942024001144389, 0.0 ], [ 12.420260006147751, 41.942114001144361, 0.0 ], [ 12.420134006147801, 41.94220000114435, 0.0 ], [ 12.420028006147842, 41.942280001144347, 0.0 ], [ 12.419920006147899, 41.942368001144352, 0.0 ], [ 12.419827006147941, 41.94245600114435, 0.0 ], [ 12.419690006148006, 41.942620001144341, 0.0 ], [ 12.419190006148259, 41.943310001144319, 0.0 ], [ 12.418718006148515, 41.944052001144257, 0.0 ], [ 12.418666006148534, 41.944124001144267, 0.0 ], [ 12.418199006148777, 41.944819001144232, 0.0 ], [ 12.417812006148974, 41.945325001144205, 0.0 ], [ 12.417715006149017, 41.945452001144204, 0.0 ], [ 12.417524006149117, 41.945687001144201, 0.0 ], [ 12.417415006149172, 41.945812001144205, 0.0 ], [ 12.417362006149199, 41.945874001144198, 0.0 ], [ 12.417178006149284, 41.946078001144194, 0.0 ], [ 12.416819006149463, 41.946501001144178, 0.0 ], [ 12.416449006149634, 41.946867001144142, 0.0 ], [ 12.416053006149809, 41.947192001144117, 0.0 ], [ 12.415463006150075, 41.947638001144156, 0.0 ], [ 12.414882006150334, 41.948099001144115, 0.0 ], [ 12.414532006150495, 41.948466001144133, 0.0 ], [ 12.414203006150663, 41.9488790011441, 0.0 ], [ 12.413893006150813, 41.9492280011441, 0.0 ], [ 12.413467006151016, 41.949652001144067, 0.0 ], [ 12.41318500615114, 41.949904001144056, 0.0 ], [ 12.412940006151253, 41.950103001144065, 0.0 ], [ 12.412666006151378, 41.950327001144032, 0.0 ], [ 12.412548006151427, 41.950448001144053, 0.0 ], [ 12.412469006151474, 41.950570001144037, 0.0 ], [ 12.412411006151505, 41.950703001144035, 0.0 ], [ 12.412386006151522, 41.950834001144003, 0.0 ], [ 12.412366006151563, 41.951049001144014, 0.0 ], [ 12.412379006151573, 41.951204001143999, 0.0 ], [ 12.412386006151578, 41.95129200114399, 0.0 ], [ 12.412389006151592, 41.951466001143991, 0.0 ], [ 12.412388006151632, 41.95177100114396, 0.0 ], [ 12.412381006151634, 41.951834001143951, 0.0 ], [ 12.412370006151646, 41.951888001143928, 0.0 ], [ 12.412255006151739, 41.952340001143895, 0.0 ], [ 12.4121800061518, 41.952653001143872, 0.0 ], [ 12.412077006151911, 41.953380001143827, 0.0 ], [ 12.412067006151933, 41.953469001143816, 0.0 ], [ 12.41204900615195, 41.953604001143809, 0.0 ], [ 12.412044006151968, 41.953781001143795, 0.0 ], [ 12.41204600615198, 41.95391100114378, 0.0 ], [ 12.412058006152, 41.95404600114378, 0.0 ], [ 12.412107006152016, 41.954372001143767, 0.0 ], [ 12.412118006152015, 41.954425001143761, 0.0 ], [ 12.412173006152022, 41.954678001143741, 0.0 ], [ 12.412231006152028, 41.954983001143688, 0.0 ], [ 12.412301006152036, 41.955264001143668, 0.0 ], [ 12.412370006152042, 41.955502001143664, 0.0 ], [ 12.412451006152049, 41.955885001143614, 0.0 ], [ 12.412476006152083, 41.956266001143582, 0.0 ], [ 12.412478006152103, 41.956410001143567, 0.0 ], [ 12.412409006152229, 41.957316001143511, 0.0 ], [ 12.412400006152234, 41.957379001143501, 0.0 ], [ 12.412395006152247, 41.957460001143488, 0.0 ], [ 12.412389006152249, 41.957546001143442, 0.0 ], [ 12.412385006152293, 41.95786800114346, 0.0 ], [ 12.412379006152335, 41.958245001143439, 0.0 ], [ 12.412343006152375, 41.958501001143389, 0.0 ], [ 12.412304006152414, 41.958732001143382, 0.0 ], [ 12.412273006152443, 41.958874001143393, 0.0 ], [ 12.412246006152463, 41.958950001143364, 0.0 ], [ 12.412212006152478, 41.959044001143347, 0.0 ], [ 12.412154006152511, 41.959158001143372, 0.0 ], [ 12.412109006152539, 41.959249001143363, 0.0 ], [ 12.412088006152546, 41.959291001143342, 0.0 ], [ 12.412063006152563, 41.959333001143357, 0.0 ], [ 12.411985006152603, 41.959440001143356, 0.0 ], [ 12.411749006152716, 41.959684001143323, 0.0 ], [ 12.411520006152822, 41.959842001143336, 0.0 ], [ 12.41118300615296, 41.960059001143335, 0.0 ], [ 12.411120006152993, 41.960102001143341, 0.0 ], [ 12.411042006153025, 41.960156001143325, 0.0 ], [ 12.410900006153085, 41.960255001143317, 0.0 ], [ 12.41072400615316, 41.960372001143327, 0.0 ], [ 12.410574006153222, 41.96047300114332, 0.0 ], [ 12.410482006153266, 41.960550001143297, 0.0 ], [ 12.410287006153354, 41.960711001143302, 0.0 ], [ 12.410221006153382, 41.960764001143318, 0.0 ], [ 12.409963006153497, 41.960970001143309, 0.0 ], [ 12.409735006153603, 41.961174001143299, 0.0 ], [ 12.409324006153797, 41.961609001143273, 0.0 ], [ 12.408832006154039, 41.962150001143264, 0.0 ], [ 12.408708006154097, 41.962326001143268, 0.0 ], [ 12.408680006154116, 41.96238300114328, 0.0 ], [ 12.408666006154128, 41.962434001143258, 0.0 ], [ 12.408659006154132, 41.962487001143252, 0.0 ], [ 12.408658006154139, 41.962538001143258, 0.0 ], [ 12.408730006154189, 41.963223001143163, 0.0 ], [ 12.408799006154206, 41.963638001143146, 0.0 ], [ 12.408918006154211, 41.964054001143111, 0.0 ], [ 12.408997006154207, 41.964305001143096, 0.0 ], [ 12.409086006154217, 41.964632001143045, 0.0 ], [ 12.40916000615422, 41.964982001143021, 0.0 ], [ 12.40917600615423, 41.965087001143004, 0.0 ], [ 12.409263006154337, 41.966377001142902, 0.0 ], [ 12.409164006154347, 41.966109001142939, 0.0 ], [ 12.409104006154326, 41.965775001142958, 0.0 ], [ 12.409037006154314, 41.965374001142962, 0.0 ], [ 12.409027006154313, 41.965350001142994, 0.0 ], [ 12.409009006154317, 41.965333001142994, 0.0 ], [ 12.40898300615433, 41.965320001143006, 0.0 ], [ 12.408950006154335, 41.965311001142986, 0.0 ], [ 12.408912006154353, 41.965304001143011, 0.0 ], [ 12.408865006154366, 41.965300001143007, 0.0 ], [ 12.408930006154339, 41.965265001142988, 0.0 ], [ 12.408954006154328, 41.965247001143027, 0.0 ], [ 12.408972006154317, 41.965231001142982, 0.0 ], [ 12.40898600615431, 41.965216001142998, 0.0 ], [ 12.408998006154309, 41.965199001143027, 0.0 ], [ 12.4090040061543, 41.965187001143022, 0.0 ], [ 12.409009006154294, 41.965167001143008, 0.0 ], [ 12.408997006154207, 41.964305001143096, 0.0 ] ] } },
{ "type": "Feature", "properties": { "EntityHand": "21DD7", "length_m": 1059.6757872625001, "coverage_pct": 69.984144944239105 }, "geometry": { "type": "LineString", "coordinates": [ [ 12.42597900614501, 41.93591700114461, 0.0 ], [ 12.426223006144895, 41.935683001144618, 0.0 ], [ 12.426337006144841, 41.935576001144611, 0.0 ], [ 12.426464006144787, 41.935488001144606, 0.0 ], [ 12.426568006144745, 41.93544400114461, 0.0 ], [ 12.42666700614471, 41.935418001144591, 0.0 ], [ 12.426775006144666, 41.935412001144591, 0.0 ], [ 12.42689800614462, 41.935428001144615, 0.0 ], [ 12.427036006144577, 41.935476001144586, 0.0 ], [ 12.427183006144546, 41.935580001144572, 0.0 ], [ 12.427356006144498, 41.935810001144546, 0.0 ], [ 12.427472006144477, 41.935940001144523, 0.0 ], [ 12.427591006144437, 41.936041001144517, 0.0 ], [ 12.427765006144385, 41.936168001144488, 0.0 ], [ 12.427987006144331, 41.936321001144456, 0.0 ], [ 12.428232006144247, 41.936432001144468, 0.0 ], [ 12.428552006144146, 41.936524001144413, 0.0 ], [ 12.428684006144097, 41.9365460011444, 0.0 ], [ 12.428914006144023, 41.936588001144415, 0.0 ], [ 12.429199006143923, 41.936629001144389, 0.0 ], [ 12.429475006143825, 41.936641001144388, 0.0 ], [ 12.429712006143738, 41.936643001144347, 0.0 ], [ 12.429962006143652, 41.936624001144359, 0.0 ], [ 12.430193006143561, 41.936576001144338, 0.0 ], [ 12.4303410061435, 41.936522001144326, 0.0 ], [ 12.430568006143396, 41.93639400114435, 0.0 ], [ 12.430775006143318, 41.936259001144315, 0.0 ], [ 12.430889006143259, 41.936176001144361, 0.0 ], [ 12.430988006143222, 41.936100001144368, 0.0 ], [ 12.431115006143159, 41.935994001144365, 0.0 ], [ 12.431296006143079, 41.935845001144351, 0.0 ], [ 12.431478006142997, 41.935682001144336, 0.0 ], [ 12.431734006142884, 41.935471001144371, 0.0 ], [ 12.431895006142804, 41.935334001144348, 0.0 ], [ 12.431983006142769, 41.935255001144377, 0.0 ], [ 12.432161006142689, 41.935156001144371, 0.0 ], [ 12.432417006142581, 41.935022001144354, 0.0 ], [ 12.432787006142432, 41.934840001144352, 0.0 ], [ 12.433100006142297, 41.934668001144367, 0.0 ], [ 12.433302006142215, 41.934570001144372, 0.0 ], [ 12.433488006142143, 41.934487001144362, 0.0 ] ] } },
{ "type": "Feature", "properties": { "EntityHand": "21DE0", "length_m": 206.04760462808622, "coverage_pct": 28.956381407427891 }, "geometry": { "type": "LineString", "coordinates": [ [ 12.447608006135871, 41.923827001144574, 0.0 ], [ 12.447353006135968, 41.923836001144586, 0.0 ], [ 12.447240006136006, 41.923840001144583, 0.0 ], [ 12.44656900613626, 41.9238670011446, 0.0 ], [ 12.446515006136273, 41.923858001144616, 0.0 ], [ 12.446378006136321, 41.923834001144606, 0.0 ], [ 12.4461300061364, 41.923711001144639, 0.0 ], [ 12.445992006136443, 41.923612001144662, 0.0 ], [ 12.445898006136462, 41.923551001144681, 0.0 ] ] } },
{ "type": "Feature", "properties": { "EntityHand": "21E0E", "length_m": 70.732898127208983, "coverage_pct": 47.741951984577298 }, "geometry": { "type": "LineString", "coordinates": [ [ 12.452794006135099, 41.934011001143467, 0.0 ], [ 12.452717006135115, 41.933966001143503, 0.0 ], [ 12.452611006135148, 41.933936001143501, 0.0 ], [ 12.452477006135194, 41.933850001143526, 0.0 ], [ 12.4523830061352, 41.933680001143543, 0.0 ] ] } },
{ "type": "Feature", "properties": { "EntityHand": "21E2F", "length_m": 57.585623987633802, "coverage_pct": 25.094816035496954 }, "geometry": { "type": "LineString", "coordinates": [ [ 12.464739006130999, 41.936305001142749, 0.0 ], [ 12.464930006130913, 41.936155001142737, 0.0 ], [ 12.465037006130871, 41.93607200114274, 0.0 ], [ 12.465098006130846, 41.936028001142759, 0.0 ] ] } },
{ "type": "Feature", "properties": { "EntityHand": "21E45", "length_m": 62.985883326544766, "coverage_pct": 75.309182286380832 }, "geometry": { "type": "LineString", "coordinates": [ [ 12.470321006129472, 41.9409890011421, 0.0 ], [ 12.470493006129427, 41.941094001142069, 0.0 ], [ 12.470638006129379, 41.941157001142066, 0.0 ], [ 12.470646006129376, 41.94115900114209, 0.0 ], [ 12.470655006129373, 41.941160001142066, 0.0 ], [ 12.470664006129374, 41.941160001142087, 0.0 ], [ 12.470672006129364, 41.941159001142069, 0.0 ], [ 12.470682006129364, 41.941158001142071, 0.0 ], [ 12.470691006129362, 41.941155001142079, 0.0 ], [ 12.470699006129351, 41.941152001142065, 0.0 ], [ 12.470706006129356, 41.941147001142063, 0.0 ], [ 12.470715006129348, 41.941138001142072, 0.0 ], [ 12.470763006129326, 41.941084001142066, 0.0 ] ] } },
{ "type": "Feature", "properties": { "EntityHand": "21E48", "length_m": 36.310515756659015, "coverage_pct": 73.792082601060372 }, "geometry": { "type": "LineString", "coordinates": [ [ 12.468475006130806, 41.947103001141677, 0.0 ], [ 12.468531006130814, 41.947342001141664, 0.0 ] ] } },
{ "type": "Feature", "properties": { "EntityHand": "21EBD", "length_m": 20675.734724655562, "coverage_pct": 31.994432836994967 }, "geometry": { "type": "LineString", "coordinates": [ [ 12.379317006159647, 41.916028001148419, 0.0 ], [ 12.379297006159661, 41.916140001148406, 0.0 ], [ 12.379284006159674, 41.916195001148402, 0.0 ], [ 12.379263006159688, 41.91625000114842, 0.0 ], [ 12.379241006159699, 41.91629900114841, 0.0 ], [ 12.379211006159718, 41.916347001148381, 0.0 ], [ 12.379167006159745, 41.916411001148383, 0.0 ], [ 12.378993006159822, 41.916624001148406, 0.0 ], [ 12.3788460061599, 41.916847001148369, 0.0 ], [ 12.378474006160122, 41.917598001148349, 0.0 ], [ 12.378155006160291, 41.918111001148297, 0.0 ], [ 12.377966006160376, 41.918361001148298, 0.0 ], [ 12.377920006160402, 41.918420001148284, 0.0 ], [ 12.377749006160478, 41.918565001148288, 0.0 ], [ 12.377675006160516, 41.918622001148279, 0.0 ], [ 12.377602006160547, 41.918676001148299, 0.0 ], [ 12.377521006160585, 41.918731001148281, 0.0 ], [ 12.377441006160614, 41.91878300114827, 0.0 ], [ 12.377276006160685, 41.918880001148288, 0.0 ], [ 12.377240006160708, 41.918910001148305, 0.0 ], [ 12.377202006160719, 41.918949001148277, 0.0 ], [ 12.376942006160849, 41.919312001148256, 0.0 ], [ 12.376410006161136, 41.920187001148207, 0.0 ], [ 12.376354006161169, 41.920278001148205, 0.0 ], [ 12.376047006161331, 41.920802001148182, 0.0 ], [ 12.375960006161383, 41.920950001148178, 0.0 ], [ 12.375850006161441, 41.921178001148157, 0.0 ], [ 12.375750006161494, 41.92133800114815, 0.0 ], [ 12.375721006161509, 41.921378001148156, 0.0 ], [ 12.375675006161533, 41.921434001148143, 0.0 ], [ 12.375634006161556, 41.921476001148136, 0.0 ], [ 12.375570006161585, 41.921531001148146, 0.0 ], [ 12.375493006161619, 41.921587001148154, 0.0 ], [ 12.375426006161639, 41.921628001148157, 0.0 ], [ 12.375228006161725, 41.92174000114813, 0.0 ], [ 12.374897006161861, 41.921889001148159, 0.0 ], [ 12.37466300616196, 41.921995001148183, 0.0 ], [ 12.374582006161983, 41.922026001148154, 0.0 ], [ 12.37449900616202, 41.92205400114814, 0.0 ], [ 12.374395006162063, 41.92208500114814, 0.0 ], [ 12.374336006162087, 41.92210100114815, 0.0 ], [ 12.374268006162112, 41.922116001148162, 0.0 ], [ 12.374212006162132, 41.922128001148167, 0.0 ], [ 12.374154006162151, 41.922137001148151, 0.0 ], [ 12.374076006162181, 41.92214800114818, 0.0 ], [ 12.373996006162212, 41.922157001148179, 0.0 ], [ 12.373766006162297, 41.922174001148171, 0.0 ], [ 12.373708006162321, 41.922177001148171, 0.0 ], [ 12.37364700616234, 41.922178001148183, 0.0 ], [ 12.373586006162361, 41.922178001148183, 0.0 ], [ 12.373521006162392, 41.922177001148192, 0.0 ], [ 12.373460006162405, 41.92217500114819, 0.0 ], [ 12.373401006162423, 41.922170001148181, 0.0 ], [ 12.373347006162446, 41.922165001148201, 0.0 ], [ 12.373296006162464, 41.922156001148203, 0.0 ], [ 12.373243006162481, 41.922143001148207, 0.0 ], [ 12.373186006162506, 41.922128001148231, 0.0 ], [ 12.37313100616252, 41.92210700114822, 0.0 ], [ 12.373071006162531, 41.922084001148214, 0.0 ], [ 12.372851006162605, 41.921976001148238, 0.0 ], [ 12.372711006162648, 41.92190100114825, 0.0 ], [ 12.372639006162672, 41.921862001148263, 0.0 ], [ 12.372596006162684, 41.921842001148256, 0.0 ], [ 12.372552006162694, 41.921824001148266, 0.0 ], [ 12.372510006162704, 41.921808001148278, 0.0 ], [ 12.372468006162716, 41.921794001148271, 0.0 ], [ 12.372432006162741, 41.921784001148275, 0.0 ], [ 12.372388006162746, 41.921776001148267, 0.0 ], [ 12.372323006162768, 41.921770001148268, 0.0 ], [ 12.372259006162796, 41.921770001148282, 0.0 ], [ 12.372211006162807, 41.921774001148279, 0.0 ], [ 12.372176006162819, 41.921777001148286, 0.0 ], [ 12.372135006162843, 41.921784001148282, 0.0 ], [ 12.372093006162855, 41.921792001148276, 0.0 ], [ 12.372060006162869, 41.921801001148289, 0.0 ], [ 12.372025006162881, 41.921812001148275, 0.0 ], [ 12.371953006162908, 41.921836001148272, 0.0 ], [ 12.371656006163031, 41.921975001148311, 0.0 ], [ 12.371227006163203, 41.922196001148301, 0.0 ], [ 12.371120006163254, 41.922242001148319, 0.0 ], [ 12.371015006163297, 41.9222780011483, 0.0 ], [ 12.370904006163338, 41.922309001148307, 0.0 ], [ 12.370777006163383, 41.922337001148307, 0.0 ], [ 12.370507006163484, 41.922383001148326, 0.0 ], [ 12.369964006163684, 41.922468001148324, 0.0 ], [ 12.369391006163905, 41.922610001148364, 0.0 ], [ 12.368722006164175, 41.92283400114836, 0.0 ], [ 12.368622006164214, 41.922870001148368, 0.0 ], [ 12.368560006164238, 41.922895001148355, 0.0 ], [ 12.368413006164296, 41.922956001148371, 0.0 ], [ 12.368270006164362, 41.923018001148378, 0.0 ], [ 12.368128006164419, 41.92308200114838, 0.0 ], [ 12.367963006164475, 41.923161001148387, 0.0 ], [ 12.367842006164528, 41.923221001148363, 0.0 ], [ 12.367589006164634, 41.92335200114838, 0.0 ], [ 12.367440006164706, 41.923460001148385, 0.0 ], [ 12.367048006164872, 41.923738001148386, 0.0 ], [ 12.36674000616501, 41.923980001148394, 0.0 ], [ 12.366388006165151, 41.924197001148357, 0.0 ], [ 12.366254006165214, 41.924264001148366, 0.0 ], [ 12.366221006165231, 41.924278001148366, 0.0 ], [ 12.366175006165243, 41.924294001148382, 0.0 ], [ 12.366118006165259, 41.924312001148358, 0.0 ], [ 12.36605900616529, 41.924328001148353, 0.0 ], [ 12.365911006165346, 41.924363001148379, 0.0 ], [ 12.365817006165377, 41.924382001148388, 0.0 ], [ 12.365710006165417, 41.924397001148385, 0.0 ], [ 12.365592006165462, 41.9244080011484, 0.0 ], [ 12.365488006165499, 41.924415001148382, 0.0 ], [ 12.36523400616559, 41.924418001148389, 0.0 ], [ 12.365125006165631, 41.924426001148397, 0.0 ], [ 12.365091006165638, 41.924430001148387, 0.0 ], [ 12.365054006165655, 41.924435001148403, 0.0 ], [ 12.365020006165668, 41.924442001148407, 0.0 ], [ 12.364983006165687, 41.924451001148412, 0.0 ], [ 12.364955006165699, 41.924460001148418, 0.0 ], [ 12.364921006165709, 41.924472001148423, 0.0 ], [ 12.364873006165723, 41.924493001148413, 0.0 ], [ 12.36481400616576, 41.924525001148425, 0.0 ], [ 12.364764006165775, 41.924554001148394, 0.0 ], [ 12.364512006165887, 41.924744001148412, 0.0 ], [ 12.36417300616603, 41.925014001148377, 0.0 ], [ 12.364082006166068, 41.925068001148389, 0.0 ], [ 12.363975006166116, 41.925118001148398, 0.0 ], [ 12.363840006166171, 41.925165001148429, 0.0 ], [ 12.363693006166228, 41.925201001148423, 0.0 ], [ 12.36355300616628, 41.925223001148439, 0.0 ], [ 12.363375006166342, 41.925247001148421, 0.0 ], [ 12.363199006166402, 41.925267001148413, 0.0 ], [ 12.363027006166474, 41.925284001148427, 0.0 ], [ 12.362781006166562, 41.92530400114844, 0.0 ], [ 12.362554006166645, 41.925352001148475, 0.0 ], [ 12.36237600616672, 41.925405001148462, 0.0 ], [ 12.362132006166815, 41.925471001148473, 0.0 ], [ 12.36170500616698, 41.925597001148475, 0.0 ], [ 12.361496006167055, 41.925656001148482, 0.0 ], [ 12.361432006167089, 41.925672001148492, 0.0 ], [ 12.361367006167107, 41.925688001148487, 0.0 ], [ 12.361295006167135, 41.925705001148479, 0.0 ], [ 12.361224006167159, 41.925720001148505, 0.0 ], [ 12.36110400616721, 41.925744001148495, 0.0 ], [ 12.360983006167256, 41.925768001148498, 0.0 ], [ 12.360843006167309, 41.92579600114852, 0.0 ], [ 12.360556006167418, 41.925863001148493, 0.0 ], [ 12.360471006167453, 41.925887001148496, 0.0 ], [ 12.360389006167484, 41.925911001148499, 0.0 ], [ 12.360309006167521, 41.925938001148502, 0.0 ], [ 12.360233006167547, 41.925964001148529, 0.0 ], [ 12.360082006167604, 41.926020001148522, 0.0 ], [ 12.359953006167659, 41.926077001148514, 0.0 ], [ 12.359842006167705, 41.926138001148537, 0.0 ], [ 12.359719006167754, 41.926205001148517, 0.0 ], [ 12.35965700616778, 41.926246001148492, 0.0 ], [ 12.359596006167813, 41.926292001148511, 0.0 ], [ 12.359537006167832, 41.926339001148541, 0.0 ], [ 12.359478006167857, 41.926390001148519, 0.0 ], [ 12.359391006167902, 41.926476001148522, 0.0 ], [ 12.359211006167985, 41.926713001148492, 0.0 ], [ 12.359139006168025, 41.92681900114848, 0.0 ], [ 12.358948006168117, 41.927048001148492, 0.0 ], [ 12.358866006168157, 41.927146001148493, 0.0 ], [ 12.358853006168165, 41.92717000114849, 0.0 ], [ 12.358843006168174, 41.927190001148496, 0.0 ], [ 12.358834006168177, 41.927216001148487, 0.0 ], [ 12.358828006168185, 41.927238001148488, 0.0 ], [ 12.358808006168214, 41.927422001148457, 0.0 ], [ 12.358805006168225, 41.927551001148473, 0.0 ], [ 12.358797006168231, 41.927593001148459, 0.0 ], [ 12.358780006168249, 41.927630001148458, 0.0 ], [ 12.358758006168257, 41.92766700114845, 0.0 ], [ 12.358728006168274, 41.92770000114843, 0.0 ], [ 12.358694006168287, 41.927734001148444, 0.0 ], [ 12.358641006168313, 41.927768001148443, 0.0 ], [ 12.358591006168323, 41.92779300114843, 0.0 ], [ 12.358363006168423, 41.927889001148451, 0.0 ], [ 12.358033006168551, 41.92802000114844, 0.0 ], [ 12.357770006168657, 41.928137001148436, 0.0 ], [ 12.357368006168823, 41.928371001148435, 0.0 ], [ 12.357064006168956, 41.928523001148463, 0.0 ], [ 12.356998006168977, 41.928541001148453, 0.0 ], [ 12.356925006169002, 41.928552001148482, 0.0 ], [ 12.356878006169021, 41.928553001148479, 0.0 ], [ 12.356838006169038, 41.928551001148456, 0.0 ], [ 12.356788006169054, 41.928546001148455, 0.0 ], [ 12.356746006169068, 41.928538001148461, 0.0 ], [ 12.356680006169086, 41.928519001148466, 0.0 ], [ 12.356623006169103, 41.928488001148452, 0.0 ], [ 12.356413006169163, 41.92834400114851, 0.0 ], [ 12.356310006169199, 41.928293001148511, 0.0 ], [ 12.356215006169226, 41.92825900114854, 0.0 ], [ 12.356166006169239, 41.928247001148534, 0.0 ], [ 12.356114006169255, 41.928236001148505, 0.0 ], [ 12.356060006169274, 41.92822900114853, 0.0 ], [ 12.356003006169299, 41.928224001148536, 0.0 ], [ 12.35529700616955, 41.928236001148548, 0.0 ], [ 12.354626006169793, 41.928236001148612, 0.0 ], [ 12.354555006169814, 41.928235001148579, 0.0 ], [ 12.354481006169845, 41.928233001148627, 0.0 ], [ 12.354401006169867, 41.928230001148592, 0.0 ], [ 12.354319006169897, 41.928226001148616, 0.0 ], [ 12.354162006169956, 41.928215001148615, 0.0 ], [ 12.354106006169971, 41.928210001148621, 0.0 ], [ 12.354046006169998, 41.928204001148607, 0.0 ], [ 12.353962006170025, 41.928191001148605, 0.0 ], [ 12.353838006170056, 41.928166001148639, 0.0 ], [ 12.353687006170107, 41.928126001148655, 0.0 ], [ 12.353282006170248, 41.928006001148674, 0.0 ], [ 12.35320700617028, 41.928079001148674, 0.0 ], [ 12.353020006170373, 41.928305001148672, 0.0 ], [ 12.352508006170627, 41.928969001148623, 0.0 ], [ 12.352412006170674, 41.929106001148604, 0.0 ], [ 12.352233006170765, 41.92936400114862, 0.0 ], [ 12.352045006170876, 41.929739001148597, 0.0 ], [ 12.35039900617182, 41.933063001148383, 0.0 ], [ 12.349388006172401, 41.935132001148283, 0.0 ], [ 12.348648006172848, 41.936799001148188, 0.0 ], [ 12.348587006172888, 41.936978001148169, 0.0 ], [ 12.348539006172928, 41.937153001148147, 0.0 ], [ 12.348502006172957, 41.937345001148138, 0.0 ], [ 12.348485006172972, 41.937450001148122, 0.0 ], [ 12.348381006173126, 41.938501001148055, 0.0 ], [ 12.348248006173284, 41.939463001147985, 0.0 ], [ 12.348213006173332, 41.939807001147948, 0.0 ], [ 12.348259006173333, 41.940003001147915, 0.0 ], [ 12.348350006173318, 41.940139001147941, 0.0 ], [ 12.348470006173281, 41.940269001147904, 0.0 ], [ 12.348768006173207, 41.940470001147879, 0.0 ], [ 12.349984006172868, 41.941324001147741, 0.0 ], [ 12.350294006172772, 41.941532001147714, 0.0 ], [ 12.350682006172665, 41.941792001147697, 0.0 ], [ 12.351066006172559, 41.942084001147641, 0.0 ], [ 12.351607006172417, 41.94259400114759, 0.0 ], [ 12.353358006171995, 41.94443000114731, 0.0 ], [ 12.353501006171962, 41.944593001147311, 0.0 ], [ 12.353573006171953, 41.944686001147311, 0.0 ], [ 12.353628006171942, 41.944782001147288, 0.0 ], [ 12.353667006171936, 41.944869001147289, 0.0 ], [ 12.353739006171931, 41.945147001147262, 0.0 ], [ 12.353878006171957, 41.945788001147221, 0.0 ], [ 12.354086006171965, 41.946527001147153, 0.0 ], [ 12.354289006171973, 41.947259001147067, 0.0 ], [ 12.354525006171968, 41.948039001146974, 0.0 ], [ 12.354652006171976, 41.94851600114692, 0.0 ], [ 12.354811006171966, 41.948935001146921, 0.0 ], [ 12.355176006171936, 41.949848001146819, 0.0 ], [ 12.355357006171896, 41.950078001146743, 0.0 ], [ 12.355840006171771, 41.950509001146742, 0.0 ], [ 12.355999006171736, 41.950651001146717, 0.0 ], [ 12.356313006171645, 41.950938001146646, 0.0 ], [ 12.356425006171621, 41.951053001146668, 0.0 ], [ 12.3565130061716, 41.951163001146632, 0.0 ], [ 12.356592006171589, 41.951279001146624, 0.0 ], [ 12.356625006171582, 41.951339001146621, 0.0 ], [ 12.356658006171575, 41.951404001146614, 0.0 ], [ 12.356681006171574, 41.951462001146588, 0.0 ], [ 12.356702006171581, 41.951524001146602, 0.0 ], [ 12.35671500617158, 41.951583001146602, 0.0 ], [ 12.356731006171573, 41.951658001146583, 0.0 ], [ 12.356853006171654, 41.952790001146504, 0.0 ], [ 12.356870006171672, 41.952981001146483, 0.0 ], [ 12.35690000617168, 41.953127001146449, 0.0 ], [ 12.356945006171664, 41.953239001146457, 0.0 ], [ 12.35701300617167, 41.953339001146425, 0.0 ], [ 12.357176006171622, 41.953515001146414, 0.0 ], [ 12.358111006171375, 41.954332001146319, 0.0 ], [ 12.358169006171368, 41.954400001146297, 0.0 ], [ 12.358223006171356, 41.954473001146312, 0.0 ], [ 12.358262006171341, 41.954541001146282, 0.0 ], [ 12.358298006171333, 41.954614001146268, 0.0 ], [ 12.358798006171309, 41.956040001146135, 0.0 ], [ 12.359163006171299, 41.957079001146056, 0.0 ], [ 12.359280006171291, 41.95736400114599, 0.0 ], [ 12.359373006171264, 41.95748000114596, 0.0 ], [ 12.359470006171241, 41.957574001146, 0.0 ], [ 12.35974700617116, 41.95776000114595, 0.0 ], [ 12.360081006171061, 41.95796200114593, 0.0 ], [ 12.36038600617098, 41.958150001145896, 0.0 ], [ 12.36052600617095, 41.958310001145875, 0.0 ], [ 12.360679006170919, 41.958560001145862, 0.0 ], [ 12.360963006170879, 41.959155001145795, 0.0 ], [ 12.361007006170883, 41.959313001145773, 0.0 ], [ 12.361029006170886, 41.959471001145737, 0.0 ], [ 12.361023006170925, 41.959781001145721, 0.0 ], [ 12.36094300617102, 41.960349001145694, 0.0 ], [ 12.360944006171039, 41.960619001145652, 0.0 ], [ 12.361035006171065, 41.961087001145629, 0.0 ], [ 12.361232006171051, 41.961588001145579, 0.0 ], [ 12.361288006171041, 41.961712001145543, 0.0 ], [ 12.361358006171031, 41.961838001145559, 0.0 ], [ 12.361434006171017, 41.961960001145528, 0.0 ], [ 12.361538006170994, 41.962112001145499, 0.0 ], [ 12.361665006170972, 41.962267001145491, 0.0 ], [ 12.362075006170874, 41.96272700114546, 0.0 ], [ 12.363679006170493, 41.96452800114524, 0.0 ], [ 12.364078006170399, 41.964985001145152, 0.0 ], [ 12.364130006170384, 41.965043001145141, 0.0 ], [ 12.364292006170349, 41.965221001145146, 0.0 ], [ 12.364408006170322, 41.965378001145098, 0.0 ], [ 12.364443006170315, 41.965426001145097, 0.0 ], [ 12.364546006170299, 41.965596001145052, 0.0 ], [ 12.364580006170298, 41.965660001145046, 0.0 ], [ 12.364606006170293, 41.965723001145058, 0.0 ], [ 12.364626006170282, 41.965771001145079, 0.0 ], [ 12.364837006170278, 41.966328001145023, 0.0 ], [ 12.365274006170246, 41.967510001144888, 0.0 ], [ 12.365822006170211, 41.968996001144745, 0.0 ], [ 12.366039006170206, 41.969595001144697, 0.0 ], [ 12.366172006170196, 41.96994100114469, 0.0 ], [ 12.366467006170168, 41.970766001144568, 0.0 ], [ 12.366590006170162, 41.971056001144518, 0.0 ], [ 12.36671600617014, 41.97124100114452, 0.0 ], [ 12.36689700617009, 41.971414001144517, 0.0 ], [ 12.367292006169992, 41.971788001144439, 0.0 ], [ 12.367579006169917, 41.972129001144424, 0.0 ], [ 12.367649006169916, 41.972306001144382, 0.0 ], [ 12.367694006169923, 41.97251300114435, 0.0 ], [ 12.367716006169941, 41.972753001144341, 0.0 ], [ 12.367700006169969, 41.972888001144334, 0.0 ], [ 12.367667006169995, 41.973068001144327, 0.0 ], [ 12.367600006170038, 41.973268001144326, 0.0 ], [ 12.367189006170282, 41.974100001144265, 0.0 ], [ 12.366794006170515, 41.974941001144231, 0.0 ], [ 12.366743006170546, 41.975154001144212, 0.0 ], [ 12.366731006170566, 41.975295001144183, 0.0 ], [ 12.366740006170584, 41.975447001144175, 0.0 ], [ 12.36676600617059, 41.975607001144148, 0.0 ], [ 12.366803006170588, 41.975754001144139, 0.0 ], [ 12.36739700617057, 41.977488001143961, 0.0 ], [ 12.367473006170565, 41.977709001143957, 0.0 ], [ 12.36756200617056, 41.97796900114394, 0.0 ], [ 12.367613006170581, 41.978273001143904, 0.0 ], [ 12.367624006170603, 41.978618001143857, 0.0 ], [ 12.367478006170854, 41.980351001143752, 0.0 ], [ 12.367369006170984, 41.981186001143705, 0.0 ], [ 12.367385006171002, 41.981438001143651, 0.0 ], [ 12.367622006170997, 41.98220800114359, 0.0 ], [ 12.367910006171, 41.983145001143498, 0.0 ], [ 12.368028006170986, 41.983428001143473, 0.0 ], [ 12.368077006170983, 41.983501001143473, 0.0 ], [ 12.368140006170965, 41.983568001143446, 0.0 ], [ 12.36822200617094, 41.98363400114345, 0.0 ], [ 12.368362006170898, 41.983726001143424, 0.0 ], [ 12.369051006170698, 41.984112001143366, 0.0 ], [ 12.369106006170682, 41.984148001143367, 0.0 ], [ 12.369161006170668, 41.984188001143345, 0.0 ], [ 12.369205006170658, 41.984224001143339, 0.0 ], [ 12.369249006170641, 41.984263001143361, 0.0 ], [ 12.369288006170629, 41.984302001143334, 0.0 ], [ 12.369322006170627, 41.984346001143336, 0.0 ], [ 12.369375006170609, 41.984428001143343, 0.0 ], [ 12.369566006170592, 41.984821001143253, 0.0 ], [ 12.36972600617058, 41.985201001143224, 0.0 ], [ 12.369739006170574, 41.985244001143236, 0.0 ], [ 12.369770006170578, 41.985346001143235, 0.0 ], [ 12.369798006170582, 41.985499001143232, 0.0 ], [ 12.369864006170674, 41.986568001143127, 0.0 ], [ 12.369907006170767, 41.987593001143033, 0.0 ], [ 12.369919006170798, 41.987861001142996, 0.0 ], [ 12.369959006170815, 41.988175001142984, 0.0 ], [ 12.3701000061708, 41.988501001142971, 0.0 ], [ 12.371001006170646, 41.9900380011428, 0.0 ], [ 12.371120006170621, 41.990252001142764, 0.0 ], [ 12.371215006170605, 41.990389001142738, 0.0 ], [ 12.371398006170562, 41.990612001142694, 0.0 ], [ 12.371987006170418, 41.991209001142643, 0.0 ], [ 12.37274800617023, 41.992023001142542, 0.0 ], [ 12.372820006170224, 41.99217400114253, 0.0 ], [ 12.373057006170225, 41.992997001142442, 0.0 ], [ 12.373282006170239, 41.993813001142385, 0.0 ], [ 12.373286006170261, 41.994034001142346, 0.0 ], [ 12.373237006170296, 41.994248001142331, 0.0 ], [ 12.372825006170538, 41.995071001142307, 0.0 ], [ 12.372743006170587, 41.995266001142305, 0.0 ], [ 12.372714006170611, 41.995374001142274, 0.0 ], [ 12.372704006170625, 41.995495001142245, 0.0 ], [ 12.372727006170638, 41.99566900114224, 0.0 ], [ 12.372777006170631, 41.995792001142227, 0.0 ], [ 12.372861006170634, 41.996060001142219, 0.0 ], [ 12.373026006170599, 41.996307001142185, 0.0 ], [ 12.373109006170582, 41.996409001142162, 0.0 ], [ 12.373236006170549, 41.996505001142147, 0.0 ], [ 12.373497006170465, 41.996617001142134, 0.0 ], [ 12.373803006170361, 41.996698001142107, 0.0 ], [ 12.373960006170318, 41.996789001142076, 0.0 ], [ 12.374061006170285, 41.996878001142079, 0.0 ], [ 12.374158006170262, 41.996976001142059, 0.0 ], [ 12.374731006170132, 41.997636001141984, 0.0 ], [ 12.374809006170116, 41.997747001141974, 0.0 ], [ 12.374849006170109, 41.997848001141953, 0.0 ], [ 12.374858006170117, 41.997926001141956, 0.0 ], [ 12.374847006170143, 41.998121001141939, 0.0 ], [ 12.374815006170181, 41.998337001141934, 0.0 ], [ 12.374709006170292, 41.999002001141875, 0.0 ], [ 12.374601006170359, 41.99927000114188, 0.0 ], [ 12.374575006170373, 41.999324001141865, 0.0 ], [ 12.374462006170431, 41.999551001141825, 0.0 ], [ 12.374451006170455, 41.999638001141825, 0.0 ], [ 12.374440006170458, 41.999726001141831, 0.0 ], [ 12.37443900617048, 41.999852001141797, 0.0 ], [ 12.374513006170474, 42.000037001141798, 0.0 ], [ 12.374601006170458, 42.000177001141779, 0.0 ], [ 12.374758006170419, 42.000361001141741, 0.0 ], [ 12.375015006170349, 42.000545001141745, 0.0 ], [ 12.375097006170323, 42.000604001141738, 0.0 ], [ 12.376189006170009, 42.00132400114164, 0.0 ], [ 12.376437006169937, 42.00148700114157, 0.0 ], [ 12.376863006169815, 42.001768001141542, 0.0 ], [ 12.377727006169568, 42.002283001141457, 0.0 ], [ 12.378017006169481, 42.002447001141462, 0.0 ], [ 12.378129006169436, 42.002511001141428, 0.0 ], [ 12.378360006169386, 42.002697001141392, 0.0 ], [ 12.378522006169339, 42.002850001141397, 0.0 ], [ 12.378559006169327, 42.002906001141376, 0.0 ], [ 12.378610006169325, 42.002985001141383, 0.0 ], [ 12.378656006169313, 42.003055001141369, 0.0 ], [ 12.37868400616931, 42.003098001141375, 0.0 ], [ 12.378764006169293, 42.003216001141354, 0.0 ], [ 12.378851006169272, 42.003343001141317, 0.0 ], [ 12.379006006169247, 42.003536001141299, 0.0 ], [ 12.379073006169229, 42.003606001141307, 0.0 ], [ 12.379168006169198, 42.003688001141285, 0.0 ], [ 12.379243006169183, 42.003742001141305, 0.0 ], [ 12.379312006169162, 42.003782001141289, 0.0 ], [ 12.379363006169143, 42.003806001141278, 0.0 ], [ 12.379422006169126, 42.003830001141267, 0.0 ], [ 12.3794820061691, 42.003849001141255, 0.0 ], [ 12.379695006169042, 42.003909001141253, 0.0 ], [ 12.379846006168984, 42.00395000114122, 0.0 ], [ 12.380378006168812, 42.00411100114119, 0.0 ], [ 12.380408006168798, 42.004118001141187, 0.0 ], [ 12.380440006168786, 42.004123001141181, 0.0 ], [ 12.38046800616878, 42.004126001141174, 0.0 ], [ 12.380501006168775, 42.004128001141197, 0.0 ], [ 12.380529006168757, 42.004127001141178, 0.0 ], [ 12.380556006168755, 42.004126001141202, 0.0 ], [ 12.38057800616874, 42.004123001141181, 0.0 ], [ 12.380602006168735, 42.004117001141196, 0.0 ], [ 12.380627006168728, 42.004110001141193, 0.0 ], [ 12.380645006168711, 42.004102001141185, 0.0 ], [ 12.380669006168707, 42.004089001141203, 0.0 ], [ 12.380689006168696, 42.004076001141179, 0.0 ], [ 12.380728006168678, 42.004046001141162, 0.0 ], [ 12.381189006168471, 42.003655001141205, 0.0 ], [ 12.381241006168446, 42.003614001141173, 0.0 ], [ 12.381311006168417, 42.003562001141191, 0.0 ], [ 12.381382006168392, 42.003517001141198, 0.0 ], [ 12.381432006168364, 42.00348900114119, 0.0 ], [ 12.381489006168348, 42.003461001141211, 0.0 ], [ 12.381546006168323, 42.00343700114118, 0.0 ], [ 12.381703006168255, 42.003381001141179, 0.0 ], [ 12.381782006168228, 42.003376001141191, 0.0 ], [ 12.381811006168219, 42.003375001141194, 0.0 ], [ 12.381842006168215, 42.003374001141204, 0.0 ], [ 12.381873006168194, 42.00337600114117, 0.0 ], [ 12.381904006168188, 42.003377001141175, 0.0 ], [ 12.381932006168174, 42.003380001141196, 0.0 ], [ 12.381961006168165, 42.003384001141178, 0.0 ], [ 12.381988006168154, 42.003388001141182, 0.0 ], [ 12.382010006168152, 42.00339300114117, 0.0 ], [ 12.382033006168141, 42.003398001141186, 0.0 ], [ 12.38206200616813, 42.003406001141173, 0.0 ], [ 12.381848006168228, 42.003559001141191, 0.0 ], [ 12.381288006168466, 42.003945001141155, 0.0 ], [ 12.381220006168498, 42.003994001141166, 0.0 ], [ 12.381189006168515, 42.004017001141143, 0.0 ], [ 12.381155006168528, 42.004045001141172, 0.0 ], [ 12.38112500616854, 42.004073001141144, 0.0 ], [ 12.381091006168557, 42.004104001141172, 0.0 ], [ 12.381029006168582, 42.004174001141152, 0.0 ], [ 12.381025006168588, 42.00417800114117, 0.0 ], [ 12.380997006168609, 42.004212001141177, 0.0 ], [ 12.38096800616861, 42.004252001141175, 0.0 ], [ 12.380945006168627, 42.004285001141163, 0.0 ], [ 12.38092000616864, 42.004324001141136, 0.0 ], [ 12.380466006168888, 42.005128001141109, 0.0 ], [ 12.380368006168945, 42.005300001141094, 0.0 ], [ 12.38027500616899, 42.005463001141102, 0.0 ], [ 12.38014200616907, 42.005694001141066, 0.0 ], [ 12.380014006169143, 42.005918001141062, 0.0 ], [ 12.379982006169154, 42.005973001141051, 0.0 ], [ 12.379863006169218, 42.006173001141036, 0.0 ], [ 12.379845006169225, 42.006205001141055, 0.0 ], [ 12.379829006169233, 42.006239001141047, 0.0 ], [ 12.379812006169244, 42.006276001141039, 0.0 ], [ 12.37979500616926, 42.00631400114105, 0.0 ], [ 12.379770006169281, 42.006385001141041, 0.0 ], [ 12.37975500616929, 42.00644200114106, 0.0 ], [ 12.379743006169301, 42.006520001141006, 0.0 ], [ 12.379730006169332, 42.006733001141008, 0.0 ], [ 12.379738006169344, 42.006884001141003, 0.0 ], [ 12.379734006169382, 42.007248001140965, 0.0 ], [ 12.3797270061694, 42.007340001140946, 0.0 ], [ 12.379712006169413, 42.007434001140965, 0.0 ], [ 12.379704006169424, 42.007478001140939, 0.0 ], [ 12.379686006169432, 42.007547001140928, 0.0 ], [ 12.379656006169446, 42.007641001140954, 0.0 ], [ 12.37962000616948, 42.007731001140925, 0.0 ], [ 12.379511006169542, 42.007976001140932, 0.0 ], [ 12.37947800616956, 42.008036001140916, 0.0 ], [ 12.379066006169788, 42.008805001140871, 0.0 ], [ 12.378817006169937, 42.009283001140837, 0.0 ], [ 12.378687006170006, 42.009534001140842, 0.0 ], [ 12.378555006170076, 42.009758001140803, 0.0 ], [ 12.378230006170254, 42.010292001140755, 0.0 ], [ 12.37768700617052, 42.010971001140746, 0.0 ], [ 12.377624006170555, 42.011068001140785, 0.0 ], [ 12.377596006170572, 42.011116001140785, 0.0 ], [ 12.377567006170585, 42.011174001140738, 0.0 ], [ 12.377542006170602, 42.01123800114074, 0.0 ], [ 12.377499006170636, 42.011384001140719, 0.0 ], [ 12.377421006170694, 42.011708001140711, 0.0 ], [ 12.377302006170801, 42.012278001140686, 0.0 ], [ 12.377291006170809, 42.012326001140686, 0.0 ], [ 12.377234006170868, 42.012669001140644, 0.0 ], [ 12.377175006170923, 42.01295600114063, 0.0 ], [ 12.37714000617096, 42.0132240011406, 0.0 ], [ 12.377114006171011, 42.013596001140577, 0.0 ], [ 12.377092006171065, 42.014024001140527, 0.0 ], [ 12.377080006171091, 42.014191001140546, 0.0 ], [ 12.377056006171124, 42.014407001140519, 0.0 ], [ 12.377021006171157, 42.014623001140485, 0.0 ], [ 12.376966006171198, 42.014841001140468, 0.0 ], [ 12.376954006171212, 42.014889001140496, 0.0 ], [ 12.376898006171261, 42.015117001140446, 0.0 ], [ 12.376848006171301, 42.015349001140443, 0.0 ], [ 12.376813006171334, 42.015538001140428, 0.0 ], [ 12.376797006171342, 42.015627001140423, 0.0 ], [ 12.376775006171368, 42.015747001140426, 0.0 ], [ 12.376745006171399, 42.015912001140414, 0.0 ], [ 12.376732006171412, 42.015984001140403, 0.0 ], [ 12.376716006171424, 42.016132001140377, 0.0 ], [ 12.376694006171459, 42.016326001140378, 0.0 ], [ 12.376648006171525, 42.016731001140329, 0.0 ], [ 12.37664000617154, 42.016871001140331, 0.0 ], [ 12.376636006171557, 42.017016001140291, 0.0 ], [ 12.37663700617157, 42.017199001140291, 0.0 ], [ 12.376643006171589, 42.017387001140271, 0.0 ], [ 12.376650006171612, 42.017607001140277, 0.0 ], [ 12.376665006171633, 42.017826001140271, 0.0 ], [ 12.376682006171654, 42.018017001140244, 0.0 ], [ 12.376706006171661, 42.0182060011402, 0.0 ], [ 12.376760006171693, 42.018626001140177, 0.0 ], [ 12.376776006171692, 42.018725001140176, 0.0 ], [ 12.376834006171714, 42.019090001140142, 0.0 ], [ 12.37684800617172, 42.01921600114013, 0.0 ], [ 12.376852006171722, 42.019252001140131, 0.0 ], [ 12.376874006171739, 42.019461001140129, 0.0 ], [ 12.376870006171744, 42.019562001140095, 0.0 ], [ 12.376863006171765, 42.019747001140068, 0.0 ], [ 12.376862006171773, 42.019780001140077, 0.0 ], [ 12.376866006171786, 42.019858001140072, 0.0 ], [ 12.376863006171805, 42.020033001140064, 0.0 ], [ 12.376861006171826, 42.020205001140049, 0.0 ], [ 12.376859006171841, 42.020402001140035, 0.0 ], [ 12.37684200617189, 42.020772001140031, 0.0 ], [ 12.376830006171931, 42.021047001139991, 0.0 ], [ 12.376809006171984, 42.021491001139943, 0.0 ], [ 12.376804006171998, 42.021615001139914, 0.0 ], [ 12.376801006172009, 42.02172400113993, 0.0 ], [ 12.376797006172028, 42.021898001139931, 0.0 ], [ 12.376752006172159, 42.022983001139856, 0.0 ], [ 12.37673200617221, 42.023336001139796, 0.0 ], [ 12.376718006172245, 42.023692001139764, 0.0 ], [ 12.376712006172271, 42.023836001139756, 0.0 ], [ 12.376703006172274, 42.023920001139757, 0.0 ], [ 12.376691006172296, 42.023998001139766, 0.0 ], [ 12.376420006172541, 42.02537800113965, 0.0 ], [ 12.376380006172575, 42.025517001139626, 0.0 ], [ 12.37613100617272, 42.026073001139601, 0.0 ], [ 12.375925006172844, 42.026492001139587, 0.0 ], [ 12.375593006173034, 42.027180001139556, 0.0 ], [ 12.375511006173088, 42.027445001139526, 0.0 ], [ 12.375486006173103, 42.027553001139495, 0.0 ], [ 12.375460006173133, 42.0276690011395, 0.0 ], [ 12.375395006173203, 42.028050001139505, 0.0 ], [ 12.375370006173229, 42.028216001139455, 0.0 ] ] } },
{ "type": "Feature", "properties": { "EntityHand": "21EBF", "length_m": 442.10933065004849, "coverage_pct": 63.063237855193698 }, "geometry": { "type": "LineString", "coordinates": [ [ 12.465864006130749, 41.937816001142544, 0.0 ], [ 12.465920006130668, 41.937209001142612, 0.0 ], [ 12.466044006130581, 41.936865001142628, 0.0 ], [ 12.466151006130525, 41.936693001142658, 0.0 ], [ 12.466404006130436, 41.936702001142621, 0.0 ], [ 12.466648006130352, 41.93669300114265, 0.0 ], [ 12.466647006130362, 41.936841001142632, 0.0 ], [ 12.466567006130425, 41.937155001142578, 0.0 ], [ 12.466382006130523, 41.937430001142594, 0.0 ], [ 12.46598800613072, 41.937884001142564, 0.0 ], [ 12.465864006130749, 41.937816001142544, 0.0 ] ] } },
{ "type": "Feature", "properties": { "EntityHand": "21ECC", "length_m": 2378.5085125127948, "coverage_pct": 42.285913135971263 }, "geometry": { "type": "LineString", "coordinates": [ [ 12.495528006126859, 42.001859001135948, 0.0 ], [ 12.495681006126771, 42.001555001135969, 0.0 ], [ 12.496262006126454, 42.000613001136003, 0.0 ], [ 12.49641600612637, 42.000320001136039, 0.0 ], [ 12.496746006126175, 41.999628001136074, 0.0 ], [ 12.496907006126071, 41.999218001136093, 0.0 ], [ 12.497033006125989, 41.998881001136112, 0.0 ], [ 12.497099006125932, 41.998645001136133, 0.0 ], [ 12.497194006125861, 41.99818400113616, 0.0 ], [ 12.497267006125774, 41.997719001136211, 0.0 ], [ 12.497302006125727, 41.997369001136235, 0.0 ], [ 12.497290006125711, 41.997146001136258, 0.0 ], [ 12.497257006125695, 41.996909001136267, 0.0 ], [ 12.49718500612569, 41.996662001136315, 0.0 ], [ 12.4971220061257, 41.996513001136307, 0.0 ], [ 12.497031006125709, 41.996323001136325, 0.0 ], [ 12.49673600612577, 41.995829001136407, 0.0 ], [ 12.496366006125831, 41.995170001136458, 0.0 ], [ 12.496042006125892, 41.994602001136514, 0.0 ], [ 12.495737006125944, 41.994078001136579, 0.0 ], [ 12.495484006125981, 41.99364500113662, 0.0 ], [ 12.495380006126011, 41.99345300113665, 0.0 ], [ 12.495220006126031, 41.993109001136681, 0.0 ], [ 12.495124006126044, 41.99286900113669, 0.0 ], [ 12.495044006126037, 41.992625001136723, 0.0 ], [ 12.494996006126041, 41.99242300113675, 0.0 ], [ 12.494965006126035, 41.992252001136777, 0.0 ], [ 12.49492200612602, 41.99200200113679, 0.0 ], [ 12.494902006125992, 41.991744001136816, 0.0 ], [ 12.494864006125971, 41.991300001136871, 0.0 ], [ 12.494856006125936, 41.991050001136884, 0.0 ], [ 12.494860006125913, 41.990853001136891, 0.0 ], [ 12.494883006125884, 41.990638001136894, 0.0 ], [ 12.494932006125843, 41.99042500113692, 0.0 ], [ 12.494982006125804, 41.990268001136911, 0.0 ], [ 12.495030006125772, 41.990122001136932, 0.0 ], [ 12.495143006125707, 41.989836001136929, 0.0 ], [ 12.495210006125653, 41.989596001136981, 0.0 ], [ 12.495258006125606, 41.989321001136972, 0.0 ], [ 12.49526000612558, 41.989137001137003, 0.0 ], [ 12.495240006125572, 41.988946001137009, 0.0 ], [ 12.495156006125567, 41.988652001137055, 0.0 ], [ 12.495044006125584, 41.988390001137084, 0.0 ], [ 12.494861006125623, 41.988116001137094, 0.0 ], [ 12.494544006125704, 41.987793001137163, 0.0 ], [ 12.494220006125792, 41.987541001137153, 0.0 ], [ 12.493420006126032, 41.987070001137262, 0.0 ] ] } },
{ "type": "Feature", "properties": { "EntityHand": "21F1F", "length_m": 326.49546651512281, "coverage_pct": 45.128904266663895 }, "geometry": { "type": "LineString", "coordinates": [ [ 12.493588006125579, 41.983441001137557, 0.0 ], [ 12.493618006125583, 41.98361200113753, 0.0 ], [ 12.4936330061256, 41.983808001137504, 0.0 ], [ 12.493666006125613, 41.984029001137479, 0.0 ], [ 12.493708006125635, 41.984334001137476, 0.0 ], [ 12.493720006125629, 41.98437600113747, 0.0 ], [ 12.493749006125634, 41.984482001137465, 0.0 ], [ 12.493854006125641, 41.984864001137424, 0.0 ], [ 12.493916006125641, 41.985088001137392, 0.0 ], [ 12.49398400612564, 41.985349001137372, 0.0 ], [ 12.494025006125648, 41.985594001137343, 0.0 ] ] } },
{ "type": "Feature", "properties": { "EntityHand": "21F2B", "length_m": 182.25388804776614, "coverage_pct": 20.089050182882438 }, "geometry": { "type": "LineString", "coordinates": [ [ 12.465793006130642, 41.936538001142694, 0.0 ], [ 12.465514006130739, 41.936470001142709, 0.0 ], [ 12.465027006130903, 41.936370001142713, 0.0 ], [ 12.464739006130999, 41.936305001142749, 0.0 ], [ 12.464767006130989, 41.936241001142761, 0.0 ], [ 12.46480900613096, 41.936163001142738, 0.0 ], [ 12.464968006130892, 41.936014001142766, 0.0 ], [ 12.465016006130869, 41.935968001142761, 0.0 ] ] } },
{ "type": "Feature", "properties": { "EntityHand": "21F54", "length_m": 584.92807385737206, "coverage_pct": 36.00903943912413 }, "geometry": { "type": "LineString", "coordinates": [ [ 12.468883006129778, 41.938914001142315, 0.0 ], [ 12.468509006129837, 41.93824200114242, 0.0 ], [ 12.468303006129904, 41.938114001142424, 0.0 ], [ 12.468040006129984, 41.937987001142446, 0.0 ], [ 12.467780006130067, 41.937914001142467, 0.0 ], [ 12.467401006130203, 41.937832001142496, 0.0 ], [ 12.467164006130279, 41.937780001142499, 0.0 ], [ 12.466961006130344, 41.937721001142535, 0.0 ], [ 12.466713006130433, 41.93763900114255, 0.0 ], [ 12.466485006130503, 41.937558001142605, 0.0 ], [ 12.466236006130581, 41.937462001142571, 0.0 ], [ 12.466126006130619, 41.937466001142575, 0.0 ], [ 12.466001006130666, 41.937421001142617, 0.0 ], [ 12.466071006130605, 41.937182001142588, 0.0 ], [ 12.466100006130596, 41.937104001142615, 0.0 ], [ 12.46610200613059, 41.93709800114263, 0.0 ], [ 12.466129006130569, 41.937025001142594, 0.0 ], [ 12.466179006130544, 41.936911001142647, 0.0 ], [ 12.46618200613054, 41.936854001142628, 0.0 ], [ 12.466185006130525, 41.936798001142627, 0.0 ], [ 12.466151006130525, 41.936693001142658, 0.0 ], [ 12.466404006130436, 41.936702001142621, 0.0 ], [ 12.466334006130459, 41.936652001142654, 0.0 ], [ 12.466222006130483, 41.936581001142642, 0.0 ] ] } },
{ "type": "Feature", "properties": { "EntityHand": "21F64", "length_m": 136.04100124075708, "coverage_pct": 77.080256504589073 }, "geometry": { "type": "LineString", "coordinates": [ [ 12.454874006134594, 41.936354001143194, 0.0 ], [ 12.455110006134479, 41.936114001143217, 0.0 ], [ 12.454807006134573, 41.935944001143241, 0.0 ], [ 12.454782006134586, 41.935987001143246, 0.0 ], [ 12.454775006134591, 41.936017001143242, 0.0 ], [ 12.454836006134594, 41.936265001143212, 0.0 ] ] } },
{ "type": "Feature", "properties": { "EntityHand": "21F8F", "length_m": 145.9834831400407, "coverage_pct": 45.918782078312617 }, "geometry": { "type": "LineString", "coordinates": [ [ 12.471546006129017, 41.94091300114205, 0.0 ], [ 12.471462006129054, 41.940948001142047, 0.0 ], [ 12.471388006129088, 41.940970001142055, 0.0 ], [ 12.471313006129117, 41.941017001142065, 0.0 ], [ 12.471264006129141, 41.941081001142066, 0.0 ], [ 12.471243006129155, 41.941128001142033, 0.0 ], [ 12.471139006129246, 41.941620001142027, 0.0 ], [ 12.471145006129252, 41.941658001142017, 0.0 ], [ 12.47116500612924, 41.941701001142015, 0.0 ], [ 12.471221006129227, 41.941753001142004, 0.0 ] ] } },
{ "type": "Feature", "properties": { "EntityHand": "21FA7", "length_m": 167.2899691791504, "coverage_pct": 75.17036435023094 }, "geometry": { "type": "LineString", "coordinates": [ [ 12.455259006134391, 41.93584000114322, 0.0 ], [ 12.45513600613444, 41.935845001143235, 0.0 ], [ 12.454974006134499, 41.935870001143229, 0.0 ], [ 12.454910006134524, 41.935886001143253, 0.0 ], [ 12.454840006134564, 41.935916001143248, 0.0 ], [ 12.454807006134573, 41.935944001143241, 0.0 ], [ 12.454250006134748, 41.935733001143255, 0.0 ], [ 12.453890006134866, 41.935620001143306, 0.0 ] ] } },
{ "type": "Feature", "properties": { "EntityHand": "21FC0", "length_m": 571.88493230235156, "coverage_pct": 74.771879242976453 }, "geometry": { "type": "LineString", "coordinates": [ [ 12.458183006131124, 41.915348001144764, 0.0 ], [ 12.458167006131097, 41.915095001144778, 0.0 ], [ 12.458160006131083, 41.914992001144775, 0.0 ], [ 12.458149006131066, 41.914695001144828, 0.0 ], [ 12.458134006131036, 41.914393001144838, 0.0 ], [ 12.458086006131051, 41.914388001144836, 0.0 ], [ 12.457843006131139, 41.914358001144862, 0.0 ], [ 12.457683006131189, 41.914316001144869, 0.0 ], [ 12.457920006131042, 41.913747001144884, 0.0 ], [ 12.458090006130972, 41.913610001144889, 0.0 ], [ 12.458100006130985, 41.913786001144885, 0.0 ], [ 12.458183006131124, 41.915348001144764, 0.0 ] ] } },
{ "type": "Feature", "properties": { "EntityHand": "21FCE", "length_m": 895.63400415368756, "coverage_pct": 59.377986456798659 }, "geometry": { "type": "LineString", "coordinates": [ [ 12.483006006120926, 41.904611001144481, 0.0 ], [ 12.483376006120798, 41.904710001144423, 0.0 ], [ 12.483394006120795, 41.904697001144449, 0.0 ], [ 12.484414006120334, 41.903850001144455, 0.0 ], [ 12.484645006120225, 41.903647001144464, 0.0 ], [ 12.485373006119891, 41.903009001144476, 0.0 ], [ 12.485546006119812, 41.902857001144504, 0.0 ], [ 12.485249006119913, 41.902782001144516, 0.0 ], [ 12.485098006119967, 41.902759001144531, 0.0 ], [ 12.484126006120295, 41.902513001144584, 0.0 ], [ 12.483965006120355, 41.902473001144607, 0.0 ], [ 12.48359400612047, 41.902380001144621, 0.0 ], [ 12.482513006120842, 41.902111001144696, 0.0 ], [ 12.481556006121156, 41.901874001144755, 0.0 ], [ 12.481418006121213, 41.90184000114477, 0.0 ] ] } },
{ "type": "Feature", "properties": { "EntityHand": "21FDD", "length_m": 404.41425746355088, "coverage_pct": 22.091567623066375 }, "geometry": { "type": "LineString", "coordinates": [ [ 12.447234006135997, 41.923688001144583, 0.0 ], [ 12.447341006135952, 41.923684001144579, 0.0 ], [ 12.447940006135736, 41.923664001144559, 0.0 ], [ 12.448025006135707, 41.923661001144552, 0.0 ], [ 12.448033006135718, 41.923773001144554, 0.0 ], [ 12.448045006135725, 41.923957001144537, 0.0 ], [ 12.44795900613577, 41.92396000114455, 0.0 ], [ 12.447355006135984, 41.923983001144563, 0.0 ], [ 12.446691006136229, 41.924007001144595, 0.0 ], [ 12.446658006136236, 41.924001001144575, 0.0 ], [ 12.446628006136244, 41.923989001144598, 0.0 ], [ 12.446599006136255, 41.923969001144584, 0.0 ], [ 12.446586006136259, 41.92394700114459, 0.0 ], [ 12.44656900613626, 41.9238670011446, 0.0 ], [ 12.44655600613625, 41.923797001144628, 0.0 ], [ 12.446560006136247, 41.923772001144606, 0.0 ], [ 12.446578006136235, 41.9237460011446, 0.0 ], [ 12.446606006136221, 41.923727001144599, 0.0 ], [ 12.446634006136215, 41.923717001144631, 0.0 ], [ 12.447165006136022, 41.923692001144609, 0.0 ], [ 12.447234006135997, 41.923688001144583, 0.0 ] ] } },
{ "type": "Feature", "properties": { "EntityHand": "21FEA", "length_m": 113.962368390162, "coverage_pct": 65.664797180302102 }, "geometry": { "type": "LineString", "coordinates": [ [ 12.467416006129515, 41.931578001143002, 0.0 ], [ 12.467569006129477, 41.931735001142989, 0.0 ], [ 12.467720006129431, 41.931770001143001, 0.0 ], [ 12.467788006129403, 41.931782001142977, 0.0 ], [ 12.467972006129335, 41.931821001142943, 0.0 ], [ 12.468301006129227, 41.931895001142948, 0.0 ] ] } },
{ "type": "Feature", "properties": { "EntityHand": "21FFB", "length_m": 241.73182151521434, "coverage_pct": 44.302854760701955 }, "geometry": { "type": "LineString", "coordinates": [ [ 12.509760006115231, 41.942487001140151, 0.0 ], [ 12.509179006115431, 41.942330001140164, 0.0 ], [ 12.508989006115495, 41.942291001140184, 0.0 ], [ 12.508788006115566, 41.942274001140177, 0.0 ], [ 12.508611006115641, 41.942299001140206, 0.0 ], [ 12.508417006115709, 41.942344001140199, 0.0 ], [ 12.508177006115812, 41.942482001140199, 0.0 ], [ 12.507861006115954, 41.942738001140192, 0.0 ] ] } },
{ "type": "Feature", "properties": { "EntityHand": "22006", "length_m": 994.16361353689001, "coverage_pct": 60.470540754899083 }, "geometry": { "type": "LineString", "coordinates": [ [ 12.51339000611415, 41.944747001139788, 0.0 ], [ 12.513188006114182, 41.944337001139807, 0.0 ], [ 12.512956006114221, 41.94397000113986, 0.0 ], [ 12.512662006114301, 41.943690001139913, 0.0 ], [ 12.512328006114398, 41.943460001139933, 0.0 ], [ 12.512040006114491, 41.943326001139958, 0.0 ], [ 12.5120110061145, 41.943312001139958, 0.0 ], [ 12.51181500611456, 41.943221001139989, 0.0 ], [ 12.511061006114804, 41.942910001140056, 0.0 ], [ 12.510333006115033, 41.942546001140101, 0.0 ], [ 12.51021000611507, 41.942480001140112, 0.0 ], [ 12.509627006115247, 41.942169001140151, 0.0 ], [ 12.509263006115367, 41.941972001140229, 0.0 ], [ 12.508954006115456, 41.941775001140236, 0.0 ], [ 12.508827006115489, 41.94166200114023, 0.0 ], [ 12.508758006115496, 41.941552001140266, 0.0 ], [ 12.508662006115513, 41.941326001140276, 0.0 ], [ 12.508632006115489, 41.941052001140299, 0.0 ], [ 12.5084580061156, 41.941450001140282, 0.0 ], [ 12.508400006115634, 41.941583001140259, 0.0 ], [ 12.508298006115698, 41.941826001140228, 0.0 ], [ 12.508227006115746, 41.942008001140245, 0.0 ], [ 12.50815400611579, 41.94219300114024, 0.0 ], [ 12.508116006115808, 41.942292001140217, 0.0 ] ] } },
{ "type": "Feature", "properties": { "EntityHand": "2200A", "length_m": 258.4563404844709, "coverage_pct": 50.66187724879476 }, "geometry": { "type": "LineString", "coordinates": [ [ 12.473252006117686, 41.841500001150074, 0.0 ], [ 12.47349000611759, 41.841394001150071, 0.0 ], [ 12.473686006117509, 41.841280001150061, 0.0 ], [ 12.473856006117426, 41.841143001150094, 0.0 ], [ 12.473978006117372, 41.840985001150074, 0.0 ], [ 12.474045006117327, 41.840810001150075, 0.0 ], [ 12.474070006117294, 41.840638001150076, 0.0 ], [ 12.474060006117281, 41.840415001150099, 0.0 ], [ 12.473977006117261, 41.840029001150135, 0.0 ] ] } },
{ "type": "Feature", "properties": { "EntityHand": "22017", "length_m": 457.71427889135367, "coverage_pct": 26.222857241736953 }, "geometry": { "type": "LineString", "coordinates": [ [ 12.467185006119198, 41.834996001150877, 0.0 ], [ 12.467338006119128, 41.834952001150867, 0.0 ], [ 12.467501006119072, 41.834905001150858, 0.0 ], [ 12.467700006118992, 41.834848001150867, 0.0 ], [ 12.467844006118938, 41.834807001150843, 0.0 ], [ 12.467883006118919, 41.834795001150844, 0.0 ], [ 12.46865300611862, 41.834573001150829, 0.0 ], [ 12.468877006118532, 41.834509001150828, 0.0 ], [ 12.468980006118484, 41.834479001150825, 0.0 ], [ 12.469029006118483, 41.834579001150829, 0.0 ], [ 12.467936006118912, 41.834891001150844, 0.0 ], [ 12.467894006118929, 41.83490200115083, 0.0 ], [ 12.467749006118986, 41.834943001150847, 0.0 ], [ 12.467235006119187, 41.835083001150828, 0.0 ], [ 12.467185006119198, 41.834996001150877, 0.0 ] ] } },
{ "type": "Feature", "properties": { "EntityHand": "2201C", "length_m": 253.04620423686535, "coverage_pct": 79.277828153141598 }, "geometry": { "type": "LineString", "coordinates": [ [ 12.472976006118298, 41.846259001149697, 0.0 ], [ 12.473014006118287, 41.846300001149679, 0.0 ], [ 12.473138006118257, 41.846394001149662, 0.0 ], [ 12.473245006118232, 41.846544001149653, 0.0 ], [ 12.473430006118202, 41.84685800114962, 0.0 ], [ 12.473325006118234, 41.846791001149626, 0.0 ], [ 12.473178006118275, 41.84669300114966, 0.0 ], [ 12.473005006118324, 41.846576001149664, 0.0 ], [ 12.472698006118415, 41.846415001149673, 0.0 ], [ 12.472364006118525, 41.846256001149733, 0.0 ] ] } },
{ "type": "Feature", "properties": { "EntityHand": "2201F", "length_m": 2220.98154867425, "coverage_pct": 45.252635341167455 }, "geometry": { "type": "LineString", "coordinates": [ [ 12.475192006116918, 41.84094200114999, 0.0 ], [ 12.475407006116836, 41.840862001150001, 0.0 ], [ 12.475560006116769, 41.840776001149997, 0.0 ], [ 12.475632006116733, 41.840689001150018, 0.0 ], [ 12.475648006116721, 41.840606001150029, 0.0 ], [ 12.475588006116723, 41.840460001150042, 0.0 ], [ 12.474998006116817, 41.839325001150151, 0.0 ], [ 12.474911006116818, 41.839050001150184, 0.0 ], [ 12.475091006116777, 41.839289001150142, 0.0 ], [ 12.475692006116683, 41.840443001150021, 0.0 ], [ 12.475797006116657, 41.84053400115004, 0.0 ], [ 12.475936006116616, 41.840590001150019, 0.0 ], [ 12.476096006116556, 41.840581001150007, 0.0 ], [ 12.476381006116444, 41.840486001149998, 0.0 ], [ 12.475885006116652, 41.840718001149988, 0.0 ], [ 12.475567006116774, 41.840844001149982, 0.0 ], [ 12.475192006116918, 41.84094200114999, 0.0 ], [ 12.475002006116995, 41.840993001150032, 0.0 ], [ 12.475163006116935, 41.84091800115003, 0.0 ], [ 12.475252006116886, 41.840866001149998, 0.0 ], [ 12.475377006116837, 41.840739001150013, 0.0 ], [ 12.475430006116804, 41.84063200115002, 0.0 ], [ 12.475429006116785, 41.840537001150032, 0.0 ], [ 12.475391006116782, 41.840393001150041, 0.0 ], [ 12.475182006116825, 41.840011001150096, 0.0 ], [ 12.474975006116864, 41.839627001150127, 0.0 ], [ 12.474919006116862, 41.839509001150134, 0.0 ], [ 12.47482200611689, 41.839437001150145, 0.0 ], [ 12.474722006116922, 41.839391001150162, 0.0 ], [ 12.474567006116983, 41.839395001150173, 0.0 ], [ 12.474459006117018, 41.839429001150194, 0.0 ], [ 12.474360006117074, 41.839502001150194, 0.0 ], [ 12.474321006117092, 41.839570001150186, 0.0 ], [ 12.474317006117102, 41.839688001150158, 0.0 ], [ 12.474407006117099, 41.839953001150128, 0.0 ], [ 12.474869006117022, 41.840847001150024, 0.0 ], [ 12.475136006116987, 41.841359001149982, 0.0 ], [ 12.475529006116926, 41.842118001149906, 0.0 ], [ 12.476058006116833, 41.843113001149796, 0.0 ], [ 12.476200006116812, 41.84331600114978, 0.0 ], [ 12.476352006116771, 41.843491001149765, 0.0 ], [ 12.476576006116712, 41.843683001149728, 0.0 ], [ 12.477047006116578, 41.844077001149678, 0.0 ], [ 12.477279006116515, 41.844227001149626, 0.0 ], [ 12.477676006116395, 41.844468001149622, 0.0 ], [ 12.477890006116331, 41.844607001149612, 0.0 ], [ 12.478097006116268, 41.844732001149559, 0.0 ], [ 12.478269006116218, 41.844853001149559, 0.0 ], [ 12.478364006116195, 41.844976001149512, 0.0 ], [ 12.478416006116191, 41.845109001149517, 0.0 ], [ 12.478476006116184, 41.845282001149521, 0.0 ], [ 12.478536006116185, 41.845432001149497, 0.0 ], [ 12.478602006116173, 41.845554001149495, 0.0 ], [ 12.478705006116146, 41.845651001149456, 0.0 ], [ 12.478820006116116, 41.84573600114944, 0.0 ] ] } },
{ "type": "Feature", "properties": { "EntityHand": "22029", "length_m": 645.85444983918148, "coverage_pct": 37.049174723778741 }, "geometry": { "type": "LineString", "coordinates": [ [ 12.466508006119172, 41.832552001151086, 0.0 ], [ 12.466420006119217, 41.832605001151116, 0.0 ], [ 12.466390006119227, 41.832652001151089, 0.0 ], [ 12.466422006119229, 41.83276000115108, 0.0 ], [ 12.466544006119209, 41.832999001151045, 0.0 ], [ 12.466672006119191, 41.833247001151037, 0.0 ], [ 12.466698006119183, 41.833291001151018, 0.0 ], [ 12.466758006119171, 41.833323001151015, 0.0 ], [ 12.46692600611911, 41.833344001151005, 0.0 ], [ 12.466782006119166, 41.833388001151008, 0.0 ], [ 12.466004006119476, 41.83361000115103, 0.0 ], [ 12.465920006119493, 41.833455001151044, 0.0 ], [ 12.465709006119525, 41.833038001151102, 0.0 ], [ 12.465599006119533, 41.832824001151089, 0.0 ], [ 12.465816006119455, 41.832757001151101, 0.0 ], [ 12.466342006119248, 41.832603001151099, 0.0 ], [ 12.466508006119172, 41.832552001151086, 0.0 ], [ 12.466642006119132, 41.832511001151111, 0.0 ], [ 12.467201006118904, 41.832339001151098, 0.0 ], [ 12.467428006118871, 41.832764001151027, 0.0 ] ] } },
{ "type": "Feature", "properties": { "EntityHand": "2203C", "length_m": 882.19978466926273, "coverage_pct": 77.628062029957363 }, "geometry": { "type": "LineString", "coordinates": [ [ 12.522796006104693, 41.889014001143885, 0.0 ], [ 12.522700006104738, 41.889071001143883, 0.0 ], [ 12.522568006104793, 41.889128001143867, 0.0 ], [ 12.522453006104842, 41.889177001143871, 0.0 ], [ 12.522415006104856, 41.889191001143878, 0.0 ], [ 12.523186006104655, 41.889972001143789, 0.0 ], [ 12.523367006104575, 41.889895001143792, 0.0 ], [ 12.52361000610448, 41.889780001143784, 0.0 ], [ 12.523650006104468, 41.889846001143802, 0.0 ], [ 12.523681006104463, 41.889898001143777, 0.0 ], [ 12.523811006104426, 41.890010001143743, 0.0 ], [ 12.523936006104393, 41.890097001143751, 0.0 ], [ 12.524108006104344, 41.890204001143729, 0.0 ], [ 12.524249006104293, 41.890281001143705, 0.0 ], [ 12.524437006104238, 41.890373001143701, 0.0 ], [ 12.524583006104185, 41.890432001143679, 0.0 ], [ 12.524785006104121, 41.890498001143683, 0.0 ], [ 12.524946006104074, 41.890539001143651, 0.0 ], [ 12.525184006103984, 41.890601001143644, 0.0 ], [ 12.525546006103864, 41.890694001143622, 0.0 ], [ 12.525741006103791, 41.890695001143627, 0.0 ], [ 12.524858006104093, 41.890466001143658, 0.0 ], [ 12.524588006104182, 41.89037700114369, 0.0 ], [ 12.524319006104268, 41.890262001143704, 0.0 ], [ 12.524145006104321, 41.890168001143735, 0.0 ], [ 12.52408200610434, 41.89013400114375, 0.0 ], [ 12.523834006104414, 41.889979001143764, 0.0 ], [ 12.523676006104456, 41.889839001143777, 0.0 ], [ 12.52361000610448, 41.889780001143784, 0.0 ], [ 12.523365006104545, 41.889565001143843, 0.0 ], [ 12.523234006104573, 41.889418001143845, 0.0 ] ] } },
{ "type": "Feature", "properties": { "EntityHand": "2205F", "length_m": 335.92299324710604, "coverage_pct": 67.05692210992909 }, "geometry": { "type": "LineString", "coordinates": [ [ 12.576158006080734, 41.848924001144674, 0.0 ], [ 12.576466006080635, 41.849089001144648, 0.0 ], [ 12.576593006080596, 41.84915700114464, 0.0 ], [ 12.57694600608048, 41.849343001144611, 0.0 ], [ 12.577113006080431, 41.849432001144585, 0.0 ], [ 12.5771760060804, 41.849387001144578, 0.0 ], [ 12.577267006080366, 41.849324001144595, 0.0 ], [ 12.577330006080331, 41.849281001144575, 0.0 ], [ 12.577485006080265, 41.849174001144583, 0.0 ], [ 12.577609006080218, 41.849092001144626, 0.0 ], [ 12.577792006080159, 41.849260001144557, 0.0 ], [ 12.57753900608027, 41.849405001144589, 0.0 ], [ 12.577413006080326, 41.849505001144585, 0.0 ], [ 12.577354006080359, 41.849552001144559, 0.0 ], [ 12.577113006080431, 41.849432001144585, 0.0 ] ] } },
{ "type": "Feature", "properties": { "EntityHand": "22088", "length_m": 8135.205441008944, "coverage_pct": 73.666355033301826 }, "geometry": { "type": "LineString", "coordinates": [ [ 12.502714006105366, 41.826834001149869, 0.0 ], [ 12.503008006105251, 41.826803001149862, 0.0 ], [ 12.503305006105144, 41.82680500114985, 0.0 ], [ 12.504152006104846, 41.826937001149787, 0.0 ], [ 12.504855006104602, 41.827049001149746, 0.0 ], [ 12.505456006104398, 41.827138001149748, 0.0 ], [ 12.505673006104315, 41.827173001149724, 0.0 ], [ 12.506150006104154, 41.827242001149685, 0.0 ], [ 12.506632006103985, 41.82729500114965, 0.0 ], [ 12.507135006103805, 41.82732300114963, 0.0 ], [ 12.507466006103682, 41.827325001149617, 0.0 ], [ 12.508295006103374, 41.827330001149598, 0.0 ], [ 12.509468006102949, 41.827337001149502, 0.0 ], [ 12.508941006103145, 41.827378001149562, 0.0 ], [ 12.508712006103234, 41.827393001149559, 0.0 ], [ 12.508436006103327, 41.827406001149555, 0.0 ], [ 12.508101006103452, 41.827404001149574, 0.0 ], [ 12.507579006103645, 41.827395001149604, 0.0 ], [ 12.507466006103684, 41.827392001149633, 0.0 ], [ 12.5071710061038, 41.827386001149627, 0.0 ], [ 12.506858006103904, 41.82738200114963, 0.0 ], [ 12.506545006104025, 41.827355001149648, 0.0 ], [ 12.506320006104101, 41.827330001149669, 0.0 ], [ 12.505975006104217, 41.827280001149703, 0.0 ], [ 12.505438006104407, 41.827202001149701, 0.0 ], [ 12.504845006104617, 41.827113001149741, 0.0 ], [ 12.504317006104799, 41.827033001149779, 0.0 ], [ 12.503804006104982, 41.826951001149823, 0.0 ], [ 12.503510006105078, 41.826907001149841, 0.0 ], [ 12.50330900610515, 41.826872001149837, 0.0 ], [ 12.50305300610524, 41.826850001149857, 0.0 ], [ 12.502714006105366, 41.826834001149869, 0.0 ], [ 12.502372006105492, 41.82687400114991, 0.0 ], [ 12.502020006105624, 41.826863001149931, 0.0 ], [ 12.50130000610587, 41.826716001149947, 0.0 ], [ 12.500606006106109, 41.82657900114998, 0.0 ], [ 12.499813006106381, 41.826428001150049, 0.0 ], [ 12.499054006106645, 41.826284001150078, 0.0 ], [ 12.498698006106768, 41.826219001150115, 0.0 ], [ 12.498306006106905, 41.826185001150144, 0.0 ], [ 12.498017006107009, 41.826192001150162, 0.0 ], [ 12.497712006107129, 41.826224001150159, 0.0 ], [ 12.497344006107266, 41.826290001150163, 0.0 ], [ 12.49738600610725, 41.826230001150172, 0.0 ], [ 12.497393006107236, 41.826155001150155, 0.0 ], [ 12.497355006107242, 41.826090001150185, 0.0 ], [ 12.497263006107266, 41.826053001150193, 0.0 ], [ 12.49710400610733, 41.826063001150189, 0.0 ], [ 12.496940006107398, 41.826094001150217, 0.0 ], [ 12.49663000610752, 41.826147001150225, 0.0 ], [ 12.496390006107616, 41.826211001150227, 0.0 ], [ 12.496100006107719, 41.82629000115022, 0.0 ], [ 12.495726006107864, 41.826361001150225, 0.0 ], [ 12.495661006107889, 41.826373001150245, 0.0 ], [ 12.495460006107969, 41.826390001150259, 0.0 ], [ 12.495342006108007, 41.826400001150247, 0.0 ], [ 12.494612006108277, 41.826390001150308, 0.0 ], [ 12.494226006108414, 41.826386001150297, 0.0 ], [ 12.493705006108609, 41.826375001150339, 0.0 ], [ 12.493198006108786, 41.826382001150336, 0.0 ], [ 12.493067006108843, 41.826379001150386, 0.0 ], [ 12.492626006108997, 41.826363001150376, 0.0 ], [ 12.492190006109162, 41.826357001150406, 0.0 ], [ 12.491876006109271, 41.826353001150409, 0.0 ], [ 12.491268006109497, 41.826347001150452, 0.0 ], [ 12.49090100610962, 41.826338001150447, 0.0 ], [ 12.49052000610976, 41.826288001150502, 0.0 ], [ 12.490312006109827, 41.826202001150513, 0.0 ], [ 12.490128006109881, 41.82610900115052, 0.0 ], [ 12.489940006109947, 41.82598600115054, 0.0 ], [ 12.489788006109993, 41.825892001150557, 0.0 ], [ 12.489578006110055, 41.825847001150557, 0.0 ], [ 12.48929800611015, 41.825808001150577, 0.0 ], [ 12.488162006110541, 41.825597001150662, 0.0 ], [ 12.487867006110646, 41.825542001150659, 0.0 ], [ 12.48759200611074, 41.825510001150683, 0.0 ], [ 12.487332006110844, 41.825505001150695, 0.0 ], [ 12.487151006110912, 41.825541001150711, 0.0 ], [ 12.486906006111008, 41.825622001150712, 0.0 ], [ 12.486712006111086, 41.825717001150728, 0.0 ], [ 12.486550006111161, 41.8258100011507, 0.0 ], [ 12.486160006111321, 41.826033001150705, 0.0 ], [ 12.485774006111491, 41.826253001150711, 0.0 ], [ 12.48562200611155, 41.826314001150692, 0.0 ], [ 12.485430006111626, 41.826360001150732, 0.0 ], [ 12.484913006111814, 41.826367001150757, 0.0 ], [ 12.484660006111906, 41.826369001150759, 0.0 ], [ 12.484469006111979, 41.826392001150751, 0.0 ], [ 12.484199006112094, 41.826492001150775, 0.0 ], [ 12.48399200611218, 41.826624001150769, 0.0 ], [ 12.483216006112517, 41.827213001150767, 0.0 ], [ 12.483026006112608, 41.827321001150764, 0.0 ], [ 12.48287200611267, 41.827391001150758, 0.0 ], [ 12.482735006112719, 41.827442001150736, 0.0 ], [ 12.4825420061128, 41.82749000115075, 0.0 ], [ 12.482282006112898, 41.827527001150756, 0.0 ], [ 12.48208800611296, 41.827529001150779, 0.0 ], [ 12.481891006113038, 41.827506001150809, 0.0 ], [ 12.481797006113064, 41.827491001150804, 0.0 ], [ 12.481514006113169, 41.827446001150832, 0.0 ], [ 12.480898006113376, 41.827346001150836, 0.0 ], [ 12.480730006113445, 41.827342001150882, 0.0 ], [ 12.480703006113451, 41.827342001150861, 0.0 ], [ 12.480542006113515, 41.827363001150864, 0.0 ], [ 12.48046700611355, 41.82739000115086, 0.0 ], [ 12.480217006113646, 41.827483001150881, 0.0 ], [ 12.479649006113881, 41.827740001150858, 0.0 ], [ 12.479055006114123, 41.828001001150867, 0.0 ], [ 12.478992006114142, 41.828011001150891, 0.0 ], [ 12.478902006114179, 41.828022001150885, 0.0 ], [ 12.478843006114188, 41.827878001150921, 0.0 ], [ 12.478767006114198, 41.827694001150903, 0.0 ], [ 12.478724006114193, 41.827512001150929, 0.0 ], [ 12.478693006114179, 41.827309001150951, 0.0 ], [ 12.478679006114179, 41.82718500115098, 0.0 ], [ 12.478757006114083, 41.826600001151014, 0.0 ], [ 12.478874006113973, 41.825944001151058, 0.0 ], [ 12.478894006113952, 41.825835001151098, 0.0 ], [ 12.478816006113989, 41.825885001151086, 0.0 ], [ 12.478738006114018, 41.825939001151063, 0.0 ], [ 12.478645006114059, 41.82600500115106, 0.0 ], [ 12.478588006114078, 41.826044001151068, 0.0 ], [ 12.478534006114106, 41.826100001151055, 0.0 ], [ 12.478499006114131, 41.82617200115105, 0.0 ], [ 12.478487006114156, 41.826304001151058, 0.0 ], [ 12.47840600611417, 41.826297001151048, 0.0 ], [ 12.47837200611419, 41.826294001151048, 0.0 ], [ 12.478027006114306, 41.826266001151076, 0.0 ], [ 12.475700006115142, 41.826097001151183, 0.0 ], [ 12.475504006115212, 41.826103001151196, 0.0 ], [ 12.475334006115284, 41.826192001151206, 0.0 ], [ 12.474874006115463, 41.826329001151215, 0.0 ], [ 12.47408100611578, 41.826551001151216, 0.0 ], [ 12.472941006116237, 41.826891001151253, 0.0 ], [ 12.472866006116245, 41.82676400115124, 0.0 ], [ 12.472799006116258, 41.826633001151315, 0.0 ], [ 12.472219006116347, 41.825518001151408, 0.0 ], [ 12.472175006116355, 41.82543300115141, 0.0 ], [ 12.472123006116369, 41.825394001151437, 0.0 ], [ 12.47211100611637, 41.825380001151416, 0.0 ], [ 12.472078006116373, 41.825342001151419, 0.0 ], [ 12.472074006116376, 41.825320001151425, 0.0 ], [ 12.472076006116374, 41.825293001151429, 0.0 ], [ 12.471970006116409, 41.825290001151444, 0.0 ], [ 12.471918006116432, 41.825292001151446, 0.0 ], [ 12.471770006116484, 41.82529900115145, 0.0 ], [ 12.471547006116568, 41.825322001151477, 0.0 ], [ 12.471448006116601, 41.825290001151444, 0.0 ], [ 12.471389006116617, 41.825260001151449, 0.0 ], [ 12.471368006116624, 41.82523300115146, 0.0 ], [ 12.471336006116637, 41.825200001151487, 0.0 ], [ 12.471316006116638, 41.825155001151494, 0.0 ], [ 12.471308006116629, 41.825113001151458, 0.0 ], [ 12.47132600611662, 41.825054001151486, 0.0 ], [ 12.471395006116584, 41.824948001151505, 0.0 ], [ 12.471492006116538, 41.824867001151468, 0.0 ], [ 12.471618006116485, 41.824763001151489, 0.0 ], [ 12.471725006116429, 41.824662001151481, 0.0 ], [ 12.471814006116393, 41.824547001151494, 0.0 ], [ 12.471858006116364, 41.824456001151489, 0.0 ], [ 12.47187800611634, 41.824382001151506, 0.0 ], [ 12.471874006116332, 41.824279001151524, 0.0 ], [ 12.471842006116336, 41.824161001151523, 0.0 ], [ 12.471791006116339, 41.824023001151545, 0.0 ], [ 12.471722006116346, 41.823857001151559, 0.0 ], [ 12.471620006116348, 41.823564001151567, 0.0 ], [ 12.471367006116376, 41.822923001151644, 0.0 ], [ 12.471350006116378, 41.822897001151652, 0.0 ], [ 12.471250006116398, 41.822747001151662, 0.0 ], [ 12.469460006117098, 41.823224001151715, 0.0 ], [ 12.469512006117098, 41.823315001151713, 0.0 ], [ 12.469974006117013, 41.824120001151606, 0.0 ], [ 12.47011100611698, 41.824331001151606, 0.0 ], [ 12.470171006116974, 41.824423001151573, 0.0 ], [ 12.470245006116953, 41.824485001151579, 0.0 ], [ 12.470502006116874, 41.824612001151571, 0.0 ], [ 12.470720006116803, 41.824743001151525, 0.0 ], [ 12.470849006116779, 41.824891001151521, 0.0 ], [ 12.470879006116771, 41.824986001151494, 0.0 ], [ 12.470882006116781, 41.825074001151492, 0.0 ], [ 12.470865006116798, 41.825174001151488, 0.0 ], [ 12.470805006116835, 41.8253240011515, 0.0 ], [ 12.470740006116875, 41.825408001151501, 0.0 ], [ 12.470636006116919, 41.825488001151484, 0.0 ], [ 12.470586006116939, 41.825512001151495, 0.0 ], [ 12.470529006116958, 41.825539001151462, 0.0 ], [ 12.470450006117, 41.825568001151488, 0.0 ], [ 12.470356006117029, 41.825592001151485, 0.0 ], [ 12.470245006117072, 41.825604001151468, 0.0 ], [ 12.470016006117152, 41.825587001151497, 0.0 ], [ 12.469827006117228, 41.825578001151506, 0.0 ], [ 12.46958200611731, 41.825567001151519, 0.0 ], [ 12.469417006117368, 41.825582001151503, 0.0 ], [ 12.469260006117436, 41.825648001151507, 0.0 ], [ 12.469129006117496, 41.825704001151543, 0.0 ], [ 12.469074006117506, 41.825610001151539, 0.0 ], [ 12.46886700611754, 41.825255001151561, 0.0 ], [ 12.46859700611758, 41.824792001151636, 0.0 ], [ 12.468036006117673, 41.823712001151762, 0.0 ], [ 12.467988006117686, 41.823619001151791, 0.0 ], [ 12.469370006117137, 41.823249001151694, 0.0 ], [ 12.469460006117098, 41.823224001151715, 0.0 ], [ 12.469417006117103, 41.823141001151726, 0.0 ], [ 12.469399006117111, 41.823105001151724, 0.0 ], [ 12.469368006117113, 41.823028001151741, 0.0 ], [ 12.4693710061171, 41.82294400115174, 0.0 ], [ 12.46941300611708, 41.822855001151737, 0.0 ], [ 12.469490006117033, 41.822743001151728, 0.0 ], [ 12.46962000611698, 41.822601001151774, 0.0 ], [ 12.469710006116927, 41.822450001151758, 0.0 ], [ 12.469726006116915, 41.822342001151767, 0.0 ], [ 12.469700006116909, 41.822196001151767, 0.0 ], [ 12.469639006116889, 41.821828001151836, 0.0 ], [ 12.4695940061169, 41.821767001151841, 0.0 ], [ 12.46954400611691, 41.821722001151826, 0.0 ], [ 12.469484006116925, 41.821685001151863, 0.0 ], [ 12.469392006116955, 41.821649001151862, 0.0 ], [ 12.469310006116986, 41.821639001151823, 0.0 ], [ 12.469240006117012, 41.821643001151841, 0.0 ], [ 12.468894006117148, 41.82170200115187, 0.0 ], [ 12.468760006117197, 41.821766001151879, 0.0 ], [ 12.468691006117231, 41.821828001151864, 0.0 ], [ 12.468650006117258, 41.821952001151871, 0.0 ], [ 12.468557006117313, 41.82207700115184, 0.0 ], [ 12.468256006117441, 41.82229400115186, 0.0 ], [ 12.468112006117495, 41.822359001151852, 0.0 ], [ 12.467944006117566, 41.822413001151865, 0.0 ], [ 12.467803006117618, 41.82243100115187, 0.0 ], [ 12.467596006117697, 41.822417001151891, 0.0 ], [ 12.46732800611778, 41.822359001151881, 0.0 ], [ 12.467150006117844, 41.822302001151904, 0.0 ], [ 12.466467006118059, 41.822025001151943, 0.0 ] ] } },
{ "type": "Feature", "properties": { "EntityHand": "22092", "length_m": 179.14963042576935, "coverage_pct": 72.591457148835673 }, "geometry": { "type": "LineString", "coordinates": [ [ 12.52972200609355, 41.808980001150083, 0.0 ], [ 12.529714006093547, 41.808950001150087, 0.0 ], [ 12.529717006093552, 41.808914001150107, 0.0 ], [ 12.529724006093542, 41.808876001150075, 0.0 ], [ 12.529772006093513, 41.808811001150112, 0.0 ], [ 12.5298060060935, 41.808787001150087, 0.0 ], [ 12.529849006093484, 41.808765001150086, 0.0 ], [ 12.529893006093467, 41.80875200115009, 0.0 ], [ 12.529944006093453, 41.808744001150068, 0.0 ], [ 12.529978006093433, 41.808701001150055, 0.0 ], [ 12.530004006093415, 41.808671001150103, 0.0 ], [ 12.530050006093388, 41.808612001150088, 0.0 ], [ 12.5300580060934, 41.808672001150079, 0.0 ], [ 12.530063006093394, 41.80869400115008, 0.0 ], [ 12.530065006093396, 41.808707001150076, 0.0 ], [ 12.530074006093399, 41.808760001150063, 0.0 ], [ 12.530103006093382, 41.808771001150049, 0.0 ], [ 12.53013000609339, 41.808786001150082, 0.0 ], [ 12.530166006093372, 41.808814001150054, 0.0 ], [ 12.530192006093362, 41.808844001150057, 0.0 ], [ 12.530212006093366, 41.808880001150058, 0.0 ], [ 12.530220006093355, 41.808915001150027, 0.0 ], [ 12.53022000609336, 41.808952001150033, 0.0 ], [ 12.530210006093377, 41.808988001150048, 0.0 ], [ 12.530189006093384, 41.809022001150041, 0.0 ], [ 12.530163006093401, 41.809053001150033, 0.0 ], [ 12.530133006093411, 41.809078001150063, 0.0 ], [ 12.530086006093425, 41.809100001150028, 0.0 ], [ 12.53004300609345, 41.809112001150055, 0.0 ], [ 12.529991006093468, 41.809121001150054, 0.0 ], [ 12.529942006093487, 41.809120001150042, 0.0 ], [ 12.52989200609351, 41.809113001150052, 0.0 ] ] } },
{ "type": "Feature", "properties": { "EntityHand": "220AE", "length_m": 837.6906328263517, "coverage_pct": 78.750991863407592 }, "geometry": { "type": "LineString", "coordinates": [ [ 12.380517006155742, 41.883895001150968, 0.0 ], [ 12.381271006155519, 41.884271001150907, 0.0 ], [ 12.38288700615502, 41.885057001150763, 0.0 ], [ 12.383451006154846, 41.885316001150727, 0.0 ], [ 12.384252006154606, 41.88570100115065, 0.0 ], [ 12.385019006154366, 41.886051001150591, 0.0 ], [ 12.385381006154242, 41.886140001150544, 0.0 ], [ 12.385472006154213, 41.886154001150558, 0.0 ], [ 12.385562006154183, 41.886163001150557, 0.0 ], [ 12.385686006154133, 41.886167001150525, 0.0 ], [ 12.385800006154092, 41.886165001150538, 0.0 ], [ 12.385899006154059, 41.886159001150531, 0.0 ], [ 12.385972006154034, 41.88615000115054, 0.0 ], [ 12.386067006153995, 41.88613100115051, 0.0 ], [ 12.386164006153962, 41.886105001150533, 0.0 ], [ 12.386260006153924, 41.886075001150509, 0.0 ], [ 12.386452006153847, 41.885996001150502, 0.0 ], [ 12.386861006153667, 41.885792001150513, 0.0 ], [ 12.387012006153611, 41.885722001150519, 0.0 ] ] } },
{ "type": "Feature", "properties": { "EntityHand": "220B6", "length_m": 675.58002497462962, "coverage_pct": 61.889396890176798 }, "geometry": { "type": "LineString", "coordinates": [ [ 12.389715006152608, 41.885366001150423, 0.0 ], [ 12.389060006152878, 41.885665001150436, 0.0 ], [ 12.387764006153398, 41.886196001150466, 0.0 ], [ 12.387477006153503, 41.886248001150456, 0.0 ], [ 12.387392006153531, 41.886260001150454, 0.0 ], [ 12.387301006153571, 41.886268001150455, 0.0 ], [ 12.387228006153594, 41.886270001150471, 0.0 ], [ 12.387155006153622, 41.886268001150476, 0.0 ], [ 12.387100006153641, 41.886266001150467, 0.0 ], [ 12.387046006153652, 41.886259001150471, 0.0 ], [ 12.386984006153678, 41.886246001150475, 0.0 ], [ 12.386933006153694, 41.886223001150483, 0.0 ], [ 12.386875006153714, 41.886185001150487, 0.0 ], [ 12.386833006153722, 41.886144001150498, 0.0 ], [ 12.386795006153729, 41.88609200115048, 0.0 ], [ 12.386776006153726, 41.8860420011505, 0.0 ], [ 12.386773006153719, 41.885976001150496, 0.0 ], [ 12.386792006153708, 41.885911001150511, 0.0 ], [ 12.386822006153695, 41.885866001150504, 0.0 ], [ 12.386862006153681, 41.885828001150514, 0.0 ], [ 12.386919006153656, 41.885781001150512, 0.0 ], [ 12.387012006153611, 41.885722001150519, 0.0 ], [ 12.387236006153522, 41.885620001150514, 0.0 ], [ 12.387322006153489, 41.885587001150505, 0.0 ], [ 12.38740500615345, 41.885561001150506, 0.0 ], [ 12.387476006153429, 41.885546001150523, 0.0 ], [ 12.387546006153407, 41.885536001150506, 0.0 ], [ 12.387617006153372, 41.885530001150499, 0.0 ], [ 12.387687006153353, 41.8855270011505, 0.0 ], [ 12.387759006153331, 41.885531001150483, 0.0 ], [ 12.387830006153299, 41.885541001150486, 0.0 ], [ 12.38789800615328, 41.885558001150493, 0.0 ], [ 12.387965006153253, 41.885578001150478, 0.0 ], [ 12.388006006153248, 41.885595001150499, 0.0 ], [ 12.388049006153228, 41.885614001150458, 0.0 ], [ 12.388083006153222, 41.885632001150462, 0.0 ], [ 12.388118006153212, 41.885653001150473, 0.0 ], [ 12.388156006153197, 41.885682001150492, 0.0 ], [ 12.38819500615319, 41.885714001150468, 0.0 ], [ 12.388231006153175, 41.885749001150458, 0.0 ], [ 12.388259006153168, 41.885786001150436, 0.0 ], [ 12.388573006153107, 41.886192001150405, 0.0 ], [ 12.388602006153098, 41.886254001150398, 0.0 ] ] } },
{ "type": "Feature", "properties": { "EntityHand": "220BD", "length_m": 373.59367344792474, "coverage_pct": 45.335606635363646 }, "geometry": { "type": "LineString", "coordinates": [ [ 12.381056006158973, 41.915549001148378, 0.0 ], [ 12.38134500615886, 41.915456001148364, 0.0 ], [ 12.381699006158717, 41.915358001148348, 0.0 ], [ 12.381813006158678, 41.915323001148352, 0.0 ], [ 12.381910006158634, 41.915288001148348, 0.0 ], [ 12.382015006158591, 41.915246001148347, 0.0 ], [ 12.382115006158548, 41.915204001148339, 0.0 ], [ 12.383481006157997, 41.914540001148325, 0.0 ], [ 12.383603006157946, 41.91447500114834, 0.0 ], [ 12.383693006157907, 41.914425001148345, 0.0 ], [ 12.383929006157807, 41.914282001148365, 0.0 ] ] } },
{ "type": "Feature", "properties": { "EntityHand": "220D2", "length_m": 80.999985446949552, "coverage_pct": 43.041911850224764 }, "geometry": { "type": "LineString", "coordinates": [ [ 12.437170006140976, 41.936019001144082, 0.0 ], [ 12.437163006140988, 41.936068001144072, 0.0 ], [ 12.437157006140987, 41.93609100114405, 0.0 ], [ 12.437148006140996, 41.93611400114407, 0.0 ], [ 12.437136006140999, 41.936134001144055, 0.0 ], [ 12.437120006141004, 41.936154001144054, 0.0 ], [ 12.437079006141026, 41.93619600114404, 0.0 ], [ 12.436795006141148, 41.936429001144035, 0.0 ], [ 12.436766006141164, 41.936454001144043, 0.0 ] ] } }
]
}
